timestamp,vin,charge_status,ac_input_voltage,ac_input_current,obc_charge_power_kw,obc_output_voltage,obc_output_current,obc_temperature,pack_voltage,pack_current,soc,cell_temp_max,insulation_resistance,alarm_level,dtc_active
2026-08-15T09:00:00,LSVA0000DEMO00001,1,221.1,30.9,6.458,398.2,16.22,44.8,397.75,-15.89,55.0,32.1,2495.0,0,
2026-08-15T09:00:01,LSVA0000DEMO00001,1,220.6,31.28,6.537,397.94,16.43,44.9,398.03,-16.1,55.0,32.0,2496.0,0,
2026-08-15T09:00:02,LSVA0000DEMO00001,1,221.0,31.47,6.578,398.26,16.52,45.0,397.95,-16.19,55.01,32.0,2479.0,0,
2026-08-15T09:00:03,LSVA0000DEMO00001,1,220.2,32.38,6.767,398.61,16.98,45.4,398.23,-16.64,55.01,31.9,2493.0,0,
2026-08-15T09:00:04,LSVA0000DEMO00001,1,220.7,31.82,6.65,397.91,16.71,45.1,397.53,-16.38,55.01,32.0,2506.0,0,
2026-08-15T09:00:05,LSVA0000DEMO00001,1,219.6,31.1,6.499,397.91,16.33,44.9,397.74,-16.01,55.02,32.0,2496.0,0,
2026-08-15T09:00:06,LSVA0000DEMO00001,1,219.6,31.85,6.656,398.63,16.7,45.2,397.51,-16.36,55.02,32.1,2477.0,0,
2026-08-15T09:00:07,LSVA0000DEMO00001,1,218.4,31.05,6.489,398.31,16.29,45.1,397.92,-15.96,55.02,32.0,2543.0,0,
2026-08-15T09:00:08,LSVA0000DEMO00001,1,220.7,32.01,6.69,397.81,16.82,45.2,398.36,-16.48,55.02,31.9,2504.0,0,
2026-08-15T09:00:09,LSVA0000DEMO00001,1,220.9,31.45,6.573,398.22,16.51,45.3,397.85,-16.18,55.03,32.2,2502.0,0,
2026-08-15T09:00:10,LSVA0000DEMO00001,1,219.7,31.56,6.596,397.81,16.58,45.4,397.85,-16.25,55.03,32.0,2484.0,0,
2026-08-15T09:00:11,LSVA0000DEMO00001,1,219.8,32.1,6.709,397.81,16.87,45.2,398.26,-16.53,55.03,32.0,2504.0,0,
2026-08-15T09:00:12,LSVA0000DEMO00001,1,219.5,31.13,6.506,398.1,16.34,45.5,398.32,-16.02,55.04,32.1,2498.0,0,
2026-08-15T09:00:13,LSVA0000DEMO00001,1,220.2,31.02,6.483,397.23,16.32,45.4,397.97,-15.99,55.04,31.9,2472.0,0,
2026-08-15T09:00:14,LSVA0000DEMO00001,1,220.7,31.33,6.549,397.31,16.48,45.1,398.21,-16.15,55.04,32.1,2484.0,0,
2026-08-15T09:00:15,LSVA0000DEMO00001,1,219.0,31.99,6.686,397.78,16.81,45.7,397.68,-16.47,55.05,32.1,2512.0,0,
2026-08-15T09:00:16,LSVA0000DEMO00001,1,220.2,31.0,6.479,397.59,16.3,45.4,398.41,-15.97,55.05,32.2,2529.0,0,
2026-08-15T09:00:17,LSVA0000DEMO00001,1,219.8,30.54,6.383,398.13,16.03,45.1,398.64,-15.71,55.05,32.0,2506.0,0,
2026-08-15T09:00:18,LSVA0000DEMO00001,1,220.1,31.41,6.565,397.64,16.51,45.7,398.16,-16.18,55.05,32.0,2517.0,0,
2026-08-15T09:00:19,LSVA0000DEMO00001,1,220.3,31.78,6.641,397.44,16.71,45.8,397.37,-16.38,55.06,32.0,2498.0,0,
2026-08-15T09:00:20,LSVA0000DEMO00001,1,219.9,32.12,6.712,398.59,16.84,45.3,397.83,-16.5,55.06,32.1,2499.0,0,
2026-08-15T09:00:21,LSVA0000DEMO00001,1,219.9,31.43,6.568,397.91,16.51,45.3,398.18,-16.18,55.06,31.9,2516.0,0,
2026-08-15T09:00:22,LSVA0000DEMO00001,1,219.9,31.46,6.574,398.03,16.52,45.4,397.87,-16.19,55.07,32.0,2525.0,0,
2026-08-15T09:00:23,LSVA0000DEMO00001,1,220.6,32.01,6.689,397.43,16.83,45.6,398.38,-16.49,55.07,31.9,2520.0,0,
2026-08-15T09:00:24,LSVA0000DEMO00001,1,220.3,30.88,6.454,397.78,16.23,45.7,398.18,-15.9,55.07,32.1,2484.0,0,
2026-08-15T09:00:25,LSVA0000DEMO00001,1,220.1,31.47,6.577,398.04,16.52,45.6,397.79,-16.19,55.08,31.8,2499.0,0,
2026-08-15T09:00:26,LSVA0000DEMO00001,1,219.2,31.65,6.614,397.54,16.64,45.5,398.01,-16.31,55.08,31.9,2504.0,0,
2026-08-15T09:00:27,LSVA0000DEMO00001,1,219.8,31.79,6.645,398.15,16.69,45.8,397.73,-16.36,55.08,32.1,2496.0,0,
2026-08-15T09:00:28,LSVA0000DEMO00001,1,220.5,31.4,6.562,397.76,16.5,45.4,397.95,-16.17,55.09,32.0,2506.0,0,
2026-08-15T09:00:29,LSVA0000DEMO00001,1,220.0,31.62,6.608,397.88,16.61,45.7,397.83,-16.27,55.09,31.9,2512.0,0,
2026-08-15T09:00:30,LSVA0000DEMO00001,1,220.4,30.65,6.405,397.76,16.1,45.5,398.35,-15.78,55.09,32.2,2515.0,0,
2026-08-15T09:00:31,LSVA0000DEMO00001,1,221.1,31.42,6.567,398.74,16.47,45.6,398.63,-16.14,55.09,32.1,2525.0,0,
2026-08-15T09:00:32,LSVA0000DEMO00001,1,220.6,31.78,6.643,397.99,16.69,45.5,397.57,-16.36,55.1,32.1,2495.0,0,
2026-08-15T09:00:33,LSVA0000DEMO00001,1,220.1,31.2,6.522,397.58,16.4,45.6,397.42,-16.08,55.1,32.0,2480.0,0,
2026-08-15T09:00:34,LSVA0000DEMO00001,1,219.7,31.66,6.617,398.33,16.61,45.5,397.93,-16.28,55.1,32.3,2505.0,0,
2026-08-15T09:00:35,LSVA0000DEMO00001,1,218.5,31.74,6.634,397.51,16.69,45.9,397.54,-16.36,55.11,32.0,2528.0,0,
2026-08-15T09:00:36,LSVA0000DEMO00001,1,219.9,31.49,6.581,398.08,16.53,45.5,398.01,-16.2,55.11,32.2,2493.0,0,
2026-08-15T09:00:37,LSVA0000DEMO00001,1,219.8,31.61,6.607,397.22,16.63,45.5,398.22,-16.3,55.11,32.1,2510.0,0,
2026-08-15T09:00:38,LSVA0000DEMO00001,1,220.2,31.2,6.521,397.47,16.41,46.1,398.45,-16.08,55.12,31.9,2510.0,0,
2026-08-15T09:00:39,LSVA0000DEMO00001,1,219.9,31.54,6.592,398.08,16.56,45.9,398.06,-16.23,55.12,32.1,2503.0,0,
2026-08-15T09:00:40,LSVA0000DEMO00001,1,219.8,31.87,6.66,398.3,16.72,45.2,397.94,-16.39,55.12,32.1,2500.0,0,
2026-08-15T09:00:41,LSVA0000DEMO00001,1,218.9,31.68,6.62,398.07,16.63,45.6,397.41,-16.3,55.12,32.0,2486.0,0,
2026-08-15T09:00:42,LSVA0000DEMO00001,1,219.4,31.38,6.559,397.95,16.48,45.4,398.01,-16.15,55.13,32.0,2466.0,0,
2026-08-15T09:00:43,LSVA0000DEMO00001,1,220.3,31.69,6.623,397.88,16.64,45.6,398.02,-16.31,55.13,32.1,2483.0,0,
2026-08-15T09:00:44,LSVA0000DEMO00001,1,221.0,31.84,6.654,397.41,16.74,45.1,398.19,-16.41,55.13,32.1,2494.0,0,
2026-08-15T09:00:45,LSVA0000DEMO00001,1,219.9,30.81,6.439,397.71,16.19,45.8,397.79,-15.87,55.14,31.8,2516.0,0,
2026-08-15T09:00:46,LSVA0000DEMO00001,1,220.2,32.04,6.696,397.82,16.83,45.6,397.87,-16.5,55.14,32.2,2498.0,0,
2026-08-15T09:00:47,LSVA0000DEMO00001,1,220.6,31.52,6.587,398.42,16.53,45.8,397.56,-16.2,55.14,32.0,2492.0,0,
2026-08-15T09:00:48,LSVA0000DEMO00001,1,219.5,31.78,6.643,398.14,16.69,45.5,397.31,-16.35,55.15,31.9,2487.0,0,
2026-08-15T09:00:49,LSVA0000DEMO00001,1,220.2,32.01,6.69,397.29,16.84,45.9,397.67,-16.5,55.15,32.2,2510.0,0,
2026-08-15T09:00:50,LSVA0000DEMO00001,1,219.6,31.1,6.5,398.13,16.33,45.8,397.53,-16.0,55.15,32.1,2520.0,0,
2026-08-15T09:00:51,LSVA0000DEMO00001,1,220.5,31.33,6.548,397.85,16.46,46.2,398.1,-16.13,55.16,32.2,2516.0,0,
2026-08-15T09:00:52,LSVA0000DEMO00001,1,220.1,31.48,6.579,397.73,16.54,46.2,397.84,-16.21,55.16,32.1,2509.0,0,
2026-08-15T09:00:53,LSVA0000DEMO00001,1,220.2,31.33,6.548,398.24,16.44,46.1,397.84,-16.11,55.16,32.1,2478.0,0,
2026-08-15T09:00:54,LSVA0000DEMO00001,1,219.5,32.31,6.752,398.41,16.95,45.9,397.7,-16.61,55.16,32.1,2495.0,0,
2026-08-15T09:00:55,LSVA0000DEMO00001,1,220.4,31.31,6.545,398.37,16.43,46.4,397.03,-16.1,55.17,32.1,2529.0,0,
2026-08-15T09:00:56,LSVA0000DEMO00001,1,221.3,31.37,6.557,397.66,16.49,45.7,398.45,-16.16,55.17,32.1,2517.0,0,
2026-08-15T09:00:57,LSVA0000DEMO00001,1,219.4,31.68,6.621,397.88,16.64,45.7,397.7,-16.31,55.17,32.0,2477.0,0,
2026-08-15T09:00:58,LSVA0000DEMO00001,1,219.8,31.16,6.513,398.13,16.36,46.0,397.88,-16.03,55.18,32.2,2499.0,0,
2026-08-15T09:00:59,LSVA0000DEMO00001,1,220.1,31.49,6.582,398.39,16.52,46.5,397.56,-16.19,55.18,32.1,2505.0,0,
2026-08-15T09:01:00,LSVA0000DEMO00001,1,220.5,31.72,6.629,397.81,16.66,46.0,398.29,-16.33,55.18,32.1,2489.0,0,
2026-08-15T09:01:01,LSVA0000DEMO00001,1,219.7,31.48,6.579,397.93,16.53,46.0,398.04,-16.2,55.19,32.2,2465.0,0,
2026-08-15T09:01:02,LSVA0000DEMO00001,1,218.3,31.54,6.592,397.56,16.58,45.8,397.75,-16.25,55.19,32.1,2501.0,0,
2026-08-15T09:01:03,LSVA0000DEMO00001,1,220.8,31.37,6.557,397.52,16.49,46.3,397.88,-16.16,55.19,32.1,2488.0,0,
2026-08-15T09:01:04,LSVA0000DEMO00001,1,220.5,31.06,6.492,398.33,16.3,46.3,398.5,-15.97,55.2,32.0,2488.0,0,
2026-08-15T09:01:05,LSVA0000DEMO00001,1,219.0,31.78,6.641,398.54,16.66,46.3,397.98,-16.33,55.2,32.2,2495.0,0,
2026-08-15T09:01:06,LSVA0000DEMO00001,1,219.6,32.28,6.746,397.97,16.95,46.0,397.95,-16.61,55.2,32.1,2498.0,0,
2026-08-15T09:01:07,LSVA0000DEMO00001,1,220.9,31.65,6.615,398.4,16.6,46.0,397.72,-16.27,55.2,32.2,2500.0,0,
2026-08-15T09:01:08,LSVA0000DEMO00001,1,220.9,31.71,6.627,398.14,16.65,45.9,397.43,-16.31,55.21,32.1,2487.0,0,
2026-08-15T09:01:09,LSVA0000DEMO00001,1,220.6,31.85,6.658,397.74,16.74,46.2,397.95,-16.4,55.21,32.1,2497.0,0,
2026-08-15T09:01:10,LSVA0000DEMO00001,1,219.9,31.14,6.508,398.14,16.35,46.0,398.1,-16.02,55.21,32.2,2474.0,0,
2026-08-15T09:01:11,LSVA0000DEMO00001,1,220.0,32.31,6.753,398.62,16.94,46.0,398.33,-16.6,55.22,32.1,2505.0,0,
2026-08-15T09:01:12,LSVA0000DEMO00001,1,219.9,31.69,6.623,397.99,16.64,46.2,397.33,-16.31,55.22,32.0,2457.0,0,
2026-08-15T09:01:13,LSVA0000DEMO00001,1,220.7,32.28,6.747,398.63,16.93,46.2,397.66,-16.59,55.22,32.3,2496.0,0,
2026-08-15T09:01:14,LSVA0000DEMO00001,1,219.5,31.25,6.531,396.95,16.45,46.2,397.83,-16.12,55.23,32.0,2514.0,0,
2026-08-15T09:01:15,LSVA0000DEMO00001,1,219.5,32.33,6.757,398.33,16.96,46.4,398.0,-16.62,55.23,32.2,2484.0,0,
2026-08-15T09:01:16,LSVA0000DEMO00001,1,220.6,31.91,6.669,398.03,16.76,46.3,397.96,-16.42,55.23,32.0,2511.0,0,
2026-08-15T09:01:17,LSVA0000DEMO00001,1,220.0,31.81,6.649,397.88,16.71,46.3,397.96,-16.38,55.23,32.3,2517.0,0,
2026-08-15T09:01:18,LSVA0000DEMO00001,1,220.8,31.7,6.626,398.04,16.65,46.4,398.12,-16.31,55.24,32.0,2450.0,0,
2026-08-15T09:01:19,LSVA0000DEMO00001,1,219.6,31.45,6.574,397.2,16.55,46.2,397.73,-16.22,55.24,32.2,2498.0,0,
2026-08-15T09:01:20,LSVA0000DEMO00001,1,220.0,32.06,6.701,397.91,16.84,46.4,398.28,-16.5,55.24,32.1,2457.0,0,
2026-08-15T09:01:21,LSVA0000DEMO00001,1,219.4,31.68,6.62,398.14,16.63,46.4,398.13,-16.3,55.25,32.1,2498.0,0,
2026-08-15T09:01:22,LSVA0000DEMO00001,1,220.0,30.91,6.46,398.59,16.21,46.1,397.9,-15.88,55.25,32.2,2500.0,0,
2026-08-15T09:01:23,LSVA0000DEMO00001,1,219.1,31.17,6.514,397.79,16.38,46.6,398.48,-16.05,55.25,32.2,2463.0,0,
2026-08-15T09:01:24,LSVA0000DEMO00001,1,219.7,31.52,6.587,397.68,16.56,46.3,398.47,-16.23,55.26,32.0,2529.0,0,
2026-08-15T09:01:25,LSVA0000DEMO00001,1,219.1,31.71,6.628,397.8,16.66,46.5,398.28,-16.33,55.26,32.1,2504.0,0,
2026-08-15T09:01:26,LSVA0000DEMO00001,1,220.4,31.62,6.608,398.37,16.59,46.7,397.09,-16.26,55.26,32.2,2487.0,0,
2026-08-15T09:01:27,LSVA0000DEMO00001,1,220.4,32.09,6.706,398.13,16.84,46.7,398.47,-16.51,55.27,32.0,2522.0,0,
2026-08-15T09:01:28,LSVA0000DEMO00001,1,219.0,30.85,6.448,397.79,16.21,46.5,398.24,-15.89,55.27,32.1,2473.0,0,
2026-08-15T09:01:29,LSVA0000DEMO00001,1,220.8,31.68,6.622,398.21,16.63,46.4,398.6,-16.3,55.27,32.5,2482.0,0,
2026-08-15T09:01:30,LSVA0000DEMO00001,1,221.5,30.92,6.463,398.04,16.24,46.7,398.37,-15.91,55.27,32.1,2466.0,0,
2026-08-15T09:01:31,LSVA0000DEMO00001,1,220.0,31.93,6.674,398.39,16.75,46.7,398.47,-16.42,55.28,32.3,2527.0,0,
2026-08-15T09:01:32,LSVA0000DEMO00001,1,219.6,31.55,6.595,397.72,16.58,46.4,398.26,-16.25,55.28,32.1,2505.0,0,
2026-08-15T09:01:33,LSVA0000DEMO00001,1,221.7,31.76,6.638,397.87,16.68,46.4,398.4,-16.35,55.28,32.2,2510.0,0,
2026-08-15T09:01:34,LSVA0000DEMO00001,1,219.2,31.27,6.535,397.84,16.43,46.2,398.6,-16.1,55.29,32.2,2505.0,0,
2026-08-15T09:01:35,LSVA0000DEMO00001,1,220.0,32.05,6.699,397.41,16.86,46.6,398.06,-16.52,55.29,32.3,2509.0,0,
2026-08-15T09:01:36,LSVA0000DEMO00001,1,220.1,32.02,6.692,398.12,16.81,46.6,397.53,-16.47,55.29,32.1,2501.0,0,
2026-08-15T09:01:37,LSVA0000DEMO00001,1,220.8,31.84,6.655,398.1,16.72,46.9,397.91,-16.38,55.3,32.4,2504.0,0,
2026-08-15T09:01:38,LSVA0000DEMO00001,1,220.2,31.56,6.597,398.0,16.57,46.7,398.12,-16.24,55.3,32.1,2502.0,0,
2026-08-15T09:01:39,LSVA0000DEMO00001,1,219.7,31.82,6.651,397.91,16.72,46.9,398.02,-16.38,55.3,32.2,2491.0,0,
2026-08-15T09:01:40,LSVA0000DEMO00001,1,219.4,31.3,6.541,397.43,16.46,46.5,397.63,-16.13,55.3,32.2,2499.0,0,
2026-08-15T09:01:41,LSVA0000DEMO00001,1,219.8,31.92,6.672,397.83,16.77,46.9,397.51,-16.44,55.31,32.1,2504.0,0,
2026-08-15T09:01:42,LSVA0000DEMO00001,1,219.4,32.23,6.736,397.86,16.93,46.6,397.78,-16.59,55.31,32.1,2502.0,0,
2026-08-15T09:01:43,LSVA0000DEMO00001,1,220.0,31.99,6.687,397.68,16.81,46.9,398.24,-16.48,55.31,32.2,2478.0,0,
2026-08-15T09:01:44,LSVA0000DEMO00001,1,219.7,31.33,6.548,397.94,16.45,46.5,398.47,-16.12,55.32,32.1,2480.0,0,
2026-08-15T09:01:45,LSVA0000DEMO00001,1,219.1,31.76,6.638,398.16,16.67,46.8,398.27,-16.34,55.32,32.4,2516.0,0,
2026-08-15T09:01:46,LSVA0000DEMO00001,1,220.8,31.18,6.516,398.75,16.34,46.4,398.32,-16.01,55.32,32.1,2495.0,0,
2026-08-15T09:01:47,LSVA0000DEMO00001,1,219.7,31.84,6.654,398.07,16.71,46.7,397.98,-16.38,55.33,32.3,2509.0,0,
2026-08-15T09:01:48,LSVA0000DEMO00001,1,219.2,31.79,6.644,398.1,16.69,46.9,397.48,-16.36,55.33,32.3,2484.0,0,
2026-08-15T09:01:49,LSVA0000DEMO00001,1,219.9,30.9,6.457,397.97,16.23,46.7,397.86,-15.9,55.33,32.2,2478.0,0,
2026-08-15T09:01:50,LSVA0000DEMO00001,1,220.0,31.11,6.502,397.23,16.37,46.6,397.92,-16.04,55.34,32.1,2487.0,0,
2026-08-15T09:01:51,LSVA0000DEMO00001,1,219.0,31.5,6.584,397.99,16.54,47.0,397.85,-16.21,55.34,32.1,2497.0,0,
2026-08-15T09:01:52,LSVA0000DEMO00001,1,220.2,31.5,6.583,398.02,16.54,46.9,398.02,-16.21,55.34,32.1,2490.0,0,
2026-08-15T09:01:53,LSVA0000DEMO00001,1,219.4,31.23,6.527,398.99,16.36,46.8,398.13,-16.03,55.34,32.0,2519.0,0,
2026-08-15T09:01:54,LSVA0000DEMO00001,1,221.0,31.75,6.636,397.92,16.68,46.9,398.26,-16.34,55.35,32.1,2503.0,0,
2026-08-15T09:01:55,LSVA0000DEMO00001,1,220.3,31.72,6.629,398.12,16.65,47.4,397.92,-16.32,55.35,32.0,2528.0,0,
2026-08-15T09:01:56,LSVA0000DEMO00001,1,219.8,31.54,6.591,397.99,16.56,47.2,397.43,-16.23,55.35,32.3,2506.0,0,
2026-08-15T09:01:57,LSVA0000DEMO00001,1,219.6,31.29,6.539,397.53,16.45,47.2,397.86,-16.12,55.36,32.3,2464.0,0,
2026-08-15T09:01:58,LSVA0000DEMO00001,1,219.9,32.05,6.698,398.46,16.81,47.1,398.01,-16.47,55.36,32.3,2516.0,0,
2026-08-15T09:01:59,LSVA0000DEMO00001,1,220.4,32.27,6.744,398.3,16.93,47.0,398.37,-16.59,55.36,32.3,2477.0,0,
2026-08-15T09:02:00,LSVA0000DEMO00001,1,220.0,31.45,6.574,398.32,16.5,46.5,397.83,-16.17,55.37,32.2,2503.0,0,
2026-08-15T09:02:01,LSVA0000DEMO00001,1,219.9,31.35,6.552,397.64,16.48,46.9,398.15,-16.15,55.37,32.3,2488.0,0,
2026-08-15T09:02:02,LSVA0000DEMO00001,1,220.0,31.84,6.655,398.56,16.7,46.9,398.09,-16.36,55.37,32.1,2532.0,0,
2026-08-15T09:02:03,LSVA0000DEMO00001,1,219.6,31.43,6.569,397.44,16.53,46.7,398.01,-16.2,55.37,32.2,2522.0,0,
2026-08-15T09:02:04,LSVA0000DEMO00001,1,219.8,31.58,6.6,398.23,16.57,46.8,398.28,-16.24,55.38,32.3,2489.0,0,
2026-08-15T09:02:05,LSVA0000DEMO00001,1,218.7,31.96,6.68,398.88,16.75,46.7,397.8,-16.41,55.38,32.1,2498.0,0,
2026-08-15T09:02:06,LSVA0000DEMO00001,1,220.6,30.85,6.448,397.6,16.22,47.1,397.83,-15.89,55.38,32.5,2504.0,0,
2026-08-15T09:02:07,LSVA0000DEMO00001,1,220.2,32.1,6.708,397.77,16.86,47.3,398.0,-16.53,55.39,32.2,2513.0,0,
2026-08-15T09:02:08,LSVA0000DEMO00001,1,219.5,31.64,6.613,398.04,16.61,47.3,397.81,-16.28,55.39,32.2,2500.0,0,
2026-08-15T09:02:09,LSVA0000DEMO00001,1,221.1,31.44,6.571,397.8,16.52,47.2,398.15,-16.19,55.39,32.3,2485.0,0,
2026-08-15T09:02:10,LSVA0000DEMO00001,1,220.1,31.53,6.589,397.38,16.58,47.0,397.79,-16.25,55.4,32.3,2489.0,0,
2026-08-15T09:02:11,LSVA0000DEMO00001,1,219.4,31.6,6.604,398.03,16.59,46.8,398.07,-16.26,55.4,32.2,2500.0,0,
2026-08-15T09:02:12,LSVA0000DEMO00001,1,220.5,30.92,6.462,397.58,16.25,46.8,397.97,-15.93,55.4,32.2,2519.0,0,
2026-08-15T09:02:13,LSVA0000DEMO00001,1,220.2,32.2,6.729,398.19,16.9,46.9,398.06,-16.56,55.41,32.1,2506.0,0,
2026-08-15T09:02:14,LSVA0000DEMO00001,1,220.2,31.6,6.604,397.63,16.61,47.0,397.86,-16.28,55.41,32.2,2488.0,0,
2026-08-15T09:02:15,LSVA0000DEMO00001,1,219.7,31.83,6.652,398.62,16.69,47.2,397.9,-16.35,55.41,32.3,2510.0,0,
2026-08-15T09:02:16,LSVA0000DEMO00001,1,220.3,31.95,6.677,397.69,16.79,47.0,398.03,-16.45,55.41,32.3,2494.0,0,
2026-08-15T09:02:17,LSVA0000DEMO00001,1,219.8,31.21,6.523,397.87,16.4,47.3,398.06,-16.07,55.42,32.4,2513.0,0,
2026-08-15T09:02:18,LSVA0000DEMO00001,1,220.3,31.82,6.65,398.33,16.69,47.2,398.0,-16.36,55.42,32.2,2538.0,0,
2026-08-15T09:02:19,LSVA0000DEMO00001,1,218.9,31.47,6.577,397.51,16.55,47.3,398.51,-16.22,55.42,32.1,2495.0,0,
2026-08-15T09:02:20,LSVA0000DEMO00001,1,219.7,31.94,6.676,398.09,16.77,47.5,397.7,-16.43,55.43,32.3,2512.0,0,
2026-08-15T09:02:21,LSVA0000DEMO00001,1,221.0,30.84,6.446,398.52,16.17,47.1,397.98,-15.85,55.43,32.4,2489.0,0,
2026-08-15T09:02:22,LSVA0000DEMO00001,1,219.5,31.52,6.588,397.36,16.58,47.4,397.53,-16.25,55.43,32.3,2498.0,0,
2026-08-15T09:02:23,LSVA0000DEMO00001,1,219.6,31.39,6.56,398.07,16.48,47.3,398.11,-16.15,55.44,32.2,2500.0,0,
2026-08-15T09:02:24,LSVA0000DEMO00001,1,219.7,31.78,6.643,398.1,16.69,47.3,397.67,-16.35,55.44,32.3,2497.0,0,
2026-08-15T09:02:25,LSVA0000DEMO00001,1,219.3,31.82,6.649,398.31,16.69,47.5,397.92,-16.36,55.44,32.6,2537.0,0,
2026-08-15T09:02:26,LSVA0000DEMO00001,1,218.7,31.3,6.542,397.51,16.46,47.6,397.89,-16.13,55.44,32.3,2495.0,0,
2026-08-15T09:02:27,LSVA0000DEMO00001,1,219.9,31.3,6.541,397.47,16.46,47.2,398.08,-16.13,55.45,32.1,2509.0,0,
2026-08-15T09:02:28,LSVA0000DEMO00001,1,220.1,31.59,6.601,398.21,16.58,47.4,397.83,-16.25,55.45,32.2,2471.0,0,
2026-08-15T09:02:29,LSVA0000DEMO00001,1,220.0,31.28,6.537,398.12,16.42,47.5,397.82,-16.09,55.45,32.3,2506.0,0,
2026-08-15T09:02:30,LSVA0000DEMO00001,1,219.9,31.94,6.676,398.1,16.77,47.4,398.43,-16.43,55.46,32.1,2517.0,0,
2026-08-15T09:02:31,LSVA0000DEMO00001,1,220.0,31.48,6.58,398.14,16.53,47.6,398.09,-16.2,55.46,32.3,2492.0,0,
2026-08-15T09:02:32,LSVA0000DEMO00001,1,220.6,30.48,6.371,397.73,16.02,47.5,397.83,-15.7,55.46,32.3,2462.0,0,
2026-08-15T09:02:33,LSVA0000DEMO00001,1,219.9,31.48,6.578,398.09,16.53,47.9,397.92,-16.19,55.47,32.4,2499.0,0,
2026-08-15T09:02:34,LSVA0000DEMO00001,1,219.7,31.23,6.526,398.12,16.39,47.2,398.49,-16.06,55.47,32.4,2500.0,0,
2026-08-15T09:02:35,LSVA0000DEMO00001,1,219.8,30.97,6.472,397.71,16.27,47.5,397.93,-15.95,55.47,32.3,2511.0,0,
2026-08-15T09:02:36,LSVA0000DEMO00001,1,220.3,31.2,6.521,398.75,16.35,47.4,397.79,-16.03,55.48,32.0,2530.0,0,
2026-08-15T09:02:37,LSVA0000DEMO00001,1,220.8,31.67,6.619,398.19,16.62,47.7,397.79,-16.29,55.48,32.4,2494.0,0,
2026-08-15T09:02:38,LSVA0000DEMO00001,1,219.6,32.08,6.705,397.52,16.87,47.2,397.84,-16.53,55.48,32.3,2487.0,0,
2026-08-15T09:02:39,LSVA0000DEMO00001,1,220.1,31.75,6.636,398.26,16.66,47.6,397.82,-16.33,55.48,32.3,2482.0,0,
2026-08-15T09:02:40,LSVA0000DEMO00001,1,220.2,31.35,6.552,397.61,16.48,47.5,397.62,-16.15,55.49,32.1,2503.0,0,
2026-08-15T09:02:41,LSVA0000DEMO00001,1,219.4,31.81,6.648,398.31,16.69,47.5,397.66,-16.36,55.49,32.2,2507.0,0,
2026-08-15T09:02:42,LSVA0000DEMO00001,1,220.0,31.47,6.578,398.46,16.51,47.3,397.75,-16.18,55.49,32.2,2492.0,0,
2026-08-15T09:02:43,LSVA0000DEMO00001,1,219.1,31.32,6.546,397.67,16.46,47.5,398.18,-16.13,55.5,32.1,2512.0,0,
2026-08-15T09:02:44,LSVA0000DEMO00001,1,218.9,31.2,6.521,398.39,16.37,47.9,397.89,-16.04,55.5,32.3,2507.0,0,
2026-08-15T09:02:45,LSVA0000DEMO00001,1,220.2,30.96,6.47,398.17,16.25,47.7,397.94,-15.92,55.5,32.2,2501.0,0,
2026-08-15T09:02:46,LSVA0000DEMO00001,1,219.8,31.49,6.581,398.33,16.52,47.8,398.38,-16.19,55.51,32.5,2486.0,0,
2026-08-15T09:02:47,LSVA0000DEMO00001,1,220.1,31.73,6.632,398.76,16.63,48.0,398.39,-16.3,55.51,32.3,2493.0,0,
2026-08-15T09:02:48,LSVA0000DEMO00001,1,220.0,31.57,6.597,397.9,16.58,47.8,397.92,-16.25,55.51,32.4,2464.0,0,
2026-08-15T09:02:49,LSVA0000DEMO00001,1,219.4,31.43,6.569,397.7,16.52,47.6,397.81,-16.19,55.52,32.1,2504.0,0,
2026-08-15T09:02:50,LSVA0000DEMO00001,1,220.0,31.22,6.526,397.64,16.41,47.8,397.74,-16.08,55.52,32.2,2500.0,0,
2026-08-15T09:02:51,LSVA0000DEMO00001,1,219.3,31.82,6.65,397.67,16.72,47.6,398.21,-16.39,55.52,32.3,2503.0,0,
2026-08-15T09:02:52,LSVA0000DEMO00001,1,220.8,31.11,6.501,397.97,16.34,47.7,397.94,-16.01,55.52,32.2,2508.0,0,
2026-08-15T09:02:53,LSVA0000DEMO00001,1,219.2,31.92,6.671,398.14,16.76,47.5,397.88,-16.42,55.53,32.2,2506.0,0,
2026-08-15T09:02:54,LSVA0000DEMO00001,1,219.9,31.24,6.529,398.11,16.4,48.0,397.76,-16.07,55.53,32.3,2498.0,0,
2026-08-15T09:02:55,LSVA0000DEMO00001,1,219.4,31.35,6.552,398.33,16.45,47.7,397.77,-16.12,55.53,32.3,2501.0,0,
2026-08-15T09:02:56,LSVA0000DEMO00001,1,220.3,31.05,6.49,398.01,16.31,47.9,398.1,-15.98,55.54,32.5,2479.0,0,
2026-08-15T09:02:57,LSVA0000DEMO00001,1,219.8,31.47,6.576,398.58,16.5,47.6,397.61,-16.17,55.54,32.3,2491.0,0,
2026-08-15T09:02:58,LSVA0000DEMO00001,1,219.7,31.97,6.683,397.89,16.8,47.9,398.3,-16.46,55.54,32.3,2501.0,0,
2026-08-15T09:02:59,LSVA0000DEMO00001,1,220.5,31.89,6.666,399.09,16.7,47.7,397.84,-16.37,55.55,32.4,2489.0,0,
2026-08-15T09:03:00,LSVA0000DEMO00001,1,220.0,32.0,6.689,398.25,16.8,47.8,397.96,-16.46,55.55,32.4,2513.0,0,
2026-08-15T09:03:01,LSVA0000DEMO00001,1,220.3,31.78,6.643,397.66,16.7,48.1,397.6,-16.37,55.55,32.3,2490.0,0,
2026-08-15T09:03:02,LSVA0000DEMO00001,1,219.4,31.16,6.512,397.57,16.38,48.1,398.0,-16.05,55.55,32.3,2503.0,0,
2026-08-15T09:03:03,LSVA0000DEMO00001,1,219.2,31.5,6.584,398.19,16.53,47.9,397.9,-16.2,55.56,32.3,2502.0,0,
2026-08-15T09:03:04,LSVA0000DEMO00001,1,220.1,31.31,6.543,397.91,16.44,47.6,397.98,-16.12,55.56,32.4,2511.0,0,
2026-08-15T09:03:05,LSVA0000DEMO00001,1,219.8,32.14,6.718,398.29,16.87,48.5,398.44,-16.53,55.56,32.4,2514.0,0,
2026-08-15T09:03:06,LSVA0000DEMO00001,1,220.4,31.17,6.515,398.19,16.36,48.3,398.05,-16.03,55.57,32.3,2510.0,0,
2026-08-15T09:03:07,LSVA0000DEMO00001,1,220.0,31.95,6.677,397.97,16.78,48.1,397.76,-16.44,55.57,32.4,2468.0,0,
2026-08-15T09:03:08,LSVA0000DEMO00001,1,220.1,31.92,6.672,397.66,16.78,47.8,397.79,-16.44,55.57,32.3,2518.0,0,
2026-08-15T09:03:09,LSVA0000DEMO00001,1,219.0,32.26,6.742,397.39,16.97,48.0,398.18,-16.63,55.58,32.3,2523.0,0,
2026-08-15T09:03:10,LSVA0000DEMO00001,1,221.1,31.44,6.571,397.82,16.52,47.9,398.39,-16.19,55.58,32.3,2493.0,0,
2026-08-15T09:03:11,LSVA0000DEMO00001,1,219.9,31.91,6.669,398.34,16.74,48.3,398.08,-16.41,55.58,32.3,2504.0,0,
2026-08-15T09:03:12,LSVA0000DEMO00001,1,220.4,32.49,6.79,398.09,17.06,48.1,398.21,-16.72,55.59,32.5,2487.0,0,
2026-08-15T09:03:13,LSVA0000DEMO00001,1,219.5,31.34,6.549,397.5,16.48,47.9,398.18,-16.15,55.59,32.3,2471.0,0,
2026-08-15T09:03:14,LSVA0000DEMO00001,1,220.2,31.03,6.486,398.07,16.29,48.0,398.43,-15.97,55.59,32.3,2489.0,0,
2026-08-15T09:03:15,LSVA0000DEMO00001,1,219.2,30.91,6.46,398.15,16.22,48.3,397.42,-15.9,55.59,32.2,2492.0,0,
2026-08-15T09:03:16,LSVA0000DEMO00001,1,220.3,31.85,6.658,397.65,16.74,48.4,398.2,-16.41,55.6,32.3,2495.0,0,
2026-08-15T09:03:17,LSVA0000DEMO00001,1,219.8,30.9,6.458,398.06,16.22,48.4,398.3,-15.9,55.6,32.3,2486.0,0,
2026-08-15T09:03:18,LSVA0000DEMO00001,1,220.0,31.47,6.578,398.02,16.53,48.3,397.6,-16.2,55.6,32.2,2489.0,0,
2026-08-15T09:03:19,LSVA0000DEMO00001,1,220.4,31.74,6.634,397.54,16.69,48.1,397.73,-16.35,55.61,32.3,2500.0,0,
2026-08-15T09:03:20,LSVA0000DEMO00001,1,219.3,31.69,6.624,398.14,16.64,47.5,397.74,-16.3,55.61,32.3,2488.0,0,
2026-08-15T09:03:21,LSVA0000DEMO00001,1,219.6,31.79,6.644,398.22,16.69,48.2,397.78,-16.35,55.61,32.3,2508.0,0,
2026-08-15T09:03:22,LSVA0000DEMO00001,1,220.3,31.73,6.632,398.43,16.64,48.2,397.86,-16.31,55.62,32.3,2510.0,0,
2026-08-15T09:03:23,LSVA0000DEMO00001,1,221.3,32.13,6.716,398.42,16.86,48.2,398.07,-16.52,55.62,32.2,2536.0,0,
2026-08-15T09:03:24,LSVA0000DEMO00001,1,219.9,31.21,6.522,397.45,16.41,48.2,398.26,-16.08,55.62,32.3,2517.0,0,
2026-08-15T09:03:25,LSVA0000DEMO00001,1,220.4,31.32,6.547,397.62,16.46,48.0,398.32,-16.14,55.62,32.3,2504.0,0,
2026-08-15T09:03:26,LSVA0000DEMO00001,1,219.9,31.33,6.549,398.21,16.45,48.3,397.75,-16.12,55.63,32.5,2491.0,0,
2026-08-15T09:03:27,LSVA0000DEMO00001,1,221.2,31.94,6.676,398.21,16.77,48.4,397.75,-16.43,55.63,32.4,2504.0,0,
2026-08-15T09:03:28,LSVA0000DEMO00001,1,219.0,31.97,6.682,398.21,16.78,48.4,398.39,-16.44,55.63,32.3,2505.0,0,
2026-08-15T09:03:29,LSVA0000DEMO00001,1,220.1,31.91,6.668,399.54,16.69,48.5,398.19,-16.36,55.64,32.4,2492.0,0,
2026-08-15T09:03:30,LSVA0000DEMO00001,1,219.0,32.08,6.705,398.23,16.84,48.4,398.02,-16.5,55.64,32.5,2512.0,0,
2026-08-15T09:03:31,LSVA0000DEMO00001,1,218.5,31.2,6.52,398.45,16.36,48.2,398.14,-16.04,55.64,32.4,2479.0,0,
2026-08-15T09:03:32,LSVA0000DEMO00001,1,220.2,32.28,6.746,398.38,16.93,48.3,397.99,-16.59,55.65,32.4,2496.0,0,
2026-08-15T09:03:33,LSVA0000DEMO00001,1,220.1,32.21,6.732,398.26,16.9,48.3,398.16,-16.57,55.65,32.4,2508.0,0,
2026-08-15T09:03:34,LSVA0000DEMO00001,1,219.8,31.88,6.663,397.87,16.75,48.4,397.9,-16.41,55.65,32.5,2496.0,0,
2026-08-15T09:03:35,LSVA0000DEMO00001,1,219.9,32.31,6.754,398.3,16.96,48.6,398.08,-16.62,55.66,32.5,2497.0,0,
2026-08-15T09:03:36,LSVA0000DEMO00001,1,221.9,30.96,6.47,397.69,16.27,48.5,397.55,-15.94,55.66,32.4,2498.0,0,
2026-08-15T09:03:37,LSVA0000DEMO00001,1,219.8,31.4,6.563,397.91,16.5,48.8,397.79,-16.17,55.66,32.5,2487.0,0,
2026-08-15T09:03:38,LSVA0000DEMO00001,1,220.3,31.32,6.545,397.81,16.45,48.8,397.8,-16.12,55.66,32.3,2518.0,0,
2026-08-15T09:03:39,LSVA0000DEMO00001,1,219.6,31.89,6.665,398.03,16.74,48.4,397.89,-16.41,55.67,32.2,2485.0,0,
2026-08-15T09:03:40,LSVA0000DEMO00001,1,220.2,31.28,6.538,398.93,16.39,47.7,397.72,-16.06,55.67,32.4,2505.0,0,
2026-08-15T09:03:41,LSVA0000DEMO00001,1,219.9,31.84,6.655,397.25,16.75,48.7,397.84,-16.42,55.67,32.4,2506.0,0,
2026-08-15T09:03:42,LSVA0000DEMO00001,1,219.8,32.16,6.721,398.27,16.87,48.3,397.55,-16.54,55.68,32.3,2486.0,0,
2026-08-15T09:03:43,LSVA0000DEMO00001,1,221.1,31.82,6.651,397.35,16.74,48.3,398.16,-16.4,55.68,32.5,2501.0,0,
2026-08-15T09:03:44,LSVA0000DEMO00001,1,220.7,31.7,6.626,397.81,16.66,48.4,397.98,-16.32,55.68,32.2,2486.0,0,
2026-08-15T09:03:45,LSVA0000DEMO00001,1,220.1,31.27,6.535,398.44,16.4,48.4,397.49,-16.07,55.69,32.3,2521.0,0,
2026-08-15T09:03:46,LSVA0000DEMO00001,1,218.6,31.29,6.54,398.03,16.43,48.6,397.75,-16.1,55.69,32.3,2483.0,0,
2026-08-15T09:03:47,LSVA0000DEMO00001,1,219.8,32.05,6.699,397.57,16.85,48.2,398.1,-16.51,55.69,32.2,2490.0,0,
2026-08-15T09:03:48,LSVA0000DEMO00001,1,221.6,31.89,6.664,397.71,16.76,48.3,397.84,-16.42,55.69,32.5,2482.0,0,
2026-08-15T09:03:49,LSVA0000DEMO00001,1,219.9,31.62,6.608,398.27,16.59,48.6,397.79,-16.26,55.7,32.2,2480.0,0,
2026-08-15T09:03:50,LSVA0000DEMO00001,1,220.7,31.43,6.569,397.71,16.52,48.7,397.98,-16.19,55.7,32.3,2524.0,0,
2026-08-15T09:03:51,LSVA0000DEMO00001,1,220.9,30.85,6.447,398.09,16.19,48.7,398.1,-15.87,55.7,32.5,2508.0,0,
2026-08-15T09:03:52,LSVA0000DEMO00001,1,220.1,31.21,6.522,398.02,16.39,48.4,397.57,-16.06,55.71,32.5,2502.0,0,
2026-08-15T09:03:53,LSVA0000DEMO00001,1,219.5,32.32,6.755,397.74,16.98,48.4,398.17,-16.64,55.71,32.3,2490.0,0,
2026-08-15T09:03:54,LSVA0000DEMO00001,1,218.5,31.19,6.519,398.86,16.34,48.5,397.76,-16.02,55.71,32.5,2514.0,0,
2026-08-15T09:03:55,LSVA0000DEMO00001,1,220.4,31.7,6.626,398.25,16.64,48.7,397.99,-16.31,55.72,32.4,2488.0,0,
2026-08-15T09:03:56,LSVA0000DEMO00001,1,219.5,31.93,6.673,397.19,16.8,48.9,397.99,-16.47,55.72,32.6,2512.0,0,
2026-08-15T09:03:57,LSVA0000DEMO00001,1,220.1,31.14,6.508,398.07,16.35,48.2,397.84,-16.02,55.72,32.4,2487.0,0,
2026-08-15T09:03:58,LSVA0000DEMO00001,1,219.3,31.66,6.617,397.74,16.64,48.6,397.69,-16.3,55.73,32.4,2490.0,0,
2026-08-15T09:03:59,LSVA0000DEMO00001,1,219.8,32.0,6.687,398.34,16.79,48.4,397.91,-16.45,55.73,32.3,2511.0,0,
2026-08-15T09:04:00,LSVA0000DEMO00001,1,220.0,31.59,6.603,397.68,16.6,48.4,398.49,-16.27,55.73,32.3,2513.0,0,
2026-08-15T09:04:01,LSVA0000DEMO00001,1,220.2,32.7,6.834,397.95,17.17,48.9,397.59,-16.83,55.73,32.3,2509.0,0,
2026-08-15T09:04:02,LSVA0000DEMO00001,1,219.3,30.99,6.477,398.2,16.27,48.8,398.51,-15.94,55.74,32.5,2484.0,0,
2026-08-15T09:04:03,LSVA0000DEMO00001,1,220.7,32.04,6.697,398.35,16.81,48.8,397.92,-16.48,55.74,32.4,2493.0,0,
2026-08-15T09:04:04,LSVA0000DEMO00001,1,219.6,31.51,6.585,397.52,16.57,48.9,398.01,-16.23,55.74,32.5,2502.0,0,
2026-08-15T09:04:05,LSVA0000DEMO00001,1,219.0,31.89,6.666,397.87,16.75,48.7,397.67,-16.42,55.75,32.6,2487.0,0,
2026-08-15T09:04:06,LSVA0000DEMO00001,1,219.9,31.76,6.639,397.81,16.69,48.7,397.77,-16.35,55.75,32.2,2521.0,0,
2026-08-15T09:04:07,LSVA0000DEMO00001,1,220.0,31.31,6.544,397.74,16.45,49.2,397.85,-16.12,55.75,32.5,2464.0,0,
2026-08-15T09:04:08,LSVA0000DEMO00001,1,220.1,31.75,6.637,398.71,16.65,48.7,397.69,-16.31,55.76,32.4,2488.0,0,
2026-08-15T09:04:09,LSVA0000DEMO00001,1,220.8,30.92,6.462,398.16,16.23,48.9,397.94,-15.9,55.76,32.5,2492.0,0,
2026-08-15T09:04:10,LSVA0000DEMO00001,1,219.9,31.8,6.646,397.5,16.72,48.8,397.88,-16.39,55.76,32.3,2457.0,0,
2026-08-15T09:04:11,LSVA0000DEMO00001,1,219.9,31.75,6.637,398.37,16.66,48.5,398.56,-16.33,55.76,32.3,2479.0,0,
2026-08-15T09:04:12,LSVA0000DEMO00001,1,219.3,31.92,6.672,398.85,16.73,48.4,397.65,-16.39,55.77,32.5,2509.0,0,
2026-08-15T09:04:13,LSVA0000DEMO00001,1,220.5,32.05,6.698,398.41,16.81,48.7,398.03,-16.48,55.77,32.7,2500.0,0,
2026-08-15T09:04:14,LSVA0000DEMO00001,1,220.1,31.7,6.626,397.39,16.67,49.1,398.07,-16.34,55.77,32.5,2524.0,0,
2026-08-15T09:04:15,LSVA0000DEMO00001,1,219.7,31.65,6.615,397.81,16.63,49.0,397.68,-16.3,55.78,32.6,2523.0,0,
2026-08-15T09:04:16,LSVA0000DEMO00001,1,218.9,31.32,6.545,398.51,16.42,49.1,398.21,-16.1,55.78,32.4,2506.0,0,
2026-08-15T09:04:17,LSVA0000DEMO00001,1,220.9,31.32,6.545,397.72,16.46,48.7,397.88,-16.13,55.78,32.4,2505.0,0,
2026-08-15T09:04:18,LSVA0000DEMO00001,1,219.3,32.08,6.704,398.18,16.84,49.2,397.25,-16.5,55.79,32.4,2501.0,0,
2026-08-15T09:04:19,LSVA0000DEMO00001,1,219.6,32.18,6.726,398.31,16.89,48.7,398.2,-16.55,55.79,32.4,2460.0,0,
2026-08-15T09:04:20,LSVA0000DEMO00001,1,220.2,31.49,6.582,397.63,16.55,49.0,397.66,-16.22,55.79,32.2,2479.0,0,
2026-08-15T09:04:21,LSVA0000DEMO00001,1,219.3,31.63,6.61,397.98,16.61,49.0,397.69,-16.28,55.8,32.4,2502.0,0,
2026-08-15T09:04:22,LSVA0000DEMO00001,1,219.1,31.17,6.514,396.7,16.42,48.9,398.21,-16.09,55.8,32.4,2509.0,0,
2026-08-15T09:04:23,LSVA0000DEMO00001,1,218.7,32.03,6.693,397.59,16.83,49.2,397.9,-16.5,55.8,32.4,2504.0,0,
2026-08-15T09:04:24,LSVA0000DEMO00001,1,220.4,31.86,6.658,397.9,16.73,48.8,398.28,-16.4,55.8,32.5,2487.0,0,
2026-08-15T09:04:25,LSVA0000DEMO00001,1,219.7,32.31,6.753,397.5,16.99,48.7,398.36,-16.65,55.81,32.5,2514.0,0,
2026-08-15T09:04:26,LSVA0000DEMO00001,1,221.8,31.33,6.548,398.65,16.42,49.0,397.81,-16.1,55.81,32.4,2522.0,0,
2026-08-15T09:04:27,LSVA0000DEMO00001,1,219.4,31.42,6.567,397.43,16.52,48.9,398.24,-16.19,55.81,32.4,2514.0,0,
2026-08-15T09:04:28,LSVA0000DEMO00001,1,219.4,31.69,6.622,397.82,16.65,49.7,397.77,-16.31,55.82,32.3,2515.0,0,
2026-08-15T09:04:29,LSVA0000DEMO00001,1,219.7,31.86,6.659,398.05,16.73,49.2,398.67,-16.39,55.82,32.4,2492.0,0,
2026-08-15T09:04:30,LSVA0000DEMO00001,1,220.1,31.58,6.599,398.58,16.56,49.0,397.79,-16.23,55.82,32.4,2516.0,0,
2026-08-15T09:04:31,LSVA0000DEMO00001,1,219.7,31.23,6.528,397.43,16.43,48.9,398.31,-16.1,55.83,32.5,2502.0,0,
2026-08-15T09:04:32,LSVA0000DEMO00001,1,220.4,31.98,6.685,398.47,16.78,48.7,398.25,-16.44,55.83,32.5,2508.0,0,
2026-08-15T09:04:33,LSVA0000DEMO00001,1,219.4,31.89,6.664,398.0,16.74,48.9,398.09,-16.41,55.83,32.5,2505.0,0,
2026-08-15T09:04:34,LSVA0000DEMO00001,1,219.2,31.23,6.527,397.61,16.42,49.1,397.8,-16.09,55.84,32.5,2498.0,0,
2026-08-15T09:04:35,LSVA0000DEMO00001,1,218.9,32.14,6.718,398.18,16.87,49.4,397.95,-16.53,55.84,32.4,2487.0,0,
2026-08-15T09:04:36,LSVA0000DEMO00001,1,218.7,32.06,6.701,398.08,16.83,49.4,397.35,-16.5,55.84,32.4,2499.0,0,
2026-08-15T09:04:37,LSVA0000DEMO00001,1,219.7,31.64,6.613,397.76,16.63,49.2,398.07,-16.29,55.84,32.4,2515.0,0,
2026-08-15T09:04:38,LSVA0000DEMO00001,1,219.8,31.64,6.614,398.03,16.62,49.1,398.1,-16.28,55.85,32.3,2493.0,0,
2026-08-15T09:04:39,LSVA0000DEMO00001,1,219.6,31.81,6.648,397.85,16.71,49.2,398.04,-16.38,55.85,32.6,2513.0,0,
2026-08-15T09:04:40,LSVA0000DEMO00001,1,220.7,31.29,6.539,398.05,16.43,49.1,397.11,-16.1,55.85,32.4,2511.0,0,
2026-08-15T09:04:41,LSVA0000DEMO00001,1,220.7,31.64,6.614,398.26,16.61,49.5,397.62,-16.27,55.86,32.3,2496.0,0,
2026-08-15T09:04:42,LSVA0000DEMO00001,1,219.8,30.84,6.446,398.63,16.17,49.2,397.78,-15.85,55.86,32.4,2521.0,0,
2026-08-15T09:04:43,LSVA0000DEMO00001,1,218.9,31.91,6.668,397.5,16.78,49.2,398.09,-16.44,55.86,32.4,2495.0,0,
2026-08-15T09:04:44,LSVA0000DEMO00001,1,219.7,31.08,6.496,398.85,16.29,48.8,398.09,-15.96,55.87,32.5,2523.0,0,
2026-08-15T09:04:45,LSVA0000DEMO00001,1,219.6,32.12,6.713,397.22,16.9,49.2,397.95,-16.56,55.87,32.6,2507.0,0,
2026-08-15T09:04:46,LSVA0000DEMO00001,1,219.6,31.48,6.58,397.94,16.53,49.4,398.19,-16.2,55.87,32.4,2500.0,0,
2026-08-15T09:04:47,LSVA0000DEMO00001,1,219.6,31.55,6.594,398.24,16.56,49.1,397.69,-16.23,55.87,32.3,2487.0,0,
2026-08-15T09:04:48,LSVA0000DEMO00001,1,219.6,31.38,6.559,398.11,16.47,49.1,398.18,-16.14,55.88,32.5,2499.0,0,
2026-08-15T09:04:49,LSVA0000DEMO00001,1,219.8,31.48,6.58,397.75,16.54,49.5,398.14,-16.21,55.88,32.5,2497.0,0,
2026-08-15T09:04:50,LSVA0000DEMO00001,1,219.6,32.15,6.718,397.92,16.88,49.0,398.11,-16.55,55.88,32.5,2481.0,0,
2026-08-15T09:04:51,LSVA0000DEMO00001,1,220.1,30.65,6.406,397.8,16.1,49.5,397.95,-15.78,55.89,32.4,2497.0,0,
2026-08-15T09:04:52,LSVA0000DEMO00001,1,220.2,32.08,6.704,397.76,16.86,49.2,398.55,-16.52,55.89,32.5,2488.0,0,
2026-08-15T09:04:53,LSVA0000DEMO00001,1,219.5,31.77,6.639,398.34,16.67,49.3,398.15,-16.33,55.89,32.5,2509.0,0,
2026-08-15T09:04:54,LSVA0000DEMO00001,1,220.8,31.16,6.513,398.14,16.36,49.1,397.71,-16.03,55.9,32.5,2520.0,0,
2026-08-15T09:04:55,LSVA0000DEMO00001,1,219.4,31.18,6.517,397.72,16.38,49.4,398.07,-16.06,55.9,32.5,2482.0,0,
2026-08-15T09:04:56,LSVA0000DEMO00001,1,219.0,32.28,6.746,398.36,16.94,49.9,398.23,-16.6,55.9,32.5,2526.0,0,
2026-08-15T09:04:57,LSVA0000DEMO00001,1,220.2,31.26,6.534,398.12,16.41,49.6,397.82,-16.08,55.91,32.4,2498.0,0,
2026-08-15T09:04:58,LSVA0000DEMO00001,1,219.5,31.2,6.52,398.33,16.37,49.2,398.33,-16.04,55.91,32.6,2485.0,0,
2026-08-15T09:04:59,LSVA0000DEMO00001,1,220.2,32.06,6.702,398.25,16.83,49.6,398.11,-16.49,55.91,32.6,2511.0,0,
2026-08-15T09:05:00,LSVA0000DEMO00001,1,218.6,31.71,6.628,397.67,16.67,49.4,397.3,-16.33,55.91,32.6,2493.0,0,
2026-08-15T09:05:01,LSVA0000DEMO00001,1,220.8,31.24,6.528,397.78,16.41,49.7,398.09,-16.08,55.92,32.6,2499.0,0,
2026-08-15T09:05:02,LSVA0000DEMO00001,1,220.4,31.72,6.629,398.3,16.64,49.6,397.88,-16.31,55.92,32.6,2494.0,0,
2026-08-15T09:05:03,LSVA0000DEMO00001,1,219.1,31.24,6.529,398.24,16.39,48.9,398.16,-16.07,55.92,32.6,2488.0,0,
2026-08-15T09:05:04,LSVA0000DEMO00001,1,219.1,32.03,6.694,397.99,16.82,49.3,398.28,-16.48,55.93,32.3,2511.0,0,
2026-08-15T09:05:05,LSVA0000DEMO00001,1,221.0,32.02,6.692,398.05,16.81,49.7,398.06,-16.48,55.93,32.5,2496.0,0,
2026-08-15T09:05:06,LSVA0000DEMO00001,1,219.6,31.85,6.658,398.51,16.71,49.5,398.5,-16.37,55.93,32.5,2478.0,0,
2026-08-15T09:05:07,LSVA0000DEMO00001,1,219.5,31.73,6.632,397.76,16.67,49.3,397.95,-16.34,55.94,32.7,2508.0,0,
2026-08-15T09:05:08,LSVA0000DEMO00001,1,218.6,32.3,6.751,398.22,16.95,49.4,398.19,-16.61,55.94,32.6,2482.0,0,
2026-08-15T09:05:09,LSVA0000DEMO00001,1,219.8,31.6,6.605,397.92,16.6,49.2,398.24,-16.27,55.94,32.5,2483.0,0,
2026-08-15T09:05:10,LSVA0000DEMO00001,1,219.9,31.15,6.511,397.91,16.36,49.5,397.97,-16.04,55.94,32.6,2518.0,0,
2026-08-15T09:05:11,LSVA0000DEMO00001,1,220.4,31.82,6.65,398.44,16.69,50.0,398.23,-16.36,55.95,32.5,2482.0,0,
2026-08-15T09:05:12,LSVA0000DEMO00001,1,219.2,32.43,6.778,398.33,17.02,49.7,397.82,-16.68,55.95,32.6,2465.0,0,
2026-08-15T09:05:13,LSVA0000DEMO00001,1,219.1,31.25,6.531,398.33,16.4,50.0,397.87,-16.07,55.95,32.4,2509.0,0,
2026-08-15T09:05:14,LSVA0000DEMO00001,1,220.3,31.52,6.587,398.52,16.53,49.8,397.61,-16.2,55.96,32.6,2495.0,0,
2026-08-15T09:05:15,LSVA0000DEMO00001,1,220.6,31.77,6.64,398.01,16.68,49.8,398.07,-16.35,55.96,32.5,2497.0,0,
2026-08-15T09:05:16,LSVA0000DEMO00001,1,219.1,31.61,6.607,398.27,16.59,50.0,398.1,-16.26,55.96,32.6,2495.0,0,
2026-08-15T09:05:17,LSVA0000DEMO00001,1,220.6,31.23,6.527,397.88,16.4,49.7,398.35,-16.08,55.97,32.5,2503.0,0,
2026-08-15T09:05:18,LSVA0000DEMO00001,1,220.0,32.05,6.698,398.13,16.82,49.6,398.24,-16.49,55.97,32.5,2489.0,0,
2026-08-15T09:05:19,LSVA0000DEMO00001,1,220.7,32.49,6.791,397.95,17.06,49.9,397.91,-16.72,55.97,32.6,2522.0,0,
2026-08-15T09:05:20,LSVA0000DEMO00001,1,220.0,31.69,6.623,398.04,16.64,50.0,397.65,-16.31,55.98,32.4,2478.0,0,
2026-08-15T09:05:21,LSVA0000DEMO00001,1,218.5,31.29,6.539,398.24,16.42,49.6,398.13,-16.09,55.98,32.4,2507.0,0,
2026-08-15T09:05:22,LSVA0000DEMO00001,1,219.9,31.0,6.478,397.67,16.29,49.5,398.33,-15.96,55.98,32.5,2510.0,0,
2026-08-15T09:05:23,LSVA0000DEMO00001,1,220.6,31.78,6.641,398.84,16.65,49.7,398.23,-16.32,55.98,32.5,2489.0,0,
2026-08-15T09:05:24,LSVA0000DEMO00001,1,219.5,32.0,6.688,397.6,16.82,49.9,398.33,-16.48,55.99,32.5,2485.0,0,
2026-08-15T09:05:25,LSVA0000DEMO00001,1,219.8,31.75,6.637,397.51,16.7,49.9,397.94,-16.36,55.99,32.6,2515.0,0,
2026-08-15T09:05:26,LSVA0000DEMO00001,1,219.9,31.65,6.614,398.46,16.6,49.4,397.86,-16.27,55.99,32.4,2485.0,0,
2026-08-15T09:05:27,LSVA0000DEMO00001,1,218.3,31.41,6.565,398.32,16.48,50.1,397.78,-16.15,56.0,32.4,2491.0,0,
2026-08-15T09:05:28,LSVA0000DEMO00001,1,221.0,31.22,6.524,398.25,16.38,49.6,397.98,-16.05,56.0,32.8,2513.0,0,
2026-08-15T09:05:29,LSVA0000DEMO00001,1,219.5,31.95,6.677,398.25,16.77,49.7,397.98,-16.43,56.0,32.6,2501.0,0,
2026-08-15T09:05:30,LSVA0000DEMO00001,1,220.3,31.96,6.679,398.0,16.78,49.6,398.06,-16.45,56.01,32.5,2473.0,0,
2026-08-15T09:05:31,LSVA0000DEMO00001,1,219.9,30.99,6.478,397.64,16.29,50.3,397.96,-15.97,56.01,32.6,2526.0,0,
2026-08-15T09:05:32,LSVA0000DEMO00001,1,220.8,32.22,6.734,398.03,16.92,49.9,397.96,-16.58,56.01,32.6,2492.0,0,
2026-08-15T09:05:33,LSVA0000DEMO00001,1,220.2,31.81,6.648,397.73,16.71,49.6,397.77,-16.38,56.01,32.7,2494.0,0,
2026-08-15T09:05:34,LSVA0000DEMO00001,1,219.9,32.18,6.725,398.39,16.88,50.0,398.28,-16.54,56.02,32.5,2504.0,0,
2026-08-15T09:05:35,LSVA0000DEMO00001,1,219.5,31.1,6.499,397.94,16.33,50.0,398.02,-16.0,56.02,32.7,2509.0,0,
2026-08-15T09:05:36,LSVA0000DEMO00001,1,220.5,31.07,6.493,397.67,16.33,49.8,397.95,-16.0,56.02,32.4,2529.0,0,
2026-08-15T09:05:37,LSVA0000DEMO00001,1,218.9,31.54,6.593,397.87,16.57,50.0,397.78,-16.24,56.03,32.5,2475.0,0,
2026-08-15T09:05:38,LSVA0000DEMO00001,1,220.4,31.82,6.65,398.17,16.7,49.7,397.6,-16.37,56.03,32.6,2512.0,0,
2026-08-15T09:05:39,LSVA0000DEMO00001,1,219.3,32.28,6.746,397.77,16.96,49.8,398.39,-16.62,56.03,32.6,2511.0,0,
2026-08-15T09:05:40,LSVA0000DEMO00001,1,220.8,31.85,6.657,397.67,16.74,49.5,398.17,-16.41,56.04,32.5,2498.0,0,
2026-08-15T09:05:41,LSVA0000DEMO00001,1,220.1,31.53,6.589,398.1,16.55,49.6,397.51,-16.22,56.04,32.6,2512.0,0,
2026-08-15T09:05:42,LSVA0000DEMO00001,1,220.4,31.23,6.527,398.1,16.39,50.3,398.23,-16.07,56.04,32.5,2514.0,0,
2026-08-15T09:05:43,LSVA0000DEMO00001,1,220.0,32.06,6.701,397.8,16.85,50.3,398.28,-16.51,56.05,32.5,2479.0,0,
2026-08-15T09:05:44,LSVA0000DEMO00001,1,218.9,31.23,6.527,397.81,16.41,50.0,398.04,-16.08,56.05,32.7,2526.0,0,
2026-08-15T09:05:45,LSVA0000DEMO00001,1,219.5,32.24,6.738,398.09,16.93,50.3,398.48,-16.59,56.05,32.7,2477.0,0,
2026-08-15T09:05:46,LSVA0000DEMO00001,1,220.4,31.46,6.575,397.42,16.54,49.9,398.07,-16.21,56.05,32.5,2483.0,0,
2026-08-15T09:05:47,LSVA0000DEMO00001,1,220.1,32.17,6.724,397.44,16.92,49.9,397.57,-16.58,56.06,32.5,2496.0,0,
2026-08-15T09:05:48,LSVA0000DEMO00001,1,220.7,31.85,6.656,397.71,16.74,50.0,398.11,-16.4,56.06,32.5,2529.0,0,
2026-08-15T09:05:49,LSVA0000DEMO00001,1,220.2,31.55,6.594,397.91,16.57,50.0,398.07,-16.24,56.06,32.6,2495.0,0,
2026-08-15T09:05:50,LSVA0000DEMO00001,1,219.4,31.42,6.568,398.12,16.5,50.0,397.82,-16.17,56.07,32.5,2500.0,0,
2026-08-15T09:05:51,LSVA0000DEMO00001,1,219.5,31.53,6.589,398.59,16.53,50.2,398.17,-16.2,56.07,32.7,2521.0,0,
2026-08-15T09:05:52,LSVA0000DEMO00001,1,220.1,31.8,6.647,398.34,16.69,50.1,397.5,-16.35,56.07,32.6,2495.0,0,
2026-08-15T09:05:53,LSVA0000DEMO00001,1,218.6,31.64,6.612,397.94,16.62,50.2,398.3,-16.28,56.08,32.6,2482.0,0,
2026-08-15T09:05:54,LSVA0000DEMO00001,1,221.0,31.38,6.559,397.99,16.48,50.3,397.74,-16.15,56.08,32.5,2494.0,0,
2026-08-15T09:05:55,LSVA0000DEMO00001,1,220.3,31.52,6.587,397.6,16.57,50.1,397.7,-16.24,56.08,32.7,2521.0,0,
2026-08-15T09:05:56,LSVA0000DEMO00001,1,220.7,31.64,6.613,397.99,16.62,49.9,397.97,-16.28,56.08,32.3,2501.0,0,
2026-08-15T09:05:57,LSVA0000DEMO00001,1,219.1,30.79,6.435,397.88,16.17,49.8,398.13,-15.85,56.09,32.7,2529.0,0,
2026-08-15T09:05:58,LSVA0000DEMO00001,1,220.7,31.8,6.645,398.13,16.69,50.1,398.05,-16.36,56.09,32.7,2511.0,0,
2026-08-15T09:05:59,LSVA0000DEMO00001,1,221.3,31.21,6.523,397.67,16.4,50.1,397.78,-16.08,56.09,32.6,2490.0,0,
2026-08-15T09:06:00,LSVA0000DEMO00001,1,219.2,31.19,6.518,398.21,16.37,50.1,397.85,-16.04,56.1,32.7,2501.0,0,
2026-08-15T09:06:01,LSVA0000DEMO00001,1,220.5,31.02,6.482,398.61,16.26,50.1,397.66,-15.94,56.1,32.6,2487.0,0,
2026-08-15T09:06:02,LSVA0000DEMO00001,1,220.0,30.92,6.463,397.96,16.24,50.7,397.93,-15.92,56.1,32.6,2490.0,0,
2026-08-15T09:06:03,LSVA0000DEMO00001,1,219.1,31.11,6.502,398.16,16.33,49.9,398.32,-16.0,56.11,32.6,2567.0,0,
2026-08-15T09:06:04,LSVA0000DEMO00001,1,220.3,31.36,6.555,398.28,16.46,49.8,398.0,-16.13,56.11,32.9,2515.0,0,
2026-08-15T09:06:05,LSVA0000DEMO00001,1,220.5,32.34,6.76,397.84,16.99,50.2,398.26,-16.65,56.11,32.7,2513.0,0,
2026-08-15T09:06:06,LSVA0000DEMO00001,1,219.6,31.42,6.566,398.09,16.49,50.1,398.44,-16.16,56.12,32.7,2491.0,0,
2026-08-15T09:06:07,LSVA0000DEMO00001,1,220.7,31.68,6.621,398.01,16.64,50.3,397.82,-16.3,56.12,32.5,2524.0,0,
2026-08-15T09:06:08,LSVA0000DEMO00001,1,219.0,31.77,6.639,398.04,16.68,50.3,397.94,-16.35,56.12,32.6,2516.0,0,
2026-08-15T09:06:09,LSVA0000DEMO00001,1,219.1,31.64,6.612,397.69,16.63,50.5,398.65,-16.29,56.12,32.5,2528.0,0,
2026-08-15T09:06:10,LSVA0000DEMO00001,1,220.1,31.58,6.601,398.01,16.58,49.9,398.43,-16.25,56.13,32.7,2527.0,0,
2026-08-15T09:06:11,LSVA0000DEMO00001,1,220.0,31.17,6.515,398.2,16.36,50.1,397.5,-16.03,56.13,32.6,2478.0,0,
2026-08-15T09:06:12,LSVA0000DEMO00001,1,219.6,32.21,6.732,398.58,16.89,50.3,398.12,-16.55,56.13,32.5,2483.0,0,
2026-08-15T09:06:13,LSVA0000DEMO00001,1,220.5,32.33,6.757,398.38,16.96,50.4,398.0,-16.62,56.14,32.6,2485.0,0,
2026-08-15T09:06:14,LSVA0000DEMO00001,1,220.3,31.04,6.487,398.86,16.26,50.7,398.25,-15.94,56.14,32.5,2486.0,0,
2026-08-15T09:06:15,LSVA0000DEMO00001,1,220.5,31.2,6.52,397.69,16.4,50.5,397.78,-16.07,56.14,32.6,2505.0,0,
2026-08-15T09:06:16,LSVA0000DEMO00001,1,219.9,31.53,6.59,398.35,16.54,50.3,397.75,-16.21,56.15,32.5,2491.0,0,
2026-08-15T09:06:17,LSVA0000DEMO00001,1,220.4,31.25,6.531,398.07,16.41,50.1,397.8,-16.08,56.15,32.6,2531.0,0,
2026-08-15T09:06:18,LSVA0000DEMO00001,1,219.7,31.87,6.662,398.88,16.7,50.2,397.83,-16.37,56.15,32.7,2529.0,0,
2026-08-15T09:06:19,LSVA0000DEMO00001,1,221.2,31.31,6.544,397.68,16.45,50.2,398.24,-16.13,56.16,32.6,2500.0,0,
2026-08-15T09:06:20,LSVA0000DEMO00001,1,219.5,32.41,6.773,397.66,17.03,50.5,397.65,-16.69,56.16,32.6,2529.0,0,
2026-08-15T09:06:21,LSVA0000DEMO00001,1,221.3,32.05,6.698,397.76,16.84,50.4,397.81,-16.5,56.16,32.7,2522.0,0,
2026-08-15T09:06:22,LSVA0000DEMO00001,1,220.0,31.62,6.61,397.15,16.64,50.1,397.46,-16.31,56.16,32.7,2493.0,0,
2026-08-15T09:06:23,LSVA0000DEMO00001,1,219.2,31.99,6.685,397.79,16.81,50.3,398.3,-16.47,56.17,32.5,2470.0,0,
2026-08-15T09:06:24,LSVA0000DEMO00001,1,220.8,32.01,6.69,397.7,16.82,50.5,398.38,-16.48,56.17,32.7,2497.0,0,
2026-08-15T09:06:25,LSVA0000DEMO00001,1,220.1,31.4,6.563,398.06,16.49,50.5,397.9,-16.16,56.17,32.8,2490.0,0,
2026-08-15T09:06:26,LSVA0000DEMO00001,1,220.5,31.31,6.544,398.14,16.44,50.5,397.91,-16.11,56.18,32.7,2503.0,0,
2026-08-15T09:06:27,LSVA0000DEMO00001,1,220.7,31.7,6.625,398.75,16.62,50.5,398.14,-16.28,56.18,32.7,2501.0,0,
2026-08-15T09:06:28,LSVA0000DEMO00001,1,220.2,31.97,6.682,398.38,16.77,50.7,398.44,-16.44,56.18,32.7,2501.0,0,
2026-08-15T09:06:29,LSVA0000DEMO00001,1,219.6,31.65,6.614,397.77,16.63,50.5,398.12,-16.3,56.19,32.7,2508.0,0,
2026-08-15T09:06:30,LSVA0000DEMO00001,1,220.6,30.98,6.475,397.64,16.28,50.4,397.79,-15.96,56.19,32.7,2482.0,0,
2026-08-15T09:06:31,LSVA0000DEMO00001,1,220.0,31.32,6.546,398.2,16.44,50.3,397.51,-16.11,56.19,32.4,2506.0,0,
2026-08-15T09:06:32,LSVA0000DEMO00001,1,220.4,31.54,6.592,397.47,16.59,50.5,397.67,-16.25,56.19,32.5,2493.0,0,
2026-08-15T09:06:33,LSVA0000DEMO00001,1,218.7,31.64,6.613,398.73,16.58,50.0,398.02,-16.25,56.2,32.8,2503.0,0,
2026-08-15T09:06:34,LSVA0000DEMO00001,1,220.3,32.4,6.772,398.47,16.99,50.4,397.8,-16.65,56.2,32.5,2514.0,0,
2026-08-15T09:06:35,LSVA0000DEMO00001,1,219.6,31.07,6.493,397.81,16.32,50.4,398.06,-16.0,56.2,32.7,2482.0,0,
2026-08-15T09:06:36,LSVA0000DEMO00001,1,221.0,31.75,6.636,397.31,16.7,50.2,397.83,-16.37,56.21,32.6,2496.0,0,
2026-08-15T09:06:37,LSVA0000DEMO00001,1,220.4,32.22,6.734,398.54,16.9,50.3,397.68,-16.56,56.21,32.6,2498.0,0,
2026-08-15T09:06:38,LSVA0000DEMO00001,1,220.1,32.47,6.787,397.95,17.05,50.7,397.65,-16.71,56.21,32.7,2492.0,0,
2026-08-15T09:06:39,LSVA0000DEMO00001,1,220.3,31.5,6.583,398.5,16.52,50.6,398.47,-16.19,56.22,32.7,2513.0,0,
2026-08-15T09:06:40,LSVA0000DEMO00001,1,219.4,31.75,6.635,397.36,16.7,50.6,398.27,-16.36,56.22,32.9,2489.0,0,
2026-08-15T09:06:41,LSVA0000DEMO00001,1,221.0,31.81,6.648,397.76,16.71,50.6,398.52,-16.38,56.22,32.6,2492.0,0,
2026-08-15T09:06:42,LSVA0000DEMO00001,1,221.2,31.69,6.622,398.0,16.64,50.6,398.16,-16.31,56.23,32.8,2489.0,0,
2026-08-15T09:06:43,LSVA0000DEMO00001,1,220.2,31.58,6.599,398.02,16.58,50.8,397.87,-16.25,56.23,32.7,2516.0,0,
2026-08-15T09:06:44,LSVA0000DEMO00001,1,221.0,31.76,6.638,397.82,16.69,50.6,398.4,-16.35,56.23,32.6,2493.0,0,
2026-08-15T09:06:45,LSVA0000DEMO00001,1,219.7,30.67,6.409,398.25,16.09,50.3,397.99,-15.77,56.23,32.8,2507.0,0,
2026-08-15T09:06:46,LSVA0000DEMO00001,1,219.5,31.84,6.654,397.57,16.74,50.9,398.07,-16.4,56.24,32.7,2530.0,0,
2026-08-15T09:06:47,LSVA0000DEMO00001,1,220.0,31.66,6.616,397.94,16.63,50.7,397.99,-16.29,56.24,32.7,2499.0,0,
2026-08-15T09:06:48,LSVA0000DEMO00001,1,220.3,31.53,6.59,398.05,16.56,50.5,397.12,-16.22,56.24,32.7,2517.0,0,
2026-08-15T09:06:49,LSVA0000DEMO00001,1,219.8,32.41,6.773,398.21,17.01,50.4,398.48,-16.67,56.25,32.6,2525.0,0,
2026-08-15T09:06:50,LSVA0000DEMO00001,1,220.3,31.38,6.558,398.28,16.47,50.7,398.15,-16.14,56.25,32.6,2515.0,0,
2026-08-15T09:06:51,LSVA0000DEMO00001,1,220.2,31.42,6.567,397.55,16.52,50.6,398.1,-16.19,56.25,32.8,2500.0,0,
2026-08-15T09:06:52,LSVA0000DEMO00001,1,219.4,32.32,6.755,397.39,17.0,51.0,397.98,-16.66,56.26,32.7,2510.0,0,
2026-08-15T09:06:53,LSVA0000DEMO00001,1,220.3,31.33,6.549,398.51,16.43,50.6,398.05,-16.1,56.26,32.7,2481.0,0,
2026-08-15T09:06:54,LSVA0000DEMO00001,1,220.5,31.41,6.565,398.13,16.49,50.5,397.82,-16.16,56.26,32.7,2488.0,0,
2026-08-15T09:06:55,LSVA0000DEMO00001,1,220.1,31.53,6.59,397.7,16.57,50.9,398.18,-16.24,56.26,32.7,2491.0,0,
2026-08-15T09:06:56,LSVA0000DEMO00001,1,220.7,31.98,6.684,398.62,16.77,50.9,397.61,-16.43,56.27,32.6,2534.0,0,
2026-08-15T09:06:57,LSVA0000DEMO00001,1,219.3,31.69,6.624,398.05,16.64,50.7,398.06,-16.31,56.27,32.8,2488.0,0,
2026-08-15T09:06:58,LSVA0000DEMO00001,1,220.3,31.16,6.512,398.47,16.34,50.9,398.17,-16.01,56.27,32.7,2488.0,0,
2026-08-15T09:06:59,LSVA0000DEMO00001,1,219.3,31.41,6.565,398.03,16.49,50.7,397.94,-16.16,56.28,32.7,2484.0,0,
2026-08-15T09:07:00,LSVA0000DEMO00001,1,219.3,31.45,6.572,398.82,16.48,50.8,398.11,-16.15,56.28,32.7,2508.0,0,
2026-08-15T09:07:01,LSVA0000DEMO00001,1,219.6,31.64,6.612,398.7,16.58,51.0,397.7,-16.25,56.28,32.7,2502.0,0,
2026-08-15T09:07:02,LSVA0000DEMO00001,1,219.4,31.77,6.639,397.9,16.69,50.9,397.71,-16.35,56.29,32.8,2516.0,0,
2026-08-15T09:07:03,LSVA0000DEMO00001,1,219.7,31.8,6.647,398.39,16.68,50.7,398.07,-16.35,56.29,32.8,2510.0,0,
2026-08-15T09:07:04,LSVA0000DEMO00001,1,219.9,30.96,6.47,398.26,16.24,51.1,398.2,-15.92,56.29,32.8,2479.0,0,
2026-08-15T09:07:05,LSVA0000DEMO00001,1,220.5,32.06,6.701,398.55,16.81,50.3,397.44,-16.48,56.3,32.8,2488.0,0,
2026-08-15T09:07:06,LSVA0000DEMO00001,1,219.8,31.68,6.62,397.61,16.65,51.2,398.16,-16.32,56.3,32.8,2520.0,0,
2026-08-15T09:07:07,LSVA0000DEMO00001,1,219.0,32.16,6.722,398.27,16.88,50.5,397.84,-16.54,56.3,32.7,2497.0,0,
2026-08-15T09:07:08,LSVA0000DEMO00001,1,220.7,31.81,6.649,398.42,16.69,50.7,397.94,-16.36,56.3,32.6,2518.0,0,
2026-08-15T09:07:09,LSVA0000DEMO00001,1,219.5,31.97,6.683,397.3,16.82,50.8,397.6,-16.48,56.31,32.9,2498.0,0,
2026-08-15T09:07:10,LSVA0000DEMO00001,1,220.0,31.75,6.636,397.53,16.69,50.8,397.74,-16.36,56.31,32.7,2485.0,0,
2026-08-15T09:07:11,LSVA0000DEMO00001,1,220.3,32.06,6.7,397.18,16.87,51.1,398.29,-16.53,56.31,32.7,2495.0,0,
2026-08-15T09:07:12,LSVA0000DEMO00001,1,220.1,31.8,6.647,397.89,16.7,50.7,398.01,-16.37,56.32,32.5,2485.0,0,
2026-08-15T09:07:13,LSVA0000DEMO00001,1,220.7,31.6,6.604,398.29,16.58,50.9,397.89,-16.25,56.32,32.8,2492.0,0,
2026-08-15T09:07:14,LSVA0000DEMO00001,1,220.3,32.53,6.798,398.6,17.05,50.8,397.97,-16.71,56.32,32.7,2503.0,0,
2026-08-15T09:07:15,LSVA0000DEMO00001,1,219.5,31.95,6.678,398.03,16.78,51.0,398.15,-16.44,56.33,32.6,2508.0,0,
2026-08-15T09:07:16,LSVA0000DEMO00001,1,221.3,31.88,6.663,398.65,16.71,50.9,398.13,-16.38,56.33,32.8,2476.0,0,
2026-08-15T09:07:17,LSVA0000DEMO00001,1,220.1,31.08,6.496,397.45,16.34,50.9,397.98,-16.02,56.33,32.7,2500.0,0,
2026-08-15T09:07:18,LSVA0000DEMO00001,1,219.9,31.07,6.493,397.32,16.34,50.8,398.33,-16.02,56.33,33.0,2491.0,0,
2026-08-15T09:07:19,LSVA0000DEMO00001,1,220.6,31.72,6.63,397.98,16.66,50.8,398.29,-16.33,56.34,32.7,2490.0,0,
2026-08-15T09:07:20,LSVA0000DEMO00001,1,220.1,31.68,6.621,398.15,16.63,51.0,398.12,-16.3,56.34,32.7,2502.0,0,
2026-08-15T09:07:21,LSVA0000DEMO00001,1,220.2,31.38,6.558,397.99,16.48,51.1,398.02,-16.15,56.34,32.6,2492.0,0,
2026-08-15T09:07:22,LSVA0000DEMO00001,1,221.5,31.6,6.604,397.17,16.63,50.8,398.2,-16.3,56.35,32.9,2521.0,0,
2026-08-15T09:07:23,LSVA0000DEMO00001,1,219.8,32.21,6.733,397.96,16.92,50.8,398.09,-16.58,56.35,32.7,2518.0,0,
2026-08-15T09:07:24,LSVA0000DEMO00001,1,219.8,31.83,6.653,397.48,16.74,51.1,398.32,-16.4,56.35,32.7,2518.0,0,
2026-08-15T09:07:25,LSVA0000DEMO00001,1,220.1,31.2,6.52,398.27,16.37,51.0,398.27,-16.04,56.36,32.8,2493.0,0,
2026-08-15T09:07:26,LSVA0000DEMO00001,1,220.6,31.58,6.6,398.15,16.58,51.2,397.69,-16.25,56.36,32.6,2486.0,0,
2026-08-15T09:07:27,LSVA0000DEMO00001,1,219.1,31.28,6.537,397.62,16.44,50.8,397.67,-16.11,56.36,32.8,2501.0,0,
2026-08-15T09:07:28,LSVA0000DEMO00001,1,218.8,31.45,6.573,397.79,16.52,50.7,397.79,-16.19,56.37,32.9,2498.0,0,
2026-08-15T09:07:29,LSVA0000DEMO00001,1,219.6,31.42,6.567,397.58,16.52,50.9,398.29,-16.19,56.37,32.8,2491.0,0,
2026-08-15T09:07:30,LSVA0000DEMO00001,1,219.0,31.43,6.568,397.97,16.5,50.9,397.53,-16.17,56.37,32.8,2482.0,0,
2026-08-15T09:07:31,LSVA0000DEMO00001,1,219.7,31.16,6.513,398.38,16.35,51.0,398.12,-16.02,56.37,32.8,2499.0,0,
2026-08-15T09:07:32,LSVA0000DEMO00001,1,220.3,31.53,6.59,397.61,16.57,50.9,398.11,-16.24,56.38,32.9,2494.0,0,
2026-08-15T09:07:33,LSVA0000DEMO00001,1,219.5,31.41,6.565,398.2,16.49,51.2,398.35,-16.16,56.38,32.9,2510.0,0,
2026-08-15T09:07:34,LSVA0000DEMO00001,1,219.1,30.48,6.37,397.79,16.01,51.0,398.05,-15.69,56.38,32.8,2510.0,0,
2026-08-15T09:07:35,LSVA0000DEMO00001,1,220.0,32.37,6.765,397.68,17.01,51.1,397.6,-16.67,56.39,32.8,2517.0,0,
2026-08-15T09:07:36,LSVA0000DEMO00001,1,220.5,32.02,6.693,397.96,16.82,51.1,397.71,-16.48,56.39,32.7,2481.0,0,
2026-08-15T09:07:37,LSVA0000DEMO00001,1,219.0,31.44,6.57,397.59,16.52,51.1,397.65,-16.19,56.39,32.8,2506.0,0,
2026-08-15T09:07:38,LSVA0000DEMO00001,1,220.5,31.6,6.605,397.78,16.6,51.1,397.84,-16.27,56.4,32.7,2489.0,0,
2026-08-15T09:07:39,LSVA0000DEMO00001,1,220.5,31.13,6.506,397.52,16.37,51.2,397.95,-16.04,56.4,32.7,2482.0,0,
2026-08-15T09:07:40,LSVA0000DEMO00001,1,220.6,32.32,6.755,398.79,16.94,51.0,397.65,-16.6,56.4,32.5,2494.0,0,
2026-08-15T09:07:41,LSVA0000DEMO00001,1,220.7,32.34,6.758,398.01,16.98,51.4,398.44,-16.64,56.4,32.8,2516.0,0,
2026-08-15T09:07:42,LSVA0000DEMO00001,1,221.3,31.65,6.615,397.72,16.63,51.1,397.6,-16.3,56.41,32.7,2494.0,0,
2026-08-15T09:07:43,LSVA0000DEMO00001,1,219.8,32.01,6.69,398.09,16.8,50.9,398.4,-16.47,56.41,32.9,2523.0,0,
2026-08-15T09:07:44,LSVA0000DEMO00001,1,220.1,31.67,6.62,397.96,16.64,51.2,398.36,-16.3,56.41,32.8,2508.0,0,
2026-08-15T09:07:45,LSVA0000DEMO00001,1,219.8,31.1,6.499,397.91,16.33,51.0,398.27,-16.01,56.42,32.9,2494.0,0,
2026-08-15T09:07:46,LSVA0000DEMO00001,1,220.0,31.47,6.578,398.25,16.52,51.3,397.79,-16.19,56.42,32.7,2517.0,0,
2026-08-15T09:07:47,LSVA0000DEMO00001,1,220.9,31.69,6.622,398.3,16.63,51.6,398.1,-16.29,56.42,32.9,2507.0,0,
2026-08-15T09:07:48,LSVA0000DEMO00001,1,219.2,31.42,6.567,397.79,16.51,51.1,397.62,-16.18,56.43,33.0,2486.0,0,
2026-08-15T09:07:49,LSVA0000DEMO00001,1,219.5,31.51,6.586,397.77,16.56,51.3,398.27,-16.23,56.43,32.9,2528.0,0,
2026-08-15T09:07:50,LSVA0000DEMO00001,1,220.8,31.57,6.598,397.89,16.58,50.9,397.98,-16.25,56.43,32.9,2504.0,0,
2026-08-15T09:07:51,LSVA0000DEMO00001,1,220.6,31.51,6.585,397.08,16.58,51.3,397.88,-16.25,56.44,32.8,2500.0,0,
2026-08-15T09:07:52,LSVA0000DEMO00001,1,219.8,31.58,6.601,397.39,16.61,51.1,397.63,-16.28,56.44,32.7,2487.0,0,
2026-08-15T09:07:53,LSVA0000DEMO00001,1,220.5,31.25,6.531,398.55,16.39,51.1,397.26,-16.06,56.44,32.9,2518.0,0,
2026-08-15T09:07:54,LSVA0000DEMO00001,1,220.2,31.39,6.561,398.66,16.46,51.0,397.69,-16.13,56.44,32.6,2508.0,0,
2026-08-15T09:07:55,LSVA0000DEMO00001,1,220.9,31.11,6.503,397.9,16.34,51.4,398.33,-16.02,56.45,32.7,2509.0,0,
2026-08-15T09:07:56,LSVA0000DEMO00001,1,220.0,32.0,6.689,398.23,16.8,51.5,397.88,-16.46,56.45,32.6,2492.0,0,
2026-08-15T09:07:57,LSVA0000DEMO00001,1,220.6,30.82,6.441,398.12,16.18,51.3,397.95,-15.86,56.45,32.7,2513.0,0,
2026-08-15T09:07:58,LSVA0000DEMO00001,1,221.6,32.15,6.719,399.23,16.83,51.1,398.2,-16.49,56.46,32.9,2514.0,0,
2026-08-15T09:07:59,LSVA0000DEMO00001,1,220.4,32.18,6.725,398.45,16.88,51.6,398.54,-16.54,56.46,32.8,2490.0,0,
2026-08-15T09:08:00,LSVA0000DEMO00001,1,220.0,31.49,6.582,397.95,16.54,51.2,398.4,-16.21,56.46,32.8,2479.0,0,
2026-08-15T09:08:01,LSVA0000DEMO00001,1,220.4,30.59,6.393,397.62,16.08,50.9,397.71,-15.76,56.47,32.8,2509.0,0,
2026-08-15T09:08:02,LSVA0000DEMO00001,1,219.8,31.42,6.567,397.36,16.53,51.4,397.42,-16.2,56.47,32.6,2476.0,0,
2026-08-15T09:08:03,LSVA0000DEMO00001,1,221.4,31.59,6.603,398.08,16.59,51.1,398.71,-16.26,56.47,32.8,2502.0,0,
2026-08-15T09:08:04,LSVA0000DEMO00001,1,220.1,31.2,6.521,397.7,16.4,51.6,398.68,-16.07,56.48,32.7,2493.0,0,
2026-08-15T09:08:05,LSVA0000DEMO00001,1,219.8,31.37,6.556,397.43,16.5,51.3,398.06,-16.17,56.48,32.7,2518.0,0,
2026-08-15T09:08:06,LSVA0000DEMO00001,1,219.5,32.17,6.724,397.74,16.91,51.5,397.62,-16.57,56.48,32.9,2494.0,0,
2026-08-15T09:08:07,LSVA0000DEMO00001,1,220.7,31.83,6.652,397.57,16.73,51.7,398.29,-16.4,56.48,32.7,2517.0,0,
2026-08-15T09:08:08,LSVA0000DEMO00001,1,220.5,31.31,6.544,398.67,16.42,51.2,397.97,-16.09,56.49,32.8,2492.0,0,
2026-08-15T09:08:09,LSVA0000DEMO00001,1,219.7,31.03,6.485,398.35,16.28,51.3,397.97,-15.95,56.49,32.6,2515.0,0,
2026-08-15T09:08:10,LSVA0000DEMO00001,1,220.3,31.49,6.581,398.0,16.53,51.4,398.27,-16.2,56.49,32.8,2531.0,0,
2026-08-15T09:08:11,LSVA0000DEMO00001,1,219.1,31.58,6.6,398.59,16.56,51.7,398.1,-16.23,56.5,32.7,2484.0,0,
2026-08-15T09:08:12,LSVA0000DEMO00001,1,220.1,31.8,6.647,398.03,16.7,51.3,397.64,-16.37,56.5,32.8,2504.0,0,
2026-08-15T09:08:13,LSVA0000DEMO00001,1,220.3,31.38,6.559,397.66,16.49,51.3,397.9,-16.16,56.5,32.7,2541.0,0,
2026-08-15T09:08:14,LSVA0000DEMO00001,1,221.0,31.85,6.658,398.61,16.7,51.5,398.2,-16.37,56.51,32.8,2501.0,0,
2026-08-15T09:08:15,LSVA0000DEMO00001,1,219.5,32.37,6.765,398.22,16.99,51.3,398.15,-16.65,56.51,32.8,2501.0,0,
2026-08-15T09:08:16,LSVA0000DEMO00001,1,219.2,31.89,6.665,397.59,16.76,51.5,398.08,-16.43,56.51,33.0,2512.0,0,
2026-08-15T09:08:17,LSVA0000DEMO00001,1,219.5,31.59,6.602,397.92,16.59,51.2,398.28,-16.26,56.51,32.9,2501.0,0,
2026-08-15T09:08:18,LSVA0000DEMO00001,1,219.2,31.51,6.586,397.65,16.56,51.9,397.89,-16.23,56.52,32.6,2474.0,0,
2026-08-15T09:08:19,LSVA0000DEMO00001,1,220.8,31.43,6.569,397.45,16.53,51.2,398.05,-16.2,56.52,32.7,2517.0,0,
2026-08-15T09:08:20,LSVA0000DEMO00001,1,220.9,32.09,6.707,398.37,16.84,51.4,396.99,-16.5,56.52,32.8,2470.0,0,
2026-08-15T09:08:21,LSVA0000DEMO00001,1,220.2,31.43,6.569,398.76,16.47,51.5,397.87,-16.15,56.53,32.7,2494.0,0,
2026-08-15T09:08:22,LSVA0000DEMO00001,1,220.7,31.58,6.601,397.44,16.61,51.9,398.23,-16.28,56.53,32.5,2518.0,0,
2026-08-15T09:08:23,LSVA0000DEMO00001,1,220.1,31.65,6.615,398.23,16.61,51.3,397.88,-16.28,56.53,33.0,2495.0,0,
2026-08-15T09:08:24,LSVA0000DEMO00001,1,219.9,31.4,6.563,397.74,16.5,51.9,397.86,-16.17,56.54,32.9,2490.0,0,
2026-08-15T09:08:25,LSVA0000DEMO00001,1,219.8,31.07,6.494,397.81,16.33,51.7,397.69,-16.0,56.54,32.9,2513.0,0,
2026-08-15T09:08:26,LSVA0000DEMO00001,1,219.8,31.72,6.629,397.76,16.66,51.6,398.3,-16.33,56.54,32.8,2487.0,0,
2026-08-15T09:08:27,LSVA0000DEMO00001,1,219.1,31.56,6.596,397.65,16.59,51.4,398.16,-16.26,56.55,32.9,2482.0,0,
2026-08-15T09:08:28,LSVA0000DEMO00001,1,220.2,31.8,6.647,398.02,16.7,51.7,398.25,-16.37,56.55,32.8,2504.0,0,
2026-08-15T09:08:29,LSVA0000DEMO00001,1,220.0,31.38,6.559,397.67,16.49,51.4,397.48,-16.16,56.55,32.9,2497.0,0,
2026-08-15T09:08:30,LSVA0000DEMO00001,1,220.4,32.09,6.706,398.11,16.84,51.9,397.95,-16.51,56.55,32.8,2481.0,0,
2026-08-15T09:08:31,LSVA0000DEMO00001,1,220.1,31.28,6.537,397.98,16.42,51.4,397.92,-16.1,56.56,33.0,2510.0,0,
2026-08-15T09:08:32,LSVA0000DEMO00001,1,219.9,32.26,6.741,397.9,16.94,51.6,397.92,-16.6,56.56,32.7,2507.0,0,
2026-08-15T09:08:33,LSVA0000DEMO00001,1,219.5,30.92,6.462,397.64,16.25,51.5,397.82,-15.93,56.56,33.0,2495.0,0,
2026-08-15T09:08:34,LSVA0000DEMO00001,1,220.0,31.76,6.638,397.77,16.69,51.4,397.9,-16.35,56.57,32.9,2496.0,0,
2026-08-15T09:08:35,LSVA0000DEMO00001,1,220.4,31.82,6.65,398.3,16.7,51.8,398.25,-16.36,56.57,32.8,2507.0,0,
2026-08-15T09:08:36,LSVA0000DEMO00001,1,219.3,31.32,6.547,398.2,16.44,51.8,397.43,-16.11,56.57,32.9,2518.0,0,
2026-08-15T09:08:37,LSVA0000DEMO00001,1,220.1,31.74,6.634,397.61,16.68,51.9,398.53,-16.35,56.58,32.9,2496.0,0,
2026-08-15T09:08:38,LSVA0000DEMO00001,1,220.1,32.1,6.709,398.04,16.86,51.3,398.15,-16.52,56.58,33.0,2510.0,0,
2026-08-15T09:08:39,LSVA0000DEMO00001,1,219.6,30.79,6.435,398.3,16.16,51.9,397.99,-15.83,56.58,32.9,2508.0,0,
2026-08-15T09:08:40,LSVA0000DEMO00001,1,219.6,31.75,6.636,397.33,16.7,52.2,398.27,-16.37,56.58,32.8,2513.0,0,
2026-08-15T09:08:41,LSVA0000DEMO00001,1,220.1,30.68,6.412,398.22,16.1,51.6,397.56,-15.78,56.59,32.9,2501.0,0,
2026-08-15T09:08:42,LSVA0000DEMO00001,1,219.3,31.22,6.526,397.73,16.41,52.1,397.8,-16.08,56.59,33.1,2486.0,0,
2026-08-15T09:08:43,LSVA0000DEMO00001,1,220.2,32.25,6.74,398.23,16.93,51.7,397.96,-16.59,56.59,33.0,2493.0,0,
2026-08-15T09:08:44,LSVA0000DEMO00001,1,219.5,31.37,6.555,397.69,16.48,51.4,398.41,-16.15,56.6,33.0,2505.0,0,
2026-08-15T09:08:45,LSVA0000DEMO00001,1,220.6,31.11,6.502,397.28,16.37,51.7,397.99,-16.04,56.6,33.0,2527.0,0,
2026-08-15T09:08:46,LSVA0000DEMO00001,1,221.4,31.48,6.58,397.35,16.56,51.9,398.14,-16.23,56.6,32.9,2493.0,0,
2026-08-15T09:08:47,LSVA0000DEMO00001,1,219.5,32.4,6.772,398.02,17.01,51.6,397.82,-16.67,56.61,33.0,2512.0,0,
2026-08-15T09:08:48,LSVA0000DEMO00001,1,220.3,30.92,6.463,398.1,16.23,51.6,398.15,-15.91,56.61,32.8,2495.0,0,
2026-08-15T09:08:49,LSVA0000DEMO00001,1,219.6,31.18,6.517,397.64,16.39,51.9,398.5,-16.06,56.61,32.7,2502.0,0,
2026-08-15T09:08:50,LSVA0000DEMO00001,1,220.6,32.2,6.73,398.26,16.9,51.8,398.3,-16.56,56.62,32.9,2523.0,0,
2026-08-15T09:08:51,LSVA0000DEMO00001,1,219.2,32.27,6.743,397.34,16.97,51.9,397.98,-16.63,56.62,32.8,2511.0,0,
2026-08-15T09:08:52,LSVA0000DEMO00001,1,220.3,31.57,6.598,397.97,16.58,51.8,398.2,-16.25,56.62,32.8,2481.0,0,
2026-08-15T09:08:53,LSVA0000DEMO00001,1,219.5,31.1,6.5,397.52,16.35,51.9,398.17,-16.03,56.62,32.8,2491.0,0,
2026-08-15T09:08:54,LSVA0000DEMO00001,1,219.9,32.39,6.769,397.74,17.02,51.7,398.15,-16.68,56.63,33.1,2519.0,0,
2026-08-15T09:08:55,LSVA0000DEMO00001,1,219.4,32.22,6.734,398.02,16.92,51.9,398.33,-16.58,56.63,32.9,2502.0,0,
2026-08-15T09:08:56,LSVA0000DEMO00001,1,220.5,31.84,6.655,397.66,16.74,51.6,398.33,-16.4,56.63,32.9,2483.0,0,
2026-08-15T09:08:57,LSVA0000DEMO00001,1,219.5,31.29,6.54,397.85,16.44,52.1,397.96,-16.11,56.64,32.8,2488.0,0,
2026-08-15T09:08:58,LSVA0000DEMO00001,1,220.3,31.62,6.61,398.4,16.59,51.7,398.19,-16.26,56.64,32.7,2511.0,0,
2026-08-15T09:08:59,LSVA0000DEMO00001,1,219.8,31.53,6.59,397.77,16.57,52.1,397.89,-16.24,56.64,32.8,2515.0,0,
2026-08-15T09:09:00,LSVA0000DEMO00001,1,219.9,31.76,6.639,398.33,16.67,51.8,397.72,-16.33,56.65,33.0,2500.0,0,
2026-08-15T09:09:01,LSVA0000DEMO00001,1,220.1,32.13,6.715,397.55,16.89,51.9,397.92,-16.55,56.65,32.9,2537.0,0,
2026-08-15T09:09:02,LSVA0000DEMO00001,1,219.5,31.96,6.68,398.21,16.78,51.8,397.98,-16.44,56.65,33.0,2512.0,0,
2026-08-15T09:09:03,LSVA0000DEMO00001,1,220.1,31.25,6.53,398.58,16.38,51.7,397.5,-16.06,56.65,33.0,2496.0,0,
2026-08-15T09:09:04,LSVA0000DEMO00001,1,220.9,32.06,6.7,397.01,16.88,51.5,398.26,-16.54,56.66,32.8,2488.0,0,
2026-08-15T09:09:05,LSVA0000DEMO00001,1,219.5,31.71,6.626,397.68,16.66,51.7,397.17,-16.33,56.66,33.0,2485.0,0,
2026-08-15T09:09:06,LSVA0000DEMO00001,1,220.7,31.89,6.665,398.23,16.74,51.8,398.81,-16.4,56.66,32.8,2505.0,0,
2026-08-15T09:09:07,LSVA0000DEMO00001,1,220.9,32.16,6.722,397.92,16.89,52.0,398.45,-16.56,56.67,33.1,2493.0,0,
2026-08-15T09:09:08,LSVA0000DEMO00001,1,219.5,31.2,6.521,398.15,16.38,52.1,397.92,-16.05,56.67,33.0,2525.0,0,
2026-08-15T09:09:09,LSVA0000DEMO00001,1,219.1,31.58,6.6,397.76,16.59,51.8,398.0,-16.26,56.67,32.7,2522.0,0,
2026-08-15T09:09:10,LSVA0000DEMO00001,1,220.2,31.41,6.565,398.03,16.49,51.8,398.09,-16.16,56.68,32.8,2509.0,0,
2026-08-15T09:09:11,LSVA0000DEMO00001,1,219.7,31.01,6.481,397.94,16.29,51.7,397.82,-15.96,56.68,32.7,2482.0,0,
2026-08-15T09:09:12,LSVA0000DEMO00001,1,221.1,31.78,6.642,398.47,16.67,52.1,398.06,-16.34,56.68,33.0,2490.0,0,
2026-08-15T09:09:13,LSVA0000DEMO00001,1,220.0,32.58,6.808,398.1,17.1,52.2,397.96,-16.76,56.69,32.9,2519.0,0,
2026-08-15T09:09:14,LSVA0000DEMO00001,1,219.5,30.92,6.463,398.14,16.23,52.2,397.97,-15.91,56.69,32.7,2492.0,0,
2026-08-15T09:09:15,LSVA0000DEMO00001,1,219.3,31.59,6.601,397.84,16.59,52.1,398.05,-16.26,56.69,33.0,2517.0,0,
2026-08-15T09:09:16,LSVA0000DEMO00001,1,220.7,31.84,6.655,397.8,16.73,52.1,397.61,-16.39,56.69,32.9,2507.0,0,
2026-08-15T09:09:17,LSVA0000DEMO00001,1,219.7,31.64,6.614,397.83,16.62,52.3,398.01,-16.29,56.7,32.8,2501.0,0,
2026-08-15T09:09:18,LSVA0000DEMO00001,1,220.0,31.58,6.6,398.16,16.58,52.1,398.05,-16.25,56.7,33.1,2489.0,0,
2026-08-15T09:09:19,LSVA0000DEMO00001,1,220.6,31.1,6.501,397.83,16.34,52.1,398.04,-16.01,56.7,32.9,2499.0,0,
2026-08-15T09:09:20,LSVA0000DEMO00001,1,219.7,31.71,6.627,398.12,16.65,52.0,397.94,-16.31,56.71,32.9,2503.0,0,
2026-08-15T09:09:21,LSVA0000DEMO00001,1,220.0,31.39,6.56,398.83,16.45,51.8,398.34,-16.12,56.71,32.9,2515.0,0,
2026-08-15T09:09:22,LSVA0000DEMO00001,1,220.0,30.8,6.438,398.35,16.16,51.9,397.89,-15.84,56.71,32.8,2487.0,0,
2026-08-15T09:09:23,LSVA0000DEMO00001,1,220.4,32.06,6.7,397.87,16.84,52.1,398.07,-16.5,56.72,32.8,2496.0,0,
2026-08-15T09:09:24,LSVA0000DEMO00001,1,220.4,32.02,6.691,398.48,16.79,52.1,398.39,-16.46,56.72,33.1,2501.0,0,
2026-08-15T09:09:25,LSVA0000DEMO00001,1,219.9,31.62,6.608,397.84,16.61,52.5,397.98,-16.28,56.72,32.9,2510.0,0,
2026-08-15T09:09:26,LSVA0000DEMO00001,1,220.0,31.63,6.611,397.18,16.65,52.1,398.06,-16.31,56.72,32.9,2486.0,0,
2026-08-15T09:09:27,LSVA0000DEMO00001,1,219.8,31.99,6.686,397.6,16.81,52.3,397.97,-16.48,56.73,32.7,2480.0,0,
2026-08-15T09:09:28,LSVA0000DEMO00001,1,219.1,31.64,6.612,397.25,16.64,52.0,398.37,-16.31,56.73,32.8,2510.0,0,
2026-08-15T09:09:29,LSVA0000DEMO00001,1,220.2,31.94,6.676,397.86,16.78,52.0,397.92,-16.45,56.73,33.0,2477.0,0,
2026-08-15T09:09:30,LSVA0000DEMO00001,1,221.1,31.5,6.583,398.01,16.54,51.8,398.39,-16.21,56.74,33.0,2519.0,0,
2026-08-15T09:09:31,LSVA0000DEMO00001,1,219.5,32.17,6.723,398.67,16.86,52.0,397.97,-16.53,56.74,33.1,2498.0,0,
2026-08-15T09:09:32,LSVA0000DEMO00001,1,219.5,31.74,6.635,398.13,16.66,52.2,397.74,-16.33,56.74,33.1,2477.0,0,
2026-08-15T09:09:33,LSVA0000DEMO00001,1,219.5,31.68,6.621,397.91,16.64,52.1,398.2,-16.31,56.75,32.9,2493.0,0,
2026-08-15T09:09:34,LSVA0000DEMO00001,1,220.4,31.15,6.511,398.33,16.35,52.3,397.91,-16.02,56.75,33.0,2506.0,0,
2026-08-15T09:09:35,LSVA0000DEMO00001,1,220.3,31.65,6.615,397.12,16.66,52.2,398.19,-16.32,56.75,32.9,2492.0,0,
2026-08-15T09:09:36,LSVA0000DEMO00001,1,219.9,31.3,6.542,398.09,16.43,52.1,397.18,-16.1,56.76,33.2,2500.0,0,
2026-08-15T09:09:37,LSVA0000DEMO00001,1,219.4,31.39,6.561,398.31,16.47,52.6,398.0,-16.14,56.76,33.1,2511.0,0,
2026-08-15T09:09:38,LSVA0000DEMO00001,1,220.1,31.25,6.532,397.41,16.44,52.2,397.86,-16.11,56.76,33.0,2497.0,0,
2026-08-15T09:09:39,LSVA0000DEMO00001,1,219.1,31.24,6.529,398.46,16.39,52.4,397.68,-16.06,56.76,33.0,2486.0,0,
2026-08-15T09:09:40,LSVA0000DEMO00001,1,220.1,32.43,6.778,398.14,17.02,52.1,397.83,-16.68,56.77,33.1,2496.0,0,
2026-08-15T09:09:41,LSVA0000DEMO00001,1,220.5,32.11,6.71,397.83,16.87,52.3,397.83,-16.53,56.77,33.0,2521.0,0,
2026-08-15T09:09:42,LSVA0000DEMO00001,1,219.2,32.36,6.764,398.25,16.98,52.4,397.99,-16.64,56.77,33.1,2525.0,0,
2026-08-15T09:09:43,LSVA0000DEMO00001,1,219.1,31.22,6.524,398.91,16.36,52.3,397.59,-16.03,56.78,32.8,2470.0,0,
2026-08-15T09:09:44,LSVA0000DEMO00001,1,220.9,31.64,6.614,398.07,16.61,51.8,398.09,-16.28,56.78,33.0,2516.0,0,
2026-08-15T09:09:45,LSVA0000DEMO00001,1,219.6,31.13,6.505,398.1,16.34,52.2,398.41,-16.01,56.78,32.9,2504.0,0,
2026-08-15T09:09:46,LSVA0000DEMO00001,1,220.7,31.33,6.548,397.82,16.46,52.5,398.08,-16.13,56.79,33.2,2514.0,0,
2026-08-15T09:09:47,LSVA0000DEMO00001,1,219.9,31.24,6.528,397.66,16.42,52.4,398.24,-16.09,56.79,33.1,2492.0,0,
2026-08-15T09:09:48,LSVA0000DEMO00001,1,219.9,32.11,6.711,398.33,16.85,52.3,398.33,-16.51,56.79,33.0,2473.0,0,
2026-08-15T09:09:49,LSVA0000DEMO00001,1,220.3,31.43,6.57,397.66,16.52,51.9,398.37,-16.19,56.8,33.1,2509.0,0,
2026-08-15T09:09:50,LSVA0000DEMO00001,1,219.5,32.02,6.692,398.03,16.81,52.1,398.56,-16.48,56.8,33.2,2486.0,0,
2026-08-15T09:09:51,LSVA0000DEMO00001,1,220.1,31.83,6.652,397.81,16.72,52.4,397.85,-16.39,56.8,33.0,2479.0,0,
2026-08-15T09:09:52,LSVA0000DEMO00001,1,219.8,32.5,6.793,398.19,17.06,52.4,397.78,-16.72,56.8,33.2,2480.0,0,
2026-08-15T09:09:53,LSVA0000DEMO00001,1,219.2,31.06,6.491,398.13,16.3,52.5,398.24,-15.98,56.81,33.0,2509.0,0,
2026-08-15T09:09:54,LSVA0000DEMO00001,1,220.2,32.12,6.714,398.42,16.85,52.3,398.21,-16.51,56.81,33.0,2502.0,0,
2026-08-15T09:09:55,LSVA0000DEMO00001,1,219.8,32.03,6.695,397.8,16.83,52.4,398.23,-16.49,56.81,33.1,2512.0,0,
2026-08-15T09:09:56,LSVA0000DEMO00001,1,219.9,31.23,6.528,397.89,16.41,52.3,398.57,-16.08,56.82,33.0,2510.0,0,
2026-08-15T09:09:57,LSVA0000DEMO00001,1,219.3,31.96,6.68,397.61,16.8,52.1,398.0,-16.47,56.82,33.0,2494.0,0,
2026-08-15T09:09:58,LSVA0000DEMO00001,1,221.0,31.73,6.631,397.82,16.67,51.9,398.13,-16.33,56.82,33.1,2499.0,0,
2026-08-15T09:09:59,LSVA0000DEMO00001,1,220.5,31.54,6.591,398.15,16.55,52.4,397.71,-16.22,56.83,33.0,2492.0,0,
2026-08-15T09:10:00,LSVA0000DEMO00001,1,220.6,31.32,6.546,398.3,16.44,52.4,398.64,-16.11,56.83,32.8,2497.0,0,
2026-08-15T09:10:01,LSVA0000DEMO00001,1,219.8,31.31,6.543,397.63,16.46,52.2,397.9,-16.13,56.83,33.0,2485.0,0,
2026-08-15T09:10:02,LSVA0000DEMO00001,1,219.0,32.42,6.776,398.35,17.01,52.0,397.91,-16.67,56.83,32.9,2506.0,0,
2026-08-15T09:10:03,LSVA0000DEMO00001,1,221.2,31.65,6.616,398.54,16.6,52.5,397.9,-16.27,56.84,33.1,2516.0,0,
2026-08-15T09:10:04,LSVA0000DEMO00001,1,220.0,31.92,6.672,398.17,16.76,52.3,397.81,-16.42,56.84,33.1,2488.0,0,
2026-08-15T09:10:05,LSVA0000DEMO00001,1,219.6,31.37,6.556,398.75,16.44,52.5,397.78,-16.11,56.84,33.2,2519.0,0,
2026-08-15T09:10:06,LSVA0000DEMO00001,1,220.3,31.29,6.54,397.69,16.44,52.8,397.84,-16.12,56.85,33.1,2502.0,0,
2026-08-15T09:10:07,LSVA0000DEMO00001,1,220.7,31.98,6.685,397.5,16.82,52.0,397.59,-16.48,56.85,33.1,2504.0,0,
2026-08-15T09:10:08,LSVA0000DEMO00001,1,220.0,31.04,6.488,397.29,16.33,52.3,397.76,-16.0,56.85,32.9,2475.0,0,
2026-08-15T09:10:09,LSVA0000DEMO00001,1,220.8,31.5,6.584,398.6,16.52,52.4,398.58,-16.19,56.86,33.1,2473.0,0,
2026-08-15T09:10:10,LSVA0000DEMO00001,1,220.6,31.65,6.614,398.26,16.61,52.7,398.22,-16.27,56.86,33.2,2502.0,0,
2026-08-15T09:10:11,LSVA0000DEMO00001,1,219.4,31.65,6.615,397.98,16.62,52.1,398.28,-16.29,56.86,32.9,2512.0,0,
2026-08-15T09:10:12,LSVA0000DEMO00001,1,219.6,31.55,6.594,398.11,16.56,52.8,398.35,-16.23,56.87,33.2,2490.0,0,
2026-08-15T09:10:13,LSVA0000DEMO00001,1,220.6,31.73,6.631,397.55,16.68,52.5,398.55,-16.35,56.87,33.0,2525.0,0,
2026-08-15T09:10:14,LSVA0000DEMO00001,1,218.4,31.95,6.678,398.98,16.74,52.4,397.47,-16.4,56.87,32.9,2511.0,0,
2026-08-15T09:10:15,LSVA0000DEMO00001,1,219.9,31.9,6.666,398.05,16.75,52.4,397.63,-16.41,56.87,33.1,2486.0,0,
2026-08-15T09:10:16,LSVA0000DEMO00001,1,219.1,31.24,6.529,398.04,16.4,52.4,397.76,-16.07,56.88,33.1,2500.0,0,
2026-08-15T09:10:17,LSVA0000DEMO00001,1,219.7,31.53,6.589,398.29,16.54,52.7,397.86,-16.21,56.88,33.1,2537.0,0,
2026-08-15T09:10:18,LSVA0000DEMO00001,1,219.8,32.08,6.705,398.19,16.84,52.3,397.91,-16.5,56.88,32.9,2481.0,0,
2026-08-15T09:10:19,LSVA0000DEMO00001,1,219.8,31.96,6.68,398.09,16.78,52.6,397.87,-16.44,56.89,33.1,2508.0,0,
2026-08-15T09:10:20,LSVA0000DEMO00001,1,219.7,31.06,6.492,397.68,16.33,52.4,398.07,-16.0,56.89,33.0,2495.0,0,
2026-08-15T09:10:21,LSVA0000DEMO00001,1,219.3,31.76,6.638,398.19,16.67,52.4,398.01,-16.34,56.89,32.9,2511.0,0,
2026-08-15T09:10:22,LSVA0000DEMO00001,1,221.4,30.92,6.462,398.75,16.2,53.0,397.78,-15.88,56.9,32.9,2519.0,0,
2026-08-15T09:10:23,LSVA0000DEMO00001,1,221.1,31.67,6.619,398.54,16.61,52.6,397.35,-16.28,56.9,33.0,2494.0,0,
2026-08-15T09:10:24,LSVA0000DEMO00001,1,219.3,32.39,6.769,398.64,16.98,52.7,397.7,-16.64,56.9,33.1,2517.0,0,
2026-08-15T09:10:25,LSVA0000DEMO00001,1,220.9,31.23,6.528,397.8,16.41,52.8,397.84,-16.08,56.9,33.2,2533.0,0,
2026-08-15T09:10:26,LSVA0000DEMO00001,1,219.8,31.26,6.534,397.6,16.43,52.3,397.93,-16.1,56.91,32.9,2501.0,0,
2026-08-15T09:10:27,LSVA0000DEMO00001,1,220.1,31.9,6.667,397.95,16.75,52.9,397.66,-16.42,56.91,33.1,2512.0,0,
2026-08-15T09:10:28,LSVA0000DEMO00001,1,220.0,31.03,6.484,398.02,16.29,52.1,397.85,-15.97,56.91,32.9,2491.0,0,
2026-08-15T09:10:29,LSVA0000DEMO00001,1,219.6,31.4,6.564,398.44,16.47,52.4,397.66,-16.14,56.92,33.1,2500.0,0,
2026-08-15T09:10:30,LSVA0000DEMO00001,1,220.6,31.78,6.643,397.32,16.72,52.5,397.96,-16.38,56.92,33.0,2497.0,0,
2026-08-15T09:10:31,LSVA0000DEMO00001,1,220.1,31.42,6.566,398.61,16.47,52.7,397.68,-16.14,56.92,32.9,2512.0,0,
2026-08-15T09:10:32,LSVA0000DEMO00001,1,219.7,31.52,6.587,397.94,16.55,52.6,397.75,-16.22,56.93,33.1,2518.0,0,
2026-08-15T09:10:33,LSVA0000DEMO00001,1,219.2,31.88,6.663,397.83,16.75,52.6,397.61,-16.41,56.93,33.0,2498.0,0,
2026-08-15T09:10:34,LSVA0000DEMO00001,1,219.5,31.74,6.634,397.6,16.68,52.6,397.95,-16.35,56.93,33.0,2523.0,0,
2026-08-15T09:10:35,LSVA0000DEMO00001,1,219.0,31.66,6.617,397.34,16.65,52.4,397.74,-16.32,56.94,32.8,2523.0,0,
2026-08-15T09:10:36,LSVA0000DEMO00001,1,220.0,31.51,6.585,398.33,16.53,52.3,398.27,-16.2,56.94,33.2,2513.0,0,
2026-08-15T09:10:37,LSVA0000DEMO00001,1,219.3,31.75,6.637,398.03,16.67,52.8,398.12,-16.34,56.94,33.1,2492.0,0,
2026-08-15T09:10:38,LSVA0000DEMO00001,1,219.8,31.52,6.588,397.48,16.58,52.8,397.98,-16.24,56.94,33.1,2491.0,0,
2026-08-15T09:10:39,LSVA0000DEMO00001,1,220.8,31.74,6.635,397.48,16.69,53.0,397.76,-16.36,56.95,32.9,2488.0,0,
2026-08-15T09:10:40,LSVA0000DEMO00001,1,220.7,31.41,6.565,397.87,16.5,52.5,398.11,-16.17,56.95,33.2,2514.0,0,
2026-08-15T09:10:41,LSVA0000DEMO00001,1,220.0,31.59,6.603,398.67,16.56,52.8,398.21,-16.23,56.95,33.0,2482.0,0,
2026-08-15T09:10:42,LSVA0000DEMO00001,1,219.9,31.23,6.526,397.9,16.4,52.6,398.04,-16.07,56.96,33.0,2510.0,0,
2026-08-15T09:10:43,LSVA0000DEMO00001,1,221.1,31.55,6.594,397.4,16.59,52.9,398.48,-16.26,56.96,33.3,2484.0,0,
2026-08-15T09:10:44,LSVA0000DEMO00001,1,220.3,31.29,6.541,397.9,16.44,52.9,398.14,-16.11,56.96,33.0,2512.0,0,
2026-08-15T09:10:45,LSVA0000DEMO00001,1,219.8,31.18,6.516,397.89,16.38,52.7,398.27,-16.05,56.97,33.1,2500.0,0,
2026-08-15T09:10:46,LSVA0000DEMO00001,1,219.1,31.62,6.609,396.92,16.65,52.6,398.04,-16.32,56.97,33.1,2520.0,0,
2026-08-15T09:10:47,LSVA0000DEMO00001,1,220.2,31.69,6.623,397.98,16.64,52.9,398.2,-16.31,56.97,33.1,2517.0,0,
2026-08-15T09:10:48,LSVA0000DEMO00001,1,220.5,31.9,6.668,397.91,16.76,52.8,397.76,-16.42,56.97,33.1,2522.0,0,
2026-08-15T09:10:49,LSVA0000DEMO00001,1,219.6,31.47,6.577,398.28,16.51,52.6,397.86,-16.18,56.98,33.1,2522.0,0,
2026-08-15T09:10:50,LSVA0000DEMO00001,1,220.2,31.83,6.652,398.74,16.68,52.5,398.1,-16.35,56.98,33.1,2502.0,0,
2026-08-15T09:10:51,LSVA0000DEMO00001,1,219.8,31.86,6.658,398.45,16.71,52.7,398.1,-16.38,56.98,33.1,2483.0,0,
2026-08-15T09:10:52,LSVA0000DEMO00001,1,219.9,31.77,6.64,397.89,16.69,53.0,398.15,-16.36,56.99,33.2,2484.0,0,
2026-08-15T09:10:53,LSVA0000DEMO00001,1,218.5,31.26,6.534,397.56,16.43,53.0,398.33,-16.11,56.99,33.0,2469.0,0,
2026-08-15T09:10:54,LSVA0000DEMO00001,1,219.9,31.75,6.636,399.03,16.63,52.5,397.57,-16.3,56.99,33.2,2484.0,0,
2026-08-15T09:10:55,LSVA0000DEMO00001,1,220.6,31.75,6.636,398.02,16.67,52.5,397.71,-16.34,57.0,33.2,2501.0,0,
2026-08-15T09:10:56,LSVA0000DEMO00001,1,219.6,31.61,6.607,398.01,16.6,53.0,398.07,-16.27,57.0,33.2,2492.0,0,
2026-08-15T09:10:57,LSVA0000DEMO00001,1,220.0,30.82,6.441,397.99,16.18,52.6,397.78,-15.86,57.0,33.2,2497.0,0,
2026-08-15T09:10:58,LSVA0000DEMO00001,1,219.5,31.68,6.621,398.08,16.63,52.9,399.01,-16.3,57.01,33.1,2507.0,0,
2026-08-15T09:10:59,LSVA0000DEMO00001,1,220.2,32.45,6.782,397.94,17.04,52.7,398.15,-16.7,57.01,32.9,2495.0,0,
2026-08-15T09:11:00,LSVA0000DEMO00001,1,219.9,31.46,6.574,397.77,16.53,53.1,397.98,-16.2,57.01,33.1,2483.0,0,
2026-08-15T09:11:01,LSVA0000DEMO00001,1,219.4,31.32,6.545,397.78,16.45,52.7,397.85,-16.13,57.01,33.0,2499.0,0,
2026-08-15T09:11:02,LSVA0000DEMO00001,1,220.8,31.75,6.636,397.99,16.67,53.0,397.86,-16.34,57.02,33.0,2487.0,0,
2026-08-15T09:11:03,LSVA0000DEMO00001,1,220.6,31.71,6.628,397.78,16.66,52.9,398.01,-16.33,57.02,33.0,2496.0,0,
2026-08-15T09:11:04,LSVA0000DEMO00001,1,219.6,32.04,6.697,397.71,16.84,52.9,398.03,-16.5,57.02,33.1,2520.0,0,
2026-08-15T09:11:05,LSVA0000DEMO00001,1,220.3,31.14,6.507,398.04,16.35,52.4,397.86,-16.02,57.03,33.0,2496.0,0,
2026-08-15T09:11:06,LSVA0000DEMO00001,1,220.3,31.88,6.663,397.9,16.75,52.4,397.92,-16.41,57.03,32.9,2527.0,0,
2026-08-15T09:11:07,LSVA0000DEMO00001,1,220.4,31.88,6.664,398.6,16.72,52.8,398.4,-16.38,57.03,33.2,2521.0,0,
2026-08-15T09:11:08,LSVA0000DEMO00001,1,219.0,31.47,6.578,396.94,16.57,52.9,398.42,-16.24,57.04,33.3,2491.0,0,
2026-08-15T09:11:09,LSVA0000DEMO00001,1,220.6,31.78,6.641,398.44,16.67,52.6,398.08,-16.33,57.04,33.2,2483.0,0,
2026-08-15T09:11:10,LSVA0000DEMO00001,1,219.7,32.04,6.697,398.5,16.81,52.7,397.6,-16.47,57.04,33.1,2499.0,0,
2026-08-15T09:11:11,LSVA0000DEMO00001,1,219.8,31.88,6.662,397.17,16.77,53.0,398.16,-16.44,57.04,33.1,2517.0,0,
2026-08-15T09:11:12,LSVA0000DEMO00001,1,221.6,31.17,6.514,397.86,16.37,53.0,398.47,-16.04,57.05,33.1,2493.0,0,
2026-08-15T09:11:13,LSVA0000DEMO00001,1,220.2,31.91,6.67,397.85,16.76,52.9,398.41,-16.43,57.05,33.1,2514.0,0,
2026-08-15T09:11:14,LSVA0000DEMO00001,1,219.8,31.54,6.592,397.44,16.59,53.1,398.22,-16.26,57.05,33.1,2518.0,0,
2026-08-15T09:11:15,LSVA0000DEMO00001,1,218.7,31.61,6.607,397.69,16.61,52.7,398.43,-16.28,57.06,33.0,2488.0,0,
2026-08-15T09:11:16,LSVA0000DEMO00001,1,220.8,31.6,6.605,397.56,16.61,52.8,398.02,-16.28,57.06,33.3,2490.0,0,
2026-08-15T09:11:17,LSVA0000DEMO00001,1,219.2,31.61,6.606,398.7,16.57,53.3,398.19,-16.24,57.06,33.0,2511.0,0,
2026-08-15T09:11:18,LSVA0000DEMO00001,1,219.4,32.1,6.708,398.37,16.84,52.9,397.8,-16.5,57.07,33.2,2502.0,0,
2026-08-15T09:11:19,LSVA0000DEMO00001,1,219.8,31.62,6.609,398.51,16.58,53.0,398.09,-16.25,57.07,33.1,2490.0,0,
2026-08-15T09:11:20,LSVA0000DEMO00001,1,220.8,31.21,6.522,398.29,16.38,53.4,398.4,-16.05,57.07,33.3,2495.0,0,
2026-08-15T09:11:21,LSVA0000DEMO00001,1,220.5,31.43,6.568,397.55,16.52,52.7,397.82,-16.19,57.08,33.2,2499.0,0,
2026-08-15T09:11:22,LSVA0000DEMO00001,1,219.9,31.66,6.618,397.79,16.64,53.1,397.74,-16.3,57.08,33.1,2477.0,0,
2026-08-15T09:11:23,LSVA0000DEMO00001,1,220.2,32.1,6.708,398.2,16.85,53.3,398.03,-16.51,57.08,33.1,2511.0,0,
2026-08-15T09:11:24,LSVA0000DEMO00001,1,219.6,31.8,6.647,397.51,16.72,52.9,397.93,-16.39,57.08,33.1,2493.0,0,
2026-08-15T09:11:25,LSVA0000DEMO00001,1,220.1,31.31,6.544,398.29,16.43,53.2,398.19,-16.1,57.09,33.0,2458.0,0,
2026-08-15T09:11:26,LSVA0000DEMO00001,1,220.0,32.55,6.803,397.9,17.1,52.8,397.86,-16.76,57.09,33.1,2500.0,0,
2026-08-15T09:11:27,LSVA0000DEMO00001,1,220.6,31.7,6.625,397.85,16.65,52.9,398.52,-16.32,57.09,33.0,2489.0,0,
2026-08-15T09:11:28,LSVA0000DEMO00001,1,220.6,32.12,6.713,398.28,16.86,53.1,397.61,-16.52,57.1,33.1,2525.0,0,
2026-08-15T09:11:29,LSVA0000DEMO00001,1,220.3,31.57,6.598,398.18,16.57,53.2,398.38,-16.24,57.1,33.2,2491.0,0,
2026-08-15T09:11:30,LSVA0000DEMO00001,1,219.8,31.8,6.647,397.86,16.71,53.2,397.77,-16.37,57.1,33.2,2484.0,0,
2026-08-15T09:11:31,LSVA0000DEMO00001,1,220.4,31.97,6.681,398.46,16.77,53.3,397.46,-16.43,57.11,33.0,2508.0,0,
2026-08-15T09:11:32,LSVA0000DEMO00001,1,219.9,32.04,6.696,397.57,16.84,53.0,398.07,-16.51,57.11,33.1,2490.0,0,
2026-08-15T09:11:33,LSVA0000DEMO00001,1,219.4,32.03,6.695,398.25,16.81,53.3,397.92,-16.48,57.11,33.2,2488.0,0,
2026-08-15T09:11:34,LSVA0000DEMO00001,1,219.8,31.96,6.68,398.24,16.77,53.0,397.67,-16.44,57.12,33.1,2508.0,0,
2026-08-15T09:11:35,LSVA0000DEMO00001,1,220.1,31.48,6.58,397.88,16.54,53.2,397.5,-16.21,57.12,33.1,2484.0,0,
2026-08-15T09:11:36,LSVA0000DEMO00001,1,220.5,31.4,6.563,398.13,16.49,53.1,398.0,-16.16,57.12,33.1,2478.0,0,
2026-08-15T09:11:37,LSVA0000DEMO00001,1,219.9,31.7,6.625,397.5,16.67,53.2,398.29,-16.33,57.12,33.1,2526.0,0,
2026-08-15T09:11:38,LSVA0000DEMO00001,1,219.3,32.0,6.687,398.37,16.79,53.2,398.18,-16.45,57.13,33.1,2509.0,0,
2026-08-15T09:11:39,LSVA0000DEMO00001,1,220.0,31.52,6.588,397.93,16.56,52.8,398.02,-16.22,57.13,33.2,2496.0,0,
2026-08-15T09:11:40,LSVA0000DEMO00001,1,220.1,32.0,6.688,397.79,16.81,52.9,398.14,-16.48,57.13,33.4,2500.0,0,
2026-08-15T09:11:41,LSVA0000DEMO00001,1,220.1,32.2,6.73,398.42,16.89,53.1,397.99,-16.55,57.14,33.1,2508.0,0,
2026-08-15T09:11:42,LSVA0000DEMO00001,1,220.6,31.24,6.529,397.72,16.42,52.8,397.57,-16.09,57.14,33.1,2515.0,0,
2026-08-15T09:11:43,LSVA0000DEMO00001,1,220.6,31.25,6.531,397.44,16.43,53.3,397.57,-16.1,57.14,33.2,2489.0,0,
2026-08-15T09:11:44,LSVA0000DEMO00001,1,219.6,31.51,6.585,397.38,16.57,53.3,397.94,-16.24,57.15,33.1,2505.0,0,
2026-08-15T09:11:45,LSVA0000DEMO00001,1,219.6,31.75,6.635,398.24,16.66,53.2,397.95,-16.33,57.15,33.3,2492.0,0,
2026-08-15T09:11:46,LSVA0000DEMO00001,1,219.4,31.37,6.557,397.49,16.5,52.9,398.26,-16.17,57.15,32.9,2497.0,0,
2026-08-15T09:11:47,LSVA0000DEMO00001,1,220.4,32.18,6.726,398.7,16.87,53.4,398.23,-16.53,57.15,33.1,2502.0,0,
2026-08-15T09:11:48,LSVA0000DEMO00001,1,220.9,31.71,6.627,397.17,16.68,53.5,398.18,-16.35,57.16,33.3,2500.0,0,
2026-08-15T09:11:49,LSVA0000DEMO00001,1,219.8,31.68,6.621,398.68,16.61,53.2,397.92,-16.28,57.16,33.2,2511.0,0,
2026-08-15T09:11:50,LSVA0000DEMO00001,1,219.9,31.07,6.494,398.08,16.31,53.3,397.59,-15.99,57.16,33.1,2507.0,0,
2026-08-15T09:11:51,LSVA0000DEMO00001,1,220.9,31.11,6.501,397.96,16.34,53.2,398.12,-16.01,57.17,33.2,2477.0,0,
2026-08-15T09:11:52,LSVA0000DEMO00001,1,220.3,31.7,6.626,397.78,16.66,53.3,398.16,-16.32,57.17,33.3,2480.0,0,
2026-08-15T09:11:53,LSVA0000DEMO00001,1,220.3,30.81,6.44,398.16,16.17,53.1,397.28,-15.85,57.17,33.2,2494.0,0,
2026-08-15T09:11:54,LSVA0000DEMO00001,1,219.3,32.0,6.687,397.98,16.8,53.2,397.75,-16.47,57.18,33.1,2527.0,0,
2026-08-15T09:11:55,LSVA0000DEMO00001,1,220.4,31.59,6.602,398.44,16.57,53.4,397.79,-16.24,57.18,33.2,2487.0,0,
2026-08-15T09:11:56,LSVA0000DEMO00001,1,219.4,32.85,6.866,398.05,17.25,53.7,398.04,-16.9,57.18,33.2,2497.0,0,
2026-08-15T09:11:57,LSVA0000DEMO00001,1,219.3,32.5,6.792,398.06,17.06,52.9,397.76,-16.72,57.19,33.3,2492.0,0,
2026-08-15T09:11:58,LSVA0000DEMO00001,1,219.8,31.53,6.59,397.85,16.56,53.2,397.99,-16.23,57.19,33.3,2492.0,0,
2026-08-15T09:11:59,LSVA0000DEMO00001,1,219.6,31.57,6.598,397.98,16.58,53.0,397.94,-16.25,57.19,32.9,2503.0,0,
2026-08-15T09:12:00,LSVA0000DEMO00001,1,219.9,32.0,6.688,398.12,16.8,53.5,397.95,-16.46,57.19,33.2,2521.0,0,
2026-08-15T09:12:01,LSVA0000DEMO00001,1,219.1,32.2,6.731,397.32,16.94,53.1,397.79,-16.6,57.2,33.0,2507.0,0,
2026-08-15T09:12:02,LSVA0000DEMO00001,1,220.6,30.95,6.468,397.46,16.27,52.9,397.81,-15.95,57.2,33.4,2488.0,0,
2026-08-15T09:12:03,LSVA0000DEMO00001,1,220.7,30.95,6.469,398.3,16.24,53.4,397.68,-15.92,57.2,33.2,2541.0,0,
2026-08-15T09:12:04,LSVA0000DEMO00001,1,218.8,31.38,6.558,398.07,16.48,53.6,398.11,-16.15,57.21,33.3,2501.0,0,
2026-08-15T09:12:05,LSVA0000DEMO00001,1,220.6,31.83,6.652,397.93,16.72,53.4,398.17,-16.38,57.21,33.2,2491.0,0,
2026-08-15T09:12:06,LSVA0000DEMO00001,1,219.5,31.8,6.646,398.01,16.7,53.3,397.77,-16.37,57.21,33.1,2521.0,0,
2026-08-15T09:12:07,LSVA0000DEMO00001,1,220.5,32.03,6.694,398.14,16.81,53.3,398.46,-16.48,57.22,33.1,2493.0,0,
2026-08-15T09:12:08,LSVA0000DEMO00001,1,220.0,31.14,6.508,397.78,16.36,53.6,397.91,-16.03,57.22,33.4,2525.0,0,
2026-08-15T09:12:09,LSVA0000DEMO00001,1,220.0,30.71,6.417,397.69,16.14,53.1,398.46,-15.81,57.22,33.3,2487.0,0,
2026-08-15T09:12:10,LSVA0000DEMO00001,1,219.9,31.94,6.676,398.08,16.77,53.3,397.81,-16.44,57.22,33.4,2521.0,0,
2026-08-15T09:12:11,LSVA0000DEMO00001,1,220.7,31.27,6.534,397.61,16.43,53.2,397.39,-16.11,57.23,33.2,2503.0,0,
2026-08-15T09:12:12,LSVA0000DEMO00001,1,219.3,30.86,6.449,398.16,16.2,53.1,398.12,-15.87,57.23,33.2,2519.0,0,
2026-08-15T09:12:13,LSVA0000DEMO00001,1,220.4,31.61,6.607,397.32,16.63,53.2,398.07,-16.3,57.23,33.2,2529.0,0,
2026-08-15T09:12:14,LSVA0000DEMO00001,1,220.7,31.95,6.677,398.41,16.76,53.5,398.01,-16.42,57.24,33.2,2483.0,0,
2026-08-15T09:12:15,LSVA0000DEMO00001,1,220.4,31.58,6.6,398.19,16.58,53.4,397.81,-16.24,57.24,33.1,2519.0,0,
2026-08-15T09:12:16,LSVA0000DEMO00001,1,221.4,31.45,6.572,398.1,16.51,53.5,397.99,-16.18,57.24,33.2,2479.0,0,
2026-08-15T09:12:17,LSVA0000DEMO00001,1,219.7,31.58,6.601,398.39,16.57,53.4,397.85,-16.24,57.25,33.1,2484.0,0,
2026-08-15T09:12:18,LSVA0000DEMO00001,1,220.6,31.52,6.588,398.67,16.53,53.4,397.91,-16.2,57.25,33.3,2488.0,0,
2026-08-15T09:12:19,LSVA0000DEMO00001,1,219.9,31.13,6.506,398.41,16.33,53.2,398.25,-16.0,57.25,33.2,2508.0,0,
2026-08-15T09:12:20,LSVA0000DEMO00001,1,220.7,31.28,6.538,397.26,16.46,53.3,398.06,-16.13,57.26,33.3,2500.0,0,
2026-08-15T09:12:21,LSVA0000DEMO00001,1,220.0,31.77,6.64,397.49,16.7,53.4,398.18,-16.37,57.26,33.4,2497.0,0,
2026-08-15T09:12:22,LSVA0000DEMO00001,1,219.8,31.71,6.628,397.75,16.66,53.4,397.93,-16.33,57.26,33.2,2502.0,0,
2026-08-15T09:12:23,LSVA0000DEMO00001,1,220.8,31.68,6.62,398.01,16.63,53.4,397.9,-16.3,57.26,33.3,2509.0,0,
2026-08-15T09:12:24,LSVA0000DEMO00001,1,219.7,31.25,6.531,398.21,16.4,53.3,397.65,-16.07,57.27,33.4,2510.0,0,
2026-08-15T09:12:25,LSVA0000DEMO00001,1,219.2,31.52,6.588,397.71,16.56,53.3,397.89,-16.23,57.27,33.4,2516.0,0,
2026-08-15T09:12:26,LSVA0000DEMO00001,1,219.7,30.79,6.435,398.07,16.16,54.0,397.0,-15.84,57.27,33.4,2527.0,0,
2026-08-15T09:12:27,LSVA0000DEMO00001,1,220.4,31.66,6.616,397.7,16.64,53.6,397.82,-16.3,57.28,33.2,2500.0,0,
2026-08-15T09:12:28,LSVA0000DEMO00001,1,220.8,32.14,6.716,397.76,16.89,53.5,397.98,-16.55,57.28,33.3,2492.0,0,
2026-08-15T09:12:29,LSVA0000DEMO00001,1,220.1,31.01,6.48,397.44,16.31,53.4,398.17,-15.98,57.28,33.1,2509.0,0,
2026-08-15T09:12:30,LSVA0000DEMO00001,1,220.8,31.36,6.554,397.63,16.48,53.3,397.92,-16.15,57.29,33.3,2483.0,0,
2026-08-15T09:12:31,LSVA0000DEMO00001,1,219.2,31.69,6.624,397.46,16.67,53.4,398.1,-16.33,57.29,33.3,2490.0,0,
2026-08-15T09:12:32,LSVA0000DEMO00001,1,219.7,32.06,6.7,397.61,16.85,53.5,397.35,-16.51,57.29,33.3,2515.0,0,
2026-08-15T09:12:33,LSVA0000DEMO00001,1,219.8,31.47,6.578,398.42,16.51,53.1,397.98,-16.18,57.29,33.4,2498.0,0,
2026-08-15T09:12:34,LSVA0000DEMO00001,1,219.9,31.32,6.545,397.62,16.46,53.1,397.5,-16.13,57.3,33.1,2482.0,0,
2026-08-15T09:12:35,LSVA0000DEMO00001,1,220.1,30.94,6.467,399.05,16.21,53.3,397.64,-15.88,57.3,33.4,2478.0,0,
2026-08-15T09:12:36,LSVA0000DEMO00001,1,220.4,31.67,6.618,398.2,16.62,53.5,397.94,-16.29,57.3,33.4,2501.0,0,
2026-08-15T09:12:37,LSVA0000DEMO00001,1,219.7,32.4,6.771,398.07,17.01,53.4,398.38,-16.67,57.31,33.3,2517.0,0,
2026-08-15T09:12:38,LSVA0000DEMO00001,1,220.1,31.69,6.623,397.66,16.66,53.8,398.11,-16.32,57.31,33.2,2517.0,0,
2026-08-15T09:12:39,LSVA0000DEMO00001,1,220.0,31.63,6.61,398.28,16.6,53.2,398.01,-16.26,57.31,33.3,2502.0,0,
2026-08-15T09:12:40,LSVA0000DEMO00001,1,219.4,31.72,6.629,397.77,16.66,53.3,397.99,-16.33,57.32,33.4,2530.0,0,
2026-08-15T09:12:41,LSVA0000DEMO00001,1,219.9,31.61,6.607,398.05,16.6,53.8,397.79,-16.27,57.32,33.3,2498.0,0,
2026-08-15T09:12:42,LSVA0000DEMO00001,1,219.9,31.38,6.559,399.02,16.44,53.5,397.84,-16.11,57.32,33.3,2498.0,0,
2026-08-15T09:12:43,LSVA0000DEMO00001,1,219.9,31.92,6.672,397.96,16.76,53.7,398.13,-16.43,57.33,33.3,2461.0,0,
2026-08-15T09:12:44,LSVA0000DEMO00001,1,220.0,31.73,6.632,398.46,16.65,53.9,397.58,-16.31,57.33,33.5,2493.0,0,
2026-08-15T09:12:45,LSVA0000DEMO00001,1,220.0,31.6,6.604,397.72,16.6,53.4,398.18,-16.27,57.33,33.2,2513.0,0,
2026-08-15T09:12:46,LSVA0000DEMO00001,1,219.7,31.24,6.529,397.99,16.4,53.5,397.88,-16.08,57.33,33.3,2523.0,0,
2026-08-15T09:12:47,LSVA0000DEMO00001,1,220.8,32.17,6.723,398.71,16.86,53.5,398.25,-16.52,57.34,33.4,2488.0,0,
2026-08-15T09:12:48,LSVA0000DEMO00001,1,219.3,31.84,6.656,397.75,16.73,53.1,398.29,-16.4,57.34,33.3,2507.0,0,
2026-08-15T09:12:49,LSVA0000DEMO00001,1,219.6,31.46,6.575,398.72,16.49,53.5,397.5,-16.16,57.34,33.4,2516.0,0,
2026-08-15T09:12:50,LSVA0000DEMO00001,1,221.7,32.02,6.691,398.28,16.8,53.7,397.83,-16.46,57.35,33.2,2500.0,0,
2026-08-15T09:12:51,LSVA0000DEMO00001,1,219.4,31.4,6.563,397.78,16.5,53.7,397.74,-16.17,57.35,33.3,2466.0,0,
2026-08-15T09:12:52,LSVA0000DEMO00001,1,219.2,31.33,6.549,398.25,16.44,53.7,397.46,-16.11,57.35,33.4,2504.0,0,
2026-08-15T09:12:53,LSVA0000DEMO00001,1,220.4,31.35,6.553,398.39,16.45,53.5,397.69,-16.12,57.36,33.2,2511.0,0,
2026-08-15T09:12:54,LSVA0000DEMO00001,1,218.8,30.96,6.47,398.25,16.25,53.4,398.73,-15.92,57.36,33.3,2486.0,0,
2026-08-15T09:12:55,LSVA0000DEMO00001,1,219.9,31.74,6.634,397.37,16.69,53.8,398.18,-16.36,57.36,33.3,2496.0,0,
2026-08-15T09:12:56,LSVA0000DEMO00001,1,221.3,30.89,6.456,397.71,16.23,53.5,398.58,-15.91,57.36,33.2,2483.0,0,
2026-08-15T09:12:57,LSVA0000DEMO00001,1,219.1,31.14,6.507,397.9,16.35,53.6,398.25,-16.03,57.37,33.3,2461.0,0,
2026-08-15T09:12:58,LSVA0000DEMO00001,1,218.8,30.82,6.441,397.97,16.18,53.6,397.78,-15.86,57.37,33.3,2515.0,0,
2026-08-15T09:12:59,LSVA0000DEMO00001,1,219.1,31.6,6.604,398.25,16.58,53.9,397.89,-16.25,57.37,33.3,2500.0,0,
2026-08-15T09:13:00,LSVA0000DEMO00001,1,220.5,31.56,6.596,398.07,16.57,53.8,398.18,-16.24,57.38,33.4,2524.0,0,
2026-08-15T09:13:01,LSVA0000DEMO00001,1,220.7,31.44,6.572,397.47,16.53,53.3,398.13,-16.2,57.38,33.5,2513.0,0,
2026-08-15T09:13:02,LSVA0000DEMO00001,1,219.7,31.23,6.526,398.15,16.39,53.4,397.83,-16.06,57.38,33.2,2495.0,0,
2026-08-15T09:13:03,LSVA0000DEMO00001,1,220.4,31.18,6.517,398.24,16.37,53.7,397.55,-16.04,57.39,33.3,2499.0,0,
2026-08-15T09:13:04,LSVA0000DEMO00001,1,220.8,31.81,6.648,398.22,16.69,53.6,398.99,-16.36,57.39,33.4,2508.0,0,
2026-08-15T09:13:05,LSVA0000DEMO00001,1,221.1,31.44,6.57,398.43,16.49,53.5,397.96,-16.16,57.39,33.5,2515.0,0,
2026-08-15T09:13:06,LSVA0000DEMO00001,1,219.9,31.76,6.638,398.33,16.66,53.8,397.9,-16.33,57.4,33.4,2505.0,0,
2026-08-15T09:13:07,LSVA0000DEMO00001,1,218.6,31.29,6.539,398.18,16.42,53.7,398.03,-16.09,57.4,33.3,2517.0,0,
2026-08-15T09:13:08,LSVA0000DEMO00001,1,219.5,31.68,6.621,397.97,16.64,53.7,397.93,-16.3,57.4,33.4,2496.0,0,
2026-08-15T09:13:09,LSVA0000DEMO00001,1,219.7,32.05,6.699,397.34,16.86,53.8,398.04,-16.52,57.4,33.4,2485.0,0,
2026-08-15T09:13:10,LSVA0000DEMO00001,1,219.8,31.85,6.656,398.17,16.72,53.6,398.39,-16.38,57.41,33.2,2499.0,0,
2026-08-15T09:13:11,LSVA0000DEMO00001,1,219.9,31.46,6.575,398.08,16.52,54.0,397.96,-16.19,57.41,33.3,2503.0,0,
2026-08-15T09:13:12,LSVA0000DEMO00001,1,220.7,31.72,6.629,398.11,16.65,53.5,397.65,-16.32,57.41,33.5,2482.0,0,
2026-08-15T09:13:13,LSVA0000DEMO00001,1,220.8,31.48,6.579,397.49,16.55,53.8,397.95,-16.22,57.42,33.3,2480.0,0,
2026-08-15T09:13:14,LSVA0000DEMO00001,1,219.9,31.58,6.6,397.57,16.6,54.0,397.86,-16.27,57.42,33.3,2507.0,0,
2026-08-15T09:13:15,LSVA0000DEMO00001,1,220.7,31.52,6.588,398.42,16.53,53.4,398.43,-16.2,57.42,33.3,2494.0,0,
2026-08-15T09:13:16,LSVA0000DEMO00001,1,220.2,31.55,6.593,397.98,16.57,53.6,398.35,-16.24,57.43,33.1,2498.0,0,
2026-08-15T09:13:17,LSVA0000DEMO00001,1,220.0,31.71,6.628,398.27,16.64,53.9,398.03,-16.31,57.43,33.3,2495.0,0,
2026-08-15T09:13:18,LSVA0000DEMO00001,1,220.5,31.23,6.528,398.01,16.4,53.9,397.62,-16.07,57.43,33.4,2523.0,0,
2026-08-15T09:13:19,LSVA0000DEMO00001,1,220.0,31.23,6.526,398.01,16.4,53.7,397.63,-16.07,57.44,33.3,2519.0,0,
2026-08-15T09:13:20,LSVA0000DEMO00001,1,221.2,31.11,6.502,398.38,16.32,53.6,398.0,-16.0,57.44,33.2,2481.0,0,
2026-08-15T09:13:21,LSVA0000DEMO00001,1,219.1,30.99,6.476,397.79,16.28,53.9,398.1,-15.95,57.44,33.2,2492.0,0,
2026-08-15T09:13:22,LSVA0000DEMO00001,1,219.7,31.15,6.511,398.04,16.36,54.0,397.89,-16.03,57.44,33.4,2513.0,0,
2026-08-15T09:13:23,LSVA0000DEMO00001,1,219.9,31.66,6.616,397.82,16.63,53.5,397.86,-16.3,57.45,33.5,2509.0,0,
2026-08-15T09:13:24,LSVA0000DEMO00001,1,220.3,31.26,6.533,397.83,16.42,53.5,397.82,-16.09,57.45,33.5,2499.0,0,
2026-08-15T09:13:25,LSVA0000DEMO00001,1,220.8,31.8,6.646,397.88,16.7,53.8,397.99,-16.37,57.45,33.2,2483.0,0,
2026-08-15T09:13:26,LSVA0000DEMO00001,1,220.0,31.63,6.611,398.09,16.61,53.9,397.29,-16.27,57.46,33.4,2490.0,0,
2026-08-15T09:13:27,LSVA0000DEMO00001,1,219.1,30.85,6.447,397.81,16.21,53.7,397.67,-15.88,57.46,33.3,2492.0,0,
2026-08-15T09:13:28,LSVA0000DEMO00001,1,220.5,31.9,6.667,398.5,16.73,53.9,397.81,-16.4,57.46,33.3,2504.0,0,
2026-08-15T09:13:29,LSVA0000DEMO00001,1,220.5,31.89,6.665,397.64,16.76,53.6,398.36,-16.43,57.47,33.3,2526.0,0,
2026-08-15T09:13:30,LSVA0000DEMO00001,1,218.8,31.23,6.526,397.93,16.4,53.4,397.76,-16.07,57.47,33.4,2490.0,0,
2026-08-15T09:13:31,LSVA0000DEMO00001,1,220.0,31.76,6.637,397.82,16.68,53.7,398.05,-16.35,57.47,33.4,2485.0,0,
2026-08-15T09:13:32,LSVA0000DEMO00001,1,219.0,31.33,6.548,398.58,16.43,53.8,398.07,-16.1,57.47,33.3,2498.0,0,
2026-08-15T09:13:33,LSVA0000DEMO00001,1,219.6,31.65,6.616,398.08,16.62,53.7,398.39,-16.29,57.48,33.3,2515.0,0,
2026-08-15T09:13:34,LSVA0000DEMO00001,1,219.5,31.16,6.513,398.41,16.35,53.6,398.38,-16.02,57.48,33.4,2478.0,0,
2026-08-15T09:13:35,LSVA0000DEMO00001,1,220.5,30.88,6.454,397.41,16.24,53.4,397.98,-15.92,57.48,33.4,2522.0,0,
2026-08-15T09:13:36,LSVA0000DEMO00001,1,220.1,31.47,6.578,398.11,16.52,53.7,397.86,-16.19,57.49,33.5,2497.0,0,
2026-08-15T09:13:37,LSVA0000DEMO00001,1,219.2,31.59,6.603,398.36,16.58,54.0,397.8,-16.24,57.49,33.2,2489.0,0,
2026-08-15T09:13:38,LSVA0000DEMO00001,1,220.5,31.46,6.576,398.03,16.52,54.1,397.93,-16.19,57.49,33.4,2476.0,0,
2026-08-15T09:13:39,LSVA0000DEMO00001,1,219.1,31.19,6.52,398.43,16.36,54.1,397.87,-16.04,57.5,33.3,2511.0,0,
2026-08-15T09:13:40,LSVA0000DEMO00001,1,220.2,31.44,6.572,397.79,16.52,53.7,398.17,-16.19,57.5,33.4,2497.0,0,
2026-08-15T09:13:41,LSVA0000DEMO00001,1,219.5,31.76,6.638,398.56,16.65,53.6,398.13,-16.32,57.5,33.3,2503.0,0,
2026-08-15T09:13:42,LSVA0000DEMO00001,1,219.8,31.67,6.618,398.92,16.59,53.9,398.18,-16.26,57.51,33.4,2486.0,0,
2026-08-15T09:13:43,LSVA0000DEMO00001,1,220.3,31.67,6.619,397.85,16.64,54.0,398.38,-16.3,57.51,33.3,2495.0,0,
2026-08-15T09:13:44,LSVA0000DEMO00001,1,220.3,31.34,6.551,397.82,16.47,53.9,398.56,-16.14,57.51,33.2,2493.0,0,
2026-08-15T09:13:45,LSVA0000DEMO00001,1,220.8,32.1,6.71,398.58,16.83,53.5,398.04,-16.5,57.51,33.2,2498.0,0,
2026-08-15T09:13:46,LSVA0000DEMO00001,1,220.0,31.21,6.524,398.63,16.36,53.7,398.33,-16.04,57.52,33.4,2490.0,0,
2026-08-15T09:13:47,LSVA0000DEMO00001,1,220.2,31.78,6.642,397.79,16.7,53.9,397.89,-16.36,57.52,33.3,2477.0,0,
2026-08-15T09:13:48,LSVA0000DEMO00001,1,219.7,32.05,6.698,397.83,16.84,54.0,398.36,-16.5,57.52,33.3,2541.0,0,
2026-08-15T09:13:49,LSVA0000DEMO00001,1,220.1,31.79,6.643,397.89,16.7,54.0,398.32,-16.36,57.53,33.5,2480.0,0,
2026-08-15T09:13:50,LSVA0000DEMO00001,1,220.3,31.49,6.582,397.46,16.56,53.9,398.3,-16.23,57.53,33.3,2503.0,0,
2026-08-15T09:13:51,LSVA0000DEMO00001,1,219.9,31.38,6.559,397.63,16.49,54.0,398.03,-16.16,57.53,33.5,2473.0,0,
2026-08-15T09:13:52,LSVA0000DEMO00001,1,218.9,31.97,6.683,397.6,16.81,53.9,397.8,-16.47,57.54,33.5,2470.0,0,
2026-08-15T09:13:53,LSVA0000DEMO00001,1,220.2,31.05,6.489,397.69,16.32,54.0,397.58,-15.99,57.54,33.2,2501.0,0,
2026-08-15T09:13:54,LSVA0000DEMO00001,1,220.2,31.24,6.529,397.99,16.41,54.0,397.99,-16.08,57.54,33.4,2503.0,0,
2026-08-15T09:13:55,LSVA0000DEMO00001,1,219.6,31.47,6.577,398.09,16.52,53.9,398.46,-16.19,57.54,33.4,2519.0,0,
2026-08-15T09:13:56,LSVA0000DEMO00001,1,219.2,32.13,6.716,398.62,16.85,53.9,397.91,-16.51,57.55,33.1,2506.0,0,
2026-08-15T09:13:57,LSVA0000DEMO00001,1,220.9,31.72,6.63,397.6,16.68,54.0,398.24,-16.34,57.55,33.3,2498.0,0,
2026-08-15T09:13:58,LSVA0000DEMO00001,1,220.3,31.27,6.536,398.39,16.41,54.0,398.25,-16.08,57.55,33.5,2486.0,0,
2026-08-15T09:13:59,LSVA0000DEMO00001,1,219.9,31.49,6.581,397.91,16.54,54.0,397.91,-16.21,57.56,33.6,2522.0,0,
2026-08-15T09:14:00,LSVA0000DEMO00001,1,219.3,31.38,6.558,397.98,16.48,54.0,398.39,-16.15,57.56,33.5,2514.0,0,
2026-08-15T09:14:01,LSVA0000DEMO00001,1,219.5,31.36,6.555,398.27,16.46,54.2,397.13,-16.13,57.56,33.4,2481.0,0,
2026-08-15T09:14:02,LSVA0000DEMO00001,1,220.8,31.95,6.677,397.55,16.8,54.0,397.63,-16.46,57.57,33.4,2501.0,0,
2026-08-15T09:14:03,LSVA0000DEMO00001,1,220.1,31.1,6.5,398.15,16.33,53.8,397.73,-16.0,57.57,33.6,2502.0,0,
2026-08-15T09:14:04,LSVA0000DEMO00001,1,219.7,32.23,6.736,398.07,16.92,54.2,397.75,-16.58,57.57,33.6,2495.0,0,
2026-08-15T09:14:05,LSVA0000DEMO00001,1,220.3,31.94,6.676,398.2,16.77,53.7,398.1,-16.43,57.58,33.3,2512.0,0,
2026-08-15T09:14:06,LSVA0000DEMO00001,1,219.5,32.04,6.696,398.12,16.82,53.8,398.09,-16.48,57.58,33.2,2512.0,0,
2026-08-15T09:14:07,LSVA0000DEMO00001,1,220.9,31.51,6.586,398.98,16.51,54.1,398.12,-16.18,57.58,33.2,2497.0,0,
2026-08-15T09:14:08,LSVA0000DEMO00001,1,220.8,31.53,6.591,397.74,16.57,54.1,398.18,-16.24,57.58,33.5,2496.0,0,
2026-08-15T09:14:09,LSVA0000DEMO00001,1,219.7,31.05,6.489,397.79,16.31,53.8,397.71,-15.99,57.59,33.4,2522.0,0,
2026-08-15T09:14:10,LSVA0000DEMO00001,1,219.6,31.39,6.561,397.75,16.5,53.9,397.63,-16.17,57.59,33.4,2514.0,0,
2026-08-15T09:14:11,LSVA0000DEMO00001,1,218.4,31.78,6.642,397.78,16.7,53.9,398.12,-16.36,57.59,33.2,2501.0,0,
2026-08-15T09:14:12,LSVA0000DEMO00001,1,219.1,32.08,6.706,397.75,16.86,53.9,397.81,-16.52,57.6,33.3,2476.0,0,
2026-08-15T09:14:13,LSVA0000DEMO00001,1,219.2,31.23,6.526,398.48,16.38,54.2,397.53,-16.05,57.6,33.4,2505.0,0,
2026-08-15T09:14:14,LSVA0000DEMO00001,1,220.1,31.52,6.587,398.57,16.53,54.2,398.29,-16.2,57.6,33.4,2510.0,0,
2026-08-15T09:14:15,LSVA0000DEMO00001,1,219.8,31.54,6.591,397.77,16.57,54.0,398.42,-16.24,57.61,33.4,2459.0,0,
2026-08-15T09:14:16,LSVA0000DEMO00001,1,219.2,31.05,6.49,397.67,16.32,53.9,398.47,-15.99,57.61,33.3,2504.0,0,
2026-08-15T09:14:17,LSVA0000DEMO00001,1,219.8,31.85,6.657,398.19,16.72,53.8,398.06,-16.38,57.61,33.3,2494.0,0,
2026-08-15T09:14:18,LSVA0000DEMO00001,1,220.3,31.32,6.546,397.78,16.46,54.3,398.19,-16.13,57.61,33.6,2497.0,0,
2026-08-15T09:14:19,LSVA0000DEMO00001,1,220.3,31.56,6.595,398.25,16.56,54.2,398.41,-16.23,57.62,33.5,2486.0,0,
2026-08-15T09:14:20,LSVA0000DEMO00001,1,218.9,31.45,6.572,398.08,16.51,53.9,397.81,-16.18,57.62,33.5,2498.0,0,
2026-08-15T09:14:21,LSVA0000DEMO00001,1,219.9,31.26,6.534,397.39,16.44,54.2,398.33,-16.11,57.62,33.3,2521.0,0,
2026-08-15T09:14:22,LSVA0000DEMO00001,1,219.2,31.66,6.617,398.62,16.6,54.1,398.08,-16.27,57.63,33.1,2493.0,0,
2026-08-15T09:14:23,LSVA0000DEMO00001,1,220.5,31.59,6.602,398.72,16.56,54.0,398.27,-16.23,57.63,33.4,2514.0,0,
2026-08-15T09:14:24,LSVA0000DEMO00001,1,220.5,31.45,6.573,397.75,16.53,54.2,398.06,-16.2,57.63,33.4,2488.0,0,
2026-08-15T09:14:25,LSVA0000DEMO00001,1,219.5,31.32,6.546,397.84,16.45,53.9,398.39,-16.13,57.64,33.5,2511.0,0,
2026-08-15T09:14:26,LSVA0000DEMO00001,1,219.5,31.74,6.634,398.11,16.66,54.0,398.07,-16.33,57.64,33.8,2500.0,0,
2026-08-15T09:14:27,LSVA0000DEMO00001,1,219.7,32.25,6.741,398.13,16.93,54.1,397.55,-16.59,57.64,33.5,2505.0,0,
2026-08-15T09:14:28,LSVA0000DEMO00001,1,218.6,31.69,6.622,398.26,16.63,54.0,398.44,-16.3,57.65,33.7,2500.0,0,
2026-08-15T09:14:29,LSVA0000DEMO00001,1,220.2,32.06,6.7,398.8,16.8,54.2,397.72,-16.46,57.65,33.5,2510.0,0,
2026-08-15T09:14:30,LSVA0000DEMO00001,1,219.8,31.08,6.495,397.93,16.32,54.5,398.38,-16.0,57.65,33.4,2461.0,0,
2026-08-15T09:14:31,LSVA0000DEMO00001,1,220.6,31.65,6.614,397.68,16.63,54.0,397.97,-16.3,57.65,33.5,2479.0,0,
2026-08-15T09:14:32,LSVA0000DEMO00001,1,219.3,31.15,6.51,397.45,16.38,53.8,398.35,-16.05,57.66,33.6,2506.0,0,
2026-08-15T09:14:33,LSVA0000DEMO00001,1,219.6,31.03,6.484,397.71,16.3,53.7,398.34,-15.98,57.66,33.6,2469.0,0,
2026-08-15T09:14:34,LSVA0000DEMO00001,1,219.1,31.33,6.548,397.99,16.45,54.1,398.13,-16.12,57.66,33.4,2492.0,0,
2026-08-15T09:14:35,LSVA0000DEMO00001,1,219.4,32.12,6.714,398.72,16.84,54.0,398.15,-16.5,57.67,33.5,2499.0,0,
2026-08-15T09:14:36,LSVA0000DEMO00001,1,219.3,31.96,6.679,397.79,16.79,54.2,398.13,-16.45,57.67,33.3,2488.0,0,
2026-08-15T09:14:37,LSVA0000DEMO00001,1,220.6,31.71,6.628,398.09,16.65,54.2,397.4,-16.32,57.67,33.5,2490.0,0,
2026-08-15T09:14:38,LSVA0000DEMO00001,1,219.6,31.03,6.485,397.99,16.29,53.8,398.04,-15.97,57.68,33.6,2504.0,0,
2026-08-15T09:14:39,LSVA0000DEMO00001,1,220.1,31.57,6.599,398.48,16.56,53.8,397.67,-16.23,57.68,33.5,2515.0,0,
2026-08-15T09:14:40,LSVA0000DEMO00001,1,219.8,31.81,6.648,399.01,16.66,54.2,398.05,-16.33,57.68,33.4,2486.0,0,
2026-08-15T09:14:41,LSVA0000DEMO00001,1,219.2,31.66,6.617,397.79,16.64,54.2,397.66,-16.3,57.68,33.5,2491.0,0,
2026-08-15T09:14:42,LSVA0000DEMO00001,1,219.9,30.89,6.457,397.8,16.23,54.1,397.64,-15.91,57.69,33.5,2489.0,0,
2026-08-15T09:14:43,LSVA0000DEMO00001,1,220.4,31.31,6.543,398.42,16.42,53.9,398.48,-16.09,57.69,33.5,2464.0,0,
2026-08-15T09:14:44,LSVA0000DEMO00001,1,219.3,31.61,6.606,398.27,16.59,54.3,398.32,-16.26,57.69,33.5,2502.0,0,
2026-08-15T09:14:45,LSVA0000DEMO00001,1,220.5,31.87,6.662,398.74,16.71,54.5,398.0,-16.37,57.7,33.5,2514.0,0,
2026-08-15T09:14:46,LSVA0000DEMO00001,1,219.5,30.79,6.436,398.23,16.16,54.3,398.06,-15.84,57.7,33.6,2515.0,0,
2026-08-15T09:14:47,LSVA0000DEMO00001,1,219.7,31.54,6.592,397.86,16.57,54.0,397.93,-16.24,57.7,33.6,2487.0,0,
2026-08-15T09:14:48,LSVA0000DEMO00001,1,220.3,31.68,6.622,398.24,16.63,54.2,398.17,-16.3,57.71,33.4,2481.0,0,
2026-08-15T09:14:49,LSVA0000DEMO00001,1,219.6,31.97,6.682,398.44,16.77,53.9,397.8,-16.43,57.71,33.4,2500.0,0,
2026-08-15T09:14:50,LSVA0000DEMO00001,1,220.0,31.9,6.667,398.33,16.74,54.4,398.3,-16.4,57.71,33.5,2512.0,0,
2026-08-15T09:14:51,LSVA0000DEMO00001,1,219.8,31.85,6.657,398.2,16.72,54.2,397.92,-16.38,57.72,33.6,2502.0,0,
2026-08-15T09:14:52,LSVA0000DEMO00001,1,220.1,31.34,6.55,398.43,16.44,53.9,397.87,-16.11,57.72,33.5,2504.0,0,
2026-08-15T09:14:53,LSVA0000DEMO00001,1,218.6,30.92,6.463,398.47,16.22,54.2,398.01,-15.89,57.72,33.4,2517.0,0,
2026-08-15T09:14:54,LSVA0000DEMO00001,1,218.9,31.51,6.585,398.55,16.52,54.3,397.82,-16.19,57.72,33.5,2489.0,0,
2026-08-15T09:14:55,LSVA0000DEMO00001,1,220.4,32.01,6.691,398.26,16.8,54.2,398.1,-16.46,57.73,33.5,2497.0,0,
2026-08-15T09:14:56,LSVA0000DEMO00001,1,220.6,32.14,6.717,397.93,16.88,54.2,397.84,-16.54,57.73,33.6,2525.0,0,
2026-08-15T09:14:57,LSVA0000DEMO00001,1,219.5,31.89,6.664,398.06,16.74,54.0,398.14,-16.41,57.73,33.5,2497.0,0,
2026-08-15T09:14:58,LSVA0000DEMO00001,1,219.9,31.81,6.649,398.48,16.69,54.4,398.36,-16.35,57.74,33.5,2481.0,0,
2026-08-15T09:14:59,LSVA0000DEMO00001,1,220.2,31.73,6.632,397.67,16.68,54.1,397.78,-16.34,57.74,33.5,2490.0,0,
2026-08-15T09:15:00,LSVA0000DEMO00001,1,220.4,31.41,6.565,398.15,16.49,53.8,397.96,-16.16,57.74,33.6,2486.0,0,
2026-08-15T09:15:01,LSVA0000DEMO00001,1,218.8,31.55,6.594,397.84,16.57,54.2,398.14,-16.24,57.75,33.4,2505.0,0,
2026-08-15T09:15:02,LSVA0000DEMO00001,1,219.5,32.25,6.74,398.01,16.93,54.5,397.87,-16.6,57.75,33.5,2487.0,0,
2026-08-15T09:15:03,LSVA0000DEMO00001,1,219.8,31.29,6.54,398.51,16.41,54.2,398.14,-16.08,57.75,33.5,2504.0,0,
2026-08-15T09:15:04,LSVA0000DEMO00001,1,220.4,32.23,6.737,398.08,16.92,54.6,398.17,-16.58,57.76,33.5,2489.0,0,
2026-08-15T09:15:05,LSVA0000DEMO00001,1,221.5,31.49,6.581,398.02,16.54,54.4,398.32,-16.2,57.76,33.4,2468.0,0,
2026-08-15T09:15:06,LSVA0000DEMO00001,1,219.9,32.07,6.703,397.46,16.87,54.4,397.82,-16.53,57.76,33.5,2505.0,0,
2026-08-15T09:15:07,LSVA0000DEMO00001,1,219.2,31.1,6.5,398.3,16.32,54.3,397.72,-15.99,57.76,33.6,2502.0,0,
2026-08-15T09:15:08,LSVA0000DEMO00001,1,220.2,31.86,6.658,398.26,16.72,54.3,397.91,-16.38,57.77,33.4,2508.0,0,
2026-08-15T09:15:09,LSVA0000DEMO00001,1,220.8,31.4,6.562,398.87,16.45,54.3,397.71,-16.12,57.77,33.4,2490.0,0,
2026-08-15T09:15:10,LSVA0000DEMO00001,1,220.1,31.06,6.492,397.88,16.32,54.3,398.17,-15.99,57.77,33.4,2488.0,0,
2026-08-15T09:15:11,LSVA0000DEMO00001,1,219.5,31.7,6.626,398.09,16.64,54.4,397.65,-16.31,57.78,33.4,2506.0,0,
2026-08-15T09:15:12,LSVA0000DEMO00001,1,220.6,32.0,6.689,398.1,16.8,54.1,398.7,-16.47,57.78,33.6,2523.0,0,
2026-08-15T09:15:13,LSVA0000DEMO00001,1,220.4,31.34,6.55,398.63,16.43,54.1,398.39,-16.1,57.78,33.4,2500.0,0,
2026-08-15T09:15:14,LSVA0000DEMO00001,1,219.4,31.04,6.487,397.96,16.3,54.1,398.0,-15.97,57.79,33.5,2506.0,0,
2026-08-15T09:15:15,LSVA0000DEMO00001,1,220.2,31.59,6.601,398.11,16.58,54.8,398.26,-16.25,57.79,33.6,2495.0,0,
2026-08-15T09:15:16,LSVA0000DEMO00001,1,220.6,31.6,6.604,398.24,16.58,54.5,397.51,-16.25,57.79,33.6,2477.0,0,
2026-08-15T09:15:17,LSVA0000DEMO00001,1,220.7,31.83,6.652,398.07,16.71,54.4,398.76,-16.38,57.79,33.5,2515.0,0,
2026-08-15T09:15:18,LSVA0000DEMO00001,1,220.0,31.96,6.679,397.82,16.79,54.2,397.82,-16.45,57.8,33.5,2514.0,0,
2026-08-15T09:15:19,LSVA0000DEMO00001,1,219.8,31.6,6.603,398.08,16.59,54.5,397.96,-16.26,57.8,33.5,2511.0,0,
2026-08-15T09:15:20,LSVA0000DEMO00001,1,220.7,32.35,6.762,398.43,16.97,54.4,397.44,-16.63,57.8,33.5,2497.0,0,
2026-08-15T09:15:21,LSVA0000DEMO00001,1,219.3,31.66,6.618,397.59,16.64,54.4,398.15,-16.31,57.81,33.5,2509.0,0,
2026-08-15T09:15:22,LSVA0000DEMO00001,1,220.3,31.48,6.58,398.05,16.53,54.2,397.67,-16.2,57.81,33.8,2513.0,0,
2026-08-15T09:15:23,LSVA0000DEMO00001,1,219.2,30.98,6.474,397.72,16.28,54.4,398.03,-15.95,57.81,33.6,2524.0,0,
2026-08-15T09:15:24,LSVA0000DEMO00001,1,220.6,31.55,6.594,398.48,16.55,54.3,397.84,-16.22,57.82,33.8,2515.0,0,
2026-08-15T09:15:25,LSVA0000DEMO00001,1,219.8,31.44,6.57,397.39,16.53,54.2,397.68,-16.2,57.82,33.5,2501.0,0,
2026-08-15T09:15:26,LSVA0000DEMO00001,1,220.8,31.96,6.679,397.78,16.79,54.6,397.76,-16.46,57.82,33.5,2480.0,0,
2026-08-15T09:15:27,LSVA0000DEMO00001,1,220.3,31.8,6.646,398.15,16.69,54.1,398.07,-16.36,57.83,33.4,2502.0,0,
2026-08-15T09:15:28,LSVA0000DEMO00001,1,219.3,31.21,6.523,398.63,16.36,54.5,397.62,-16.04,57.83,33.5,2504.0,0,
2026-08-15T09:15:29,LSVA0000DEMO00001,1,220.9,31.67,6.62,397.97,16.63,54.6,397.78,-16.3,57.83,33.7,2511.0,0,
2026-08-15T09:15:30,LSVA0000DEMO00001,1,220.9,31.85,6.657,397.78,16.73,54.3,398.2,-16.4,57.83,33.5,2520.0,0,
2026-08-15T09:15:31,LSVA0000DEMO00001,1,220.5,32.25,6.741,398.75,16.91,54.3,398.78,-16.57,57.84,33.7,2499.0,0,
2026-08-15T09:15:32,LSVA0000DEMO00001,1,219.5,31.9,6.668,397.42,16.78,54.4,398.14,-16.44,57.84,33.4,2532.0,0,
2026-08-15T09:15:33,LSVA0000DEMO00001,1,219.8,31.83,6.653,397.12,16.75,54.5,397.72,-16.42,57.84,33.4,2474.0,0,
2026-08-15T09:15:34,LSVA0000DEMO00001,1,220.1,31.65,6.615,398.18,16.61,54.4,397.89,-16.28,57.85,33.5,2506.0,0,
2026-08-15T09:15:35,LSVA0000DEMO00001,1,219.6,31.74,6.634,397.8,16.68,54.5,398.01,-16.34,57.85,33.6,2488.0,0,
2026-08-15T09:15:36,LSVA0000DEMO00001,1,221.0,32.05,6.699,397.59,16.85,54.8,397.9,-16.51,57.85,33.7,2471.0,0,
2026-08-15T09:15:37,LSVA0000DEMO00001,1,220.1,31.13,6.505,398.28,16.33,54.4,398.27,-16.01,57.86,33.6,2497.0,0,
2026-08-15T09:15:38,LSVA0000DEMO00001,1,218.4,31.49,6.581,398.1,16.53,54.1,398.07,-16.2,57.86,33.5,2478.0,0,
2026-08-15T09:15:39,LSVA0000DEMO00001,1,220.2,31.3,6.542,397.77,16.45,54.6,398.27,-16.12,57.86,33.6,2498.0,0,
2026-08-15T09:15:40,LSVA0000DEMO00001,1,219.8,31.72,6.628,397.49,16.68,54.8,397.91,-16.34,57.86,33.5,2501.0,0,
2026-08-15T09:15:41,LSVA0000DEMO00001,1,220.0,32.11,6.711,398.35,16.85,54.6,398.4,-16.51,57.87,33.5,2517.0,0,
2026-08-15T09:15:42,LSVA0000DEMO00001,1,219.8,31.4,6.564,398.26,16.48,54.3,397.95,-16.15,57.87,33.5,2477.0,0,
2026-08-15T09:15:43,LSVA0000DEMO00001,1,220.5,30.7,6.416,397.96,16.12,54.5,397.71,-15.8,57.87,33.7,2514.0,0,
2026-08-15T09:15:44,LSVA0000DEMO00001,1,220.7,31.51,6.586,398.74,16.52,54.3,398.65,-16.19,57.88,33.4,2501.0,0,
2026-08-15T09:15:45,LSVA0000DEMO00001,1,220.2,31.93,6.672,397.57,16.78,54.6,397.45,-16.45,57.88,33.7,2515.0,0,
2026-08-15T09:15:46,LSVA0000DEMO00001,1,219.8,31.77,6.639,397.39,16.71,54.2,397.78,-16.37,57.88,33.5,2494.0,0,
2026-08-15T09:15:47,LSVA0000DEMO00001,1,220.0,31.75,6.636,397.72,16.69,54.5,397.81,-16.35,57.89,33.5,2480.0,0,
2026-08-15T09:15:48,LSVA0000DEMO00001,1,220.0,31.5,6.584,397.98,16.54,54.3,398.75,-16.21,57.89,33.7,2482.0,0,
2026-08-15T09:15:49,LSVA0000DEMO00001,1,219.5,31.13,6.507,398.1,16.34,54.5,398.54,-16.02,57.89,33.7,2481.0,0,
2026-08-15T09:15:50,LSVA0000DEMO00001,1,220.3,31.8,6.646,397.9,16.7,54.5,398.45,-16.37,57.9,33.7,2507.0,0,
2026-08-15T09:15:51,LSVA0000DEMO00001,1,220.3,31.3,6.543,398.14,16.43,54.6,397.9,-16.1,57.9,33.6,2522.0,0,
2026-08-15T09:15:52,LSVA0000DEMO00001,1,220.9,32.4,6.772,397.5,17.04,54.5,398.73,-16.7,57.9,33.7,2492.0,0,
2026-08-15T09:15:53,LSVA0000DEMO00001,1,220.8,31.87,6.662,398.58,16.71,54.3,398.11,-16.38,57.9,33.4,2509.0,0,
2026-08-15T09:15:54,LSVA0000DEMO00001,1,219.6,31.39,6.56,397.97,16.48,54.7,398.29,-16.15,57.91,33.5,2477.0,0,
2026-08-15T09:15:55,LSVA0000DEMO00001,1,220.5,31.41,6.565,398.45,16.48,54.5,398.05,-16.15,57.91,33.5,2503.0,0,
2026-08-15T09:15:56,LSVA0000DEMO00001,1,219.4,31.59,6.602,398.14,16.58,54.4,397.99,-16.25,57.91,33.7,2510.0,0,
2026-08-15T09:15:57,LSVA0000DEMO00001,1,220.4,31.53,6.591,398.18,16.55,55.0,397.92,-16.22,57.92,33.6,2478.0,0,
2026-08-15T09:15:58,LSVA0000DEMO00001,1,219.7,32.06,6.7,398.23,16.82,54.7,397.94,-16.49,57.92,33.7,2497.0,0,
2026-08-15T09:15:59,LSVA0000DEMO00001,1,219.4,31.7,6.625,398.18,16.64,54.5,398.18,-16.3,57.92,33.7,2511.0,0,
2026-08-15T09:16:00,LSVA0000DEMO00001,1,220.2,31.35,6.553,398.26,16.45,54.9,398.11,-16.12,57.93,33.5,2456.0,0,
2026-08-15T09:16:01,LSVA0000DEMO00001,1,218.4,32.37,6.766,398.53,16.98,54.9,397.99,-16.64,57.93,33.5,2520.0,0,
2026-08-15T09:16:02,LSVA0000DEMO00001,1,218.9,31.64,6.612,398.08,16.61,54.6,398.45,-16.28,57.93,33.7,2505.0,0,
2026-08-15T09:16:03,LSVA0000DEMO00001,1,219.9,31.93,6.673,398.28,16.75,54.7,397.11,-16.42,57.93,33.5,2511.0,0,
2026-08-15T09:16:04,LSVA0000DEMO00001,1,220.0,31.38,6.558,397.96,16.48,54.4,398.15,-16.15,57.94,33.6,2494.0,0,
2026-08-15T09:16:05,LSVA0000DEMO00001,1,219.8,31.8,6.645,398.58,16.67,54.6,398.22,-16.34,57.94,33.5,2474.0,0,
2026-08-15T09:16:06,LSVA0000DEMO00001,1,219.1,31.71,6.627,397.73,16.66,54.6,398.34,-16.33,57.94,33.6,2508.0,0,
2026-08-15T09:16:07,LSVA0000DEMO00001,1,219.5,30.95,6.468,398.72,16.22,54.6,397.98,-15.9,57.95,33.6,2499.0,0,
2026-08-15T09:16:08,LSVA0000DEMO00001,1,220.2,32.38,6.767,397.98,17.0,54.7,398.06,-16.66,57.95,33.5,2500.0,0,
2026-08-15T09:16:09,LSVA0000DEMO00001,1,220.3,32.06,6.7,397.43,16.86,54.7,398.3,-16.52,57.95,33.5,2516.0,0,
2026-08-15T09:16:10,LSVA0000DEMO00001,1,220.0,31.46,6.576,398.05,16.52,54.7,398.45,-16.19,57.96,33.6,2511.0,0,
2026-08-15T09:16:11,LSVA0000DEMO00001,1,220.7,31.17,6.515,397.73,16.38,54.4,397.91,-16.05,57.96,33.5,2529.0,0,
2026-08-15T09:16:12,LSVA0000DEMO00001,1,220.2,31.77,6.64,398.34,16.67,54.4,398.08,-16.34,57.96,33.5,2502.0,0,
2026-08-15T09:16:13,LSVA0000DEMO00001,1,219.6,31.62,6.609,397.74,16.62,54.5,398.5,-16.28,57.97,33.5,2490.0,0,
2026-08-15T09:16:14,LSVA0000DEMO00001,1,219.8,31.73,6.632,397.82,16.67,54.6,397.36,-16.34,57.97,33.6,2497.0,0,
2026-08-15T09:16:15,LSVA0000DEMO00001,1,219.2,31.62,6.609,397.24,16.64,54.9,397.79,-16.31,57.97,33.7,2506.0,0,
2026-08-15T09:16:16,LSVA0000DEMO00001,1,219.9,31.79,6.644,397.82,16.7,54.4,398.44,-16.37,57.97,33.8,2515.0,0,
2026-08-15T09:16:17,LSVA0000DEMO00001,1,220.7,32.08,6.706,397.03,16.89,54.6,398.33,-16.55,57.98,33.6,2478.0,0,
2026-08-15T09:16:18,LSVA0000DEMO00001,1,220.4,31.78,6.641,397.37,16.71,54.8,398.16,-16.38,57.98,33.8,2500.0,0,
2026-08-15T09:16:19,LSVA0000DEMO00001,1,220.8,31.24,6.528,398.3,16.39,54.6,397.87,-16.06,57.98,33.5,2524.0,0,
2026-08-15T09:16:20,LSVA0000DEMO00001,1,219.8,32.16,6.721,398.31,16.87,54.8,397.74,-16.54,57.99,33.7,2496.0,0,
2026-08-15T09:16:21,LSVA0000DEMO00001,1,220.8,32.25,6.74,398.17,16.93,54.6,397.82,-16.59,57.99,33.6,2514.0,0,
2026-08-15T09:16:22,LSVA0000DEMO00001,1,219.9,32.78,6.851,397.61,17.23,54.7,398.46,-16.89,57.99,33.5,2507.0,0,
2026-08-15T09:16:23,LSVA0000DEMO00001,1,220.9,31.18,6.517,397.98,16.38,54.6,397.81,-16.05,58.0,33.6,2514.0,0,
2026-08-15T09:16:24,LSVA0000DEMO00001,1,220.0,31.7,6.626,398.0,16.65,54.8,398.03,-16.32,58.0,33.6,2488.0,0,
2026-08-15T09:16:25,LSVA0000DEMO00001,1,220.4,30.78,6.434,397.54,16.18,54.4,397.77,-15.86,58.0,33.7,2488.0,0,
2026-08-15T09:16:26,LSVA0000DEMO00001,1,220.9,31.87,6.661,398.6,16.71,54.6,398.25,-16.38,58.0,33.7,2500.0,0,
2026-08-15T09:16:27,LSVA0000DEMO00001,1,219.9,31.43,6.569,398.35,16.49,54.8,397.84,-16.16,58.01,33.6,2477.0,0,
2026-08-15T09:16:28,LSVA0000DEMO00001,1,220.1,32.34,6.758,397.91,16.98,54.8,397.97,-16.64,58.01,33.5,2496.0,0,
2026-08-15T09:16:29,LSVA0000DEMO00001,1,220.8,31.32,6.545,398.01,16.45,55.0,397.49,-16.12,58.01,33.6,2504.0,0,
2026-08-15T09:16:30,LSVA0000DEMO00001,1,219.9,30.97,6.474,398.08,16.26,54.6,397.52,-15.94,58.02,33.6,2527.0,0,
2026-08-15T09:16:31,LSVA0000DEMO00001,1,219.2,31.37,6.556,397.18,16.51,55.0,398.0,-16.18,58.02,33.6,2506.0,0,
2026-08-15T09:16:32,LSVA0000DEMO00001,1,221.3,30.85,6.448,397.9,16.2,54.6,397.6,-15.88,58.02,33.6,2509.0,0,
2026-08-15T09:16:33,LSVA0000DEMO00001,1,219.7,31.88,6.662,397.73,16.75,55.0,398.63,-16.42,58.03,33.7,2517.0,0,
2026-08-15T09:16:34,LSVA0000DEMO00001,1,220.1,30.79,6.436,397.6,16.19,54.9,397.38,-15.86,58.03,33.9,2486.0,0,
2026-08-15T09:16:35,LSVA0000DEMO00001,1,220.7,31.61,6.607,397.89,16.61,54.6,397.76,-16.27,58.03,33.6,2498.0,0,
2026-08-15T09:16:36,LSVA0000DEMO00001,1,219.6,30.88,6.453,398.72,16.18,54.8,398.01,-15.86,58.04,33.6,2536.0,0,
2026-08-15T09:16:37,LSVA0000DEMO00001,1,219.4,31.51,6.586,398.26,16.54,54.7,397.89,-16.21,58.04,33.7,2499.0,0,
2026-08-15T09:16:38,LSVA0000DEMO00001,1,220.2,32.22,6.734,397.77,16.93,54.9,397.67,-16.59,58.04,33.6,2517.0,0,
2026-08-15T09:16:39,LSVA0000DEMO00001,1,218.9,31.77,6.639,398.23,16.67,54.7,397.71,-16.34,58.04,33.7,2514.0,0,
2026-08-15T09:16:40,LSVA0000DEMO00001,1,219.8,31.33,6.547,398.56,16.43,54.7,397.7,-16.1,58.05,33.6,2478.0,0,
2026-08-15T09:16:41,LSVA0000DEMO00001,1,220.1,31.63,6.61,398.37,16.59,55.0,397.91,-16.26,58.05,33.9,2505.0,0,
2026-08-15T09:16:42,LSVA0000DEMO00001,1,219.8,31.62,6.609,398.02,16.6,54.7,398.59,-16.27,58.05,33.7,2502.0,0,
2026-08-15T09:16:43,LSVA0000DEMO00001,1,219.1,31.77,6.64,397.74,16.69,54.9,398.02,-16.36,58.06,33.6,2505.0,0,
2026-08-15T09:16:44,LSVA0000DEMO00001,1,221.0,31.11,6.503,398.28,16.33,54.7,398.35,-16.0,58.06,33.6,2489.0,0,
2026-08-15T09:16:45,LSVA0000DEMO00001,1,220.1,31.85,6.657,398.16,16.72,55.1,398.15,-16.38,58.06,33.6,2483.0,0,
2026-08-15T09:16:46,LSVA0000DEMO00001,1,220.9,30.61,6.397,398.36,16.06,54.6,398.33,-15.74,58.07,33.8,2493.0,0,
2026-08-15T09:16:47,LSVA0000DEMO00001,1,219.8,31.39,6.561,398.25,16.47,54.7,397.16,-16.14,58.07,33.6,2499.0,0,
2026-08-15T09:16:48,LSVA0000DEMO00001,1,219.5,31.46,6.575,398.42,16.5,55.1,397.91,-16.17,58.07,33.6,2518.0,0,
2026-08-15T09:16:49,LSVA0000DEMO00001,1,220.2,31.84,6.654,397.79,16.73,54.7,398.39,-16.39,58.08,33.6,2527.0,0,
2026-08-15T09:16:50,LSVA0000DEMO00001,1,219.9,31.66,6.617,398.53,16.6,55.1,397.83,-16.27,58.08,33.7,2521.0,0,
2026-08-15T09:16:51,LSVA0000DEMO00001,1,219.3,31.08,6.496,398.08,16.32,55.0,398.53,-15.99,58.08,33.7,2513.0,0,
2026-08-15T09:16:52,LSVA0000DEMO00001,1,220.9,31.3,6.542,398.83,16.4,54.8,398.45,-16.07,58.08,33.5,2485.0,0,
2026-08-15T09:16:53,LSVA0000DEMO00001,1,219.6,31.67,6.618,397.72,16.64,54.5,397.86,-16.31,58.09,33.6,2494.0,0,
2026-08-15T09:16:54,LSVA0000DEMO00001,1,218.9,31.64,6.612,398.69,16.58,54.8,397.85,-16.25,58.09,33.7,2503.0,0,
2026-08-15T09:16:55,LSVA0000DEMO00001,1,220.8,31.4,6.562,398.08,16.48,54.8,397.7,-16.15,58.09,33.6,2491.0,0,
2026-08-15T09:16:56,LSVA0000DEMO00001,1,219.7,31.41,6.564,397.74,16.5,55.1,397.81,-16.17,58.1,33.8,2509.0,0,
2026-08-15T09:16:57,LSVA0000DEMO00001,1,219.6,31.86,6.659,397.81,16.74,55.2,397.63,-16.4,58.1,33.8,2511.0,0,
2026-08-15T09:16:58,LSVA0000DEMO00001,1,218.9,31.4,6.563,397.87,16.5,54.7,398.13,-16.17,58.1,33.7,2508.0,0,
2026-08-15T09:16:59,LSVA0000DEMO00001,1,221.0,31.59,6.603,398.17,16.58,55.0,397.56,-16.25,58.11,33.7,2515.0,0,
2026-08-15T09:17:00,LSVA0000DEMO00001,1,219.2,32.45,6.783,398.21,17.03,55.0,398.18,-16.69,58.11,33.5,2486.0,0,
2026-08-15T09:17:01,LSVA0000DEMO00001,1,220.0,31.05,6.49,397.77,16.32,55.1,398.19,-15.99,58.11,33.7,2514.0,0,
2026-08-15T09:17:02,LSVA0000DEMO00001,1,220.5,30.91,6.459,397.99,16.23,55.0,397.5,-15.91,58.11,33.8,2490.0,0,
2026-08-15T09:17:03,LSVA0000DEMO00001,1,220.3,31.98,6.684,398.86,16.76,54.5,398.46,-16.42,58.12,33.7,2486.0,0,
2026-08-15T09:17:04,LSVA0000DEMO00001,1,220.0,31.41,6.564,398.69,16.46,54.8,398.15,-16.13,58.12,33.6,2508.0,0,
2026-08-15T09:17:05,LSVA0000DEMO00001,1,219.0,31.5,6.584,398.17,16.54,54.6,398.22,-16.21,58.12,33.9,2518.0,0,
2026-08-15T09:17:06,LSVA0000DEMO00001,1,219.5,31.32,6.545,398.02,16.44,54.8,397.77,-16.11,58.13,33.9,2507.0,0,
2026-08-15T09:17:07,LSVA0000DEMO00001,1,220.1,31.52,6.587,398.05,16.55,55.1,398.19,-16.22,58.13,33.8,2500.0,0,
2026-08-15T09:17:08,LSVA0000DEMO00001,1,219.5,32.24,6.738,398.25,16.92,54.9,398.34,-16.58,58.13,33.8,2505.0,0,
2026-08-15T09:17:09,LSVA0000DEMO00001,1,220.1,31.88,6.664,397.59,16.76,55.1,397.97,-16.43,58.14,33.5,2502.0,0,
2026-08-15T09:17:10,LSVA0000DEMO00001,1,220.4,31.93,6.674,397.9,16.77,55.0,398.6,-16.44,58.14,33.6,2483.0,0,
2026-08-15T09:17:11,LSVA0000DEMO00001,1,220.6,31.02,6.483,397.33,16.32,54.6,398.01,-15.99,58.14,33.7,2481.0,0,
2026-08-15T09:17:12,LSVA0000DEMO00001,1,219.3,31.19,6.518,398.16,16.37,54.4,398.34,-16.04,58.15,33.7,2499.0,0,
2026-08-15T09:17:13,LSVA0000DEMO00001,1,221.3,30.55,6.385,398.26,16.03,54.9,398.09,-15.71,58.15,33.7,2501.0,0,
2026-08-15T09:17:14,LSVA0000DEMO00001,1,220.5,31.29,6.539,397.81,16.44,54.9,398.18,-16.11,58.15,33.5,2500.0,0,
2026-08-15T09:17:15,LSVA0000DEMO00001,1,220.0,32.03,6.694,398.63,16.79,54.7,397.5,-16.46,58.15,33.8,2510.0,0,
2026-08-15T09:17:16,LSVA0000DEMO00001,1,220.7,31.77,6.64,397.51,16.7,54.6,398.11,-16.37,58.16,33.8,2497.0,0,
2026-08-15T09:17:17,LSVA0000DEMO00001,1,221.4,31.48,6.579,397.41,16.56,54.8,397.78,-16.22,58.16,33.9,2508.0,0,
2026-08-15T09:17:18,LSVA0000DEMO00001,1,219.1,31.61,6.607,398.09,16.6,54.9,397.75,-16.26,58.16,33.7,2498.0,0,
2026-08-15T09:17:19,LSVA0000DEMO00001,1,219.9,31.38,6.559,398.42,16.46,55.1,398.52,-16.13,58.17,33.6,2527.0,0,
2026-08-15T09:17:20,LSVA0000DEMO00001,1,218.6,31.74,6.634,398.67,16.64,55.0,397.94,-16.31,58.17,33.5,2501.0,0,
2026-08-15T09:17:21,LSVA0000DEMO00001,1,220.1,31.89,6.665,397.82,16.75,55.3,397.7,-16.42,58.17,33.7,2535.0,0,
2026-08-15T09:17:22,LSVA0000DEMO00001,1,220.2,31.03,6.485,398.43,16.28,54.7,397.89,-15.95,58.18,33.8,2505.0,0,
2026-08-15T09:17:23,LSVA0000DEMO00001,1,220.0,31.72,6.63,397.98,16.66,55.1,397.61,-16.33,58.18,33.7,2497.0,0,
2026-08-15T09:17:24,LSVA0000DEMO00001,1,219.6,31.96,6.68,397.93,16.79,55.0,398.43,-16.45,58.18,34.0,2487.0,0,
2026-08-15T09:17:25,LSVA0000DEMO00001,1,218.8,31.48,6.58,398.35,16.52,55.1,397.79,-16.19,58.18,33.7,2478.0,0,
2026-08-15T09:17:26,LSVA0000DEMO00001,1,220.2,31.9,6.667,398.26,16.74,54.9,398.16,-16.41,58.19,33.8,2485.0,0,
2026-08-15T09:17:27,LSVA0000DEMO00001,1,220.9,32.63,6.82,397.37,17.16,55.2,398.41,-16.82,58.19,33.6,2487.0,0,
2026-08-15T09:17:28,LSVA0000DEMO00001,1,219.6,31.62,6.608,398.59,16.58,55.0,397.85,-16.25,58.19,33.8,2506.0,0,
2026-08-15T09:17:29,LSVA0000DEMO00001,1,220.3,31.81,6.647,398.55,16.68,54.8,398.16,-16.35,58.2,33.6,2492.0,0,
2026-08-15T09:17:30,LSVA0000DEMO00001,1,219.1,31.31,6.544,397.75,16.45,55.0,397.69,-16.12,58.2,33.8,2503.0,0,
2026-08-15T09:17:31,LSVA0000DEMO00001,1,220.3,31.69,6.624,398.16,16.64,54.9,398.73,-16.3,58.2,33.8,2519.0,0,
2026-08-15T09:17:32,LSVA0000DEMO00001,1,219.8,31.8,6.647,398.2,16.69,55.1,398.28,-16.36,58.21,33.9,2499.0,0,
2026-08-15T09:17:33,LSVA0000DEMO00001,1,219.5,31.69,6.624,398.1,16.64,54.8,397.94,-16.31,58.21,33.7,2531.0,0,
2026-08-15T09:17:34,LSVA0000DEMO00001,1,219.5,31.21,6.522,397.78,16.4,55.0,397.77,-16.07,58.21,33.8,2482.0,0,
2026-08-15T09:17:35,LSVA0000DEMO00001,1,219.8,31.67,6.619,397.73,16.64,55.1,397.97,-16.31,58.22,33.8,2498.0,0,
2026-08-15T09:17:36,LSVA0000DEMO00001,1,220.2,32.17,6.723,397.99,16.89,55.0,397.9,-16.55,58.22,33.8,2492.0,0,
2026-08-15T09:17:37,LSVA0000DEMO00001,1,219.2,31.82,6.65,398.47,16.69,55.3,398.59,-16.36,58.22,33.7,2514.0,0,
2026-08-15T09:17:38,LSVA0000DEMO00001,1,219.8,32.0,6.687,398.22,16.79,55.2,397.63,-16.46,58.22,33.5,2466.0,0,
2026-08-15T09:17:39,LSVA0000DEMO00001,1,220.0,31.51,6.585,397.85,16.55,55.0,398.04,-16.22,58.23,33.8,2478.0,0,
2026-08-15T09:17:40,LSVA0000DEMO00001,1,219.3,31.92,6.672,398.31,16.75,55.1,397.99,-16.41,58.23,33.8,2498.0,0,
2026-08-15T09:17:41,LSVA0000DEMO00001,1,221.1,31.63,6.61,396.86,16.66,55.1,397.96,-16.32,58.23,33.7,2523.0,0,
2026-08-15T09:17:42,LSVA0000DEMO00001,1,219.5,31.29,6.539,398.46,16.41,55.1,397.97,-16.08,58.24,33.8,2503.0,0,
2026-08-15T09:17:43,LSVA0000DEMO00001,1,219.6,31.68,6.621,397.3,16.66,54.7,397.97,-16.33,58.24,33.8,2480.0,0,
2026-08-15T09:17:44,LSVA0000DEMO00001,1,219.4,31.22,6.525,397.86,16.4,55.0,398.26,-16.07,58.24,33.6,2482.0,0,
2026-08-15T09:17:45,LSVA0000DEMO00001,1,221.1,31.34,6.549,397.55,16.47,54.7,398.18,-16.14,58.25,33.6,2525.0,0,
2026-08-15T09:17:46,LSVA0000DEMO00001,1,220.3,31.64,6.613,397.48,16.64,55.3,398.13,-16.31,58.25,33.7,2491.0,0,
2026-08-15T09:17:47,LSVA0000DEMO00001,1,219.4,31.76,6.638,398.46,16.66,55.0,397.09,-16.33,58.25,34.0,2486.0,0,
2026-08-15T09:17:48,LSVA0000DEMO00001,1,220.7,31.14,6.509,397.81,16.36,55.0,398.09,-16.03,58.25,33.9,2522.0,0,
2026-08-15T09:17:49,LSVA0000DEMO00001,1,220.1,32.02,6.693,398.14,16.81,55.2,397.5,-16.47,58.26,33.8,2515.0,0,
2026-08-15T09:17:50,LSVA0000DEMO00001,1,220.2,31.83,6.652,397.98,16.71,55.1,398.19,-16.38,58.26,33.8,2519.0,0,
2026-08-15T09:17:51,LSVA0000DEMO00001,1,219.8,31.36,6.554,398.19,16.46,54.8,398.44,-16.13,58.26,33.8,2486.0,0,
2026-08-15T09:17:52,LSVA0000DEMO00001,1,219.6,31.03,6.485,398.03,16.29,55.1,397.72,-15.97,58.27,33.9,2477.0,0,
2026-08-15T09:17:53,LSVA0000DEMO00001,1,220.2,31.52,6.587,397.49,16.57,55.0,397.92,-16.24,58.27,33.7,2502.0,0,
2026-08-15T09:17:54,LSVA0000DEMO00001,1,219.7,31.47,6.578,398.4,16.51,54.7,397.82,-16.18,58.27,33.8,2505.0,0,
2026-08-15T09:17:55,LSVA0000DEMO00001,1,221.1,31.64,6.613,397.8,16.62,54.9,398.37,-16.29,58.28,33.8,2505.0,0,
2026-08-15T09:17:56,LSVA0000DEMO00001,1,219.2,31.42,6.568,397.38,16.53,55.0,398.03,-16.2,58.28,34.0,2522.0,0,
2026-08-15T09:17:57,LSVA0000DEMO00001,1,220.9,30.83,6.444,397.83,16.2,55.1,398.52,-15.87,58.28,33.9,2474.0,0,
2026-08-15T09:17:58,LSVA0000DEMO00001,1,219.9,31.51,6.586,398.6,16.52,54.8,398.12,-16.19,58.29,33.9,2513.0,0,
2026-08-15T09:17:59,LSVA0000DEMO00001,1,220.2,31.52,6.588,398.34,16.54,55.3,398.07,-16.21,58.29,33.7,2484.0,0,
2026-08-15T09:18:00,LSVA0000DEMO00001,1,220.5,31.84,6.655,397.86,16.73,55.1,398.02,-16.39,58.29,33.9,2513.0,0,
2026-08-15T09:18:01,LSVA0000DEMO00001,1,219.6,31.33,6.549,397.86,16.46,55.1,398.25,-16.13,58.29,33.8,2493.0,0,
2026-08-15T09:18:02,LSVA0000DEMO00001,1,220.5,32.24,6.738,397.87,16.94,55.2,397.48,-16.6,58.3,33.8,2488.0,0,
2026-08-15T09:18:03,LSVA0000DEMO00001,1,218.4,30.95,6.468,398.83,16.22,55.0,398.03,-15.89,58.3,34.0,2491.0,0,
2026-08-15T09:18:04,LSVA0000DEMO00001,1,219.6,32.12,6.714,398.15,16.86,55.2,397.98,-16.52,58.3,33.7,2478.0,0,
2026-08-15T09:18:05,LSVA0000DEMO00001,1,219.4,31.54,6.592,398.17,16.56,55.0,398.22,-16.22,58.31,33.8,2501.0,0,
2026-08-15T09:18:06,LSVA0000DEMO00001,1,219.2,31.97,6.682,398.41,16.77,54.9,397.94,-16.44,58.31,33.9,2488.0,0,
2026-08-15T09:18:07,LSVA0000DEMO00001,1,219.9,31.65,6.615,398.1,16.62,55.2,397.69,-16.28,58.31,33.9,2512.0,0,
2026-08-15T09:18:08,LSVA0000DEMO00001,1,220.2,32.04,6.696,397.9,16.83,55.4,398.0,-16.49,58.32,33.8,2510.0,0,
2026-08-15T09:18:09,LSVA0000DEMO00001,1,220.4,31.46,6.575,397.92,16.52,55.3,397.68,-16.19,58.32,34.0,2525.0,0,
2026-08-15T09:18:10,LSVA0000DEMO00001,1,220.1,31.19,6.519,397.97,16.38,55.3,397.42,-16.05,58.32,33.7,2505.0,0,
2026-08-15T09:18:11,LSVA0000DEMO00001,1,219.6,32.15,6.72,397.99,16.88,55.0,398.22,-16.55,58.32,34.0,2508.0,0,
2026-08-15T09:18:12,LSVA0000DEMO00001,1,220.2,31.59,6.603,398.29,16.58,54.8,398.17,-16.25,58.33,33.9,2521.0,0,
2026-08-15T09:18:13,LSVA0000DEMO00001,1,220.1,31.7,6.625,398.02,16.64,55.4,398.14,-16.31,58.33,34.0,2491.0,0,
2026-08-15T09:18:14,LSVA0000DEMO00001,1,220.6,32.11,6.71,398.29,16.85,55.6,398.39,-16.51,58.33,33.7,2478.0,0,
2026-08-15T09:18:15,LSVA0000DEMO00001,1,220.5,31.22,6.524,397.97,16.39,55.5,397.8,-16.07,58.34,33.7,2503.0,0,
2026-08-15T09:18:16,LSVA0000DEMO00001,1,220.0,31.84,6.655,398.03,16.72,55.1,397.57,-16.38,58.34,34.0,2479.0,0,
2026-08-15T09:18:17,LSVA0000DEMO00001,1,219.5,31.32,6.547,397.2,16.48,54.9,397.98,-16.15,58.34,33.6,2537.0,0,
2026-08-15T09:18:18,LSVA0000DEMO00001,1,219.6,31.59,6.602,398.37,16.57,55.0,397.9,-16.24,58.35,33.7,2522.0,0,
2026-08-15T09:18:19,LSVA0000DEMO00001,1,219.7,31.65,6.615,398.14,16.61,54.8,397.75,-16.28,58.35,33.8,2532.0,0,
2026-08-15T09:18:20,LSVA0000DEMO00001,1,219.8,31.07,6.494,398.4,16.3,55.2,397.98,-15.97,58.35,33.9,2501.0,0,
2026-08-15T09:18:21,LSVA0000DEMO00001,1,220.2,31.22,6.526,396.84,16.44,55.5,397.82,-16.12,58.36,34.0,2508.0,0,
2026-08-15T09:18:22,LSVA0000DEMO00001,1,220.4,32.19,6.728,398.84,16.87,55.2,397.45,-16.53,58.36,33.8,2493.0,0,
2026-08-15T09:18:23,LSVA0000DEMO00001,1,220.0,31.94,6.676,397.94,16.78,55.3,397.87,-16.44,58.36,33.8,2513.0,0,
2026-08-15T09:18:24,LSVA0000DEMO00001,1,220.0,31.62,6.609,398.44,16.59,55.5,397.66,-16.26,58.36,33.9,2482.0,0,
2026-08-15T09:18:25,LSVA0000DEMO00001,1,220.1,31.67,6.619,397.58,16.65,55.1,398.07,-16.32,58.37,33.9,2462.0,0,
2026-08-15T09:18:26,LSVA0000DEMO00001,1,219.7,31.52,6.587,398.25,16.54,55.6,397.8,-16.21,58.37,33.9,2488.0,0,
2026-08-15T09:18:27,LSVA0000DEMO00001,1,219.4,32.09,6.708,397.58,16.87,55.6,398.33,-16.53,58.37,33.8,2478.0,0,
2026-08-15T09:18:28,LSVA0000DEMO00001,1,218.9,31.52,6.587,397.75,16.56,55.2,398.48,-16.23,58.38,33.7,2522.0,0,
2026-08-15T09:18:29,LSVA0000DEMO00001,1,219.6,31.76,6.638,398.77,16.65,55.1,398.2,-16.31,58.38,33.8,2527.0,0,
2026-08-15T09:18:30,LSVA0000DEMO00001,1,220.3,32.04,6.697,397.92,16.83,55.4,397.53,-16.49,58.38,34.0,2479.0,0,
2026-08-15T09:18:31,LSVA0000DEMO00001,1,219.6,31.32,6.546,398.09,16.44,55.2,398.45,-16.12,58.39,33.9,2519.0,0,
2026-08-15T09:18:32,LSVA0000DEMO00001,1,219.9,32.23,6.737,398.35,16.91,55.0,398.47,-16.57,58.39,33.8,2514.0,0,
2026-08-15T09:18:33,LSVA0000DEMO00001,1,220.3,31.04,6.488,398.2,16.29,55.5,398.01,-15.97,58.39,34.0,2476.0,0,
2026-08-15T09:18:34,LSVA0000DEMO00001,1,220.3,32.24,6.738,398.06,16.93,55.5,398.4,-16.59,58.4,33.7,2494.0,0,
2026-08-15T09:18:35,LSVA0000DEMO00001,1,219.4,31.48,6.58,398.15,16.53,55.3,397.83,-16.19,58.4,33.8,2491.0,0,
2026-08-15T09:18:36,LSVA0000DEMO00001,1,220.6,31.6,6.603,398.96,16.55,55.0,397.44,-16.22,58.4,33.9,2511.0,0,
2026-08-15T09:18:37,LSVA0000DEMO00001,1,220.7,30.89,6.456,397.98,16.22,55.0,397.77,-15.9,58.4,33.8,2482.0,0,
2026-08-15T09:18:38,LSVA0000DEMO00001,1,219.3,31.44,6.572,398.08,16.51,55.3,398.52,-16.18,58.41,33.9,2499.0,0,
2026-08-15T09:18:39,LSVA0000DEMO00001,1,219.5,31.25,6.531,398.42,16.39,55.2,397.55,-16.06,58.41,33.8,2490.0,0,
2026-08-15T09:18:40,LSVA0000DEMO00001,1,220.7,31.41,6.566,398.44,16.48,55.2,398.0,-16.15,58.41,33.7,2507.0,0,
2026-08-15T09:18:41,LSVA0000DEMO00001,1,219.9,31.6,6.604,398.47,16.57,55.5,398.01,-16.24,58.42,33.9,2497.0,0,
2026-08-15T09:18:42,LSVA0000DEMO00001,1,218.7,32.0,6.687,398.26,16.79,55.4,397.85,-16.46,58.42,33.7,2492.0,0,
2026-08-15T09:18:43,LSVA0000DEMO00001,1,219.2,31.65,6.616,397.54,16.64,55.5,397.87,-16.31,58.42,33.9,2497.0,0,
2026-08-15T09:18:44,LSVA0000DEMO00001,1,219.9,31.78,6.642,398.65,16.66,55.1,398.02,-16.33,58.43,34.0,2531.0,0,
2026-08-15T09:18:45,LSVA0000DEMO00001,1,219.3,31.16,6.512,397.54,16.38,55.2,397.83,-16.05,58.43,33.8,2494.0,0,
2026-08-15T09:18:46,LSVA0000DEMO00001,1,219.8,31.29,6.539,398.12,16.42,55.4,397.57,-16.1,58.43,33.8,2484.0,0,
2026-08-15T09:18:47,LSVA0000DEMO00001,1,220.0,32.27,6.745,397.7,16.96,55.4,398.06,-16.62,58.43,33.9,2509.0,0,
2026-08-15T09:18:48,LSVA0000DEMO00001,1,220.9,31.33,6.548,397.97,16.45,55.6,398.32,-16.12,58.44,33.8,2498.0,0,
2026-08-15T09:18:49,LSVA0000DEMO00001,1,219.8,32.25,6.741,398.13,16.93,55.4,398.26,-16.59,58.44,33.9,2479.0,0,
2026-08-15T09:18:50,LSVA0000DEMO00001,1,220.6,31.53,6.59,398.13,16.55,55.7,397.76,-16.22,58.44,33.9,2533.0,0,
2026-08-15T09:18:51,LSVA0000DEMO00001,1,220.9,31.63,6.61,398.17,16.6,55.4,397.62,-16.27,58.45,34.1,2495.0,0,
2026-08-15T09:18:52,LSVA0000DEMO00001,1,220.9,32.07,6.703,398.65,16.81,55.5,397.91,-16.48,58.45,34.0,2494.0,0,
2026-08-15T09:18:53,LSVA0000DEMO00001,1,220.2,32.11,6.711,398.18,16.85,55.2,398.47,-16.52,58.45,33.9,2502.0,0,
2026-08-15T09:18:54,LSVA0000DEMO00001,1,218.8,31.56,6.596,397.9,16.58,55.3,398.19,-16.25,58.46,34.0,2526.0,0,
2026-08-15T09:18:55,LSVA0000DEMO00001,1,220.3,31.49,6.582,398.39,16.52,55.5,398.21,-16.19,58.46,33.9,2475.0,0,
2026-08-15T09:18:56,LSVA0000DEMO00001,1,220.6,31.63,6.61,398.48,16.59,55.6,398.27,-16.26,58.46,33.9,2504.0,0,
2026-08-15T09:18:57,LSVA0000DEMO00001,1,220.0,31.7,6.626,397.51,16.67,55.5,398.13,-16.33,58.47,33.9,2531.0,0,
2026-08-15T09:18:58,LSVA0000DEMO00001,1,221.0,31.97,6.682,398.24,16.78,55.3,398.04,-16.44,58.47,34.0,2502.0,0,
2026-08-15T09:18:59,LSVA0000DEMO00001,1,220.5,31.64,6.612,398.28,16.6,55.6,398.2,-16.27,58.47,34.0,2481.0,0,
2026-08-15T09:19:00,LSVA0000DEMO00001,1,220.3,31.84,6.654,397.88,16.72,54.9,397.84,-16.39,58.47,34.0,2491.0,0,
2026-08-15T09:19:01,LSVA0000DEMO00001,1,220.7,32.28,6.747,398.55,16.93,55.1,397.58,-16.59,58.48,34.0,2503.0,0,
2026-08-15T09:19:02,LSVA0000DEMO00001,1,220.2,31.75,6.636,397.94,16.68,55.5,398.22,-16.34,58.48,34.0,2520.0,0,
2026-08-15T09:19:03,LSVA0000DEMO00001,1,218.5,31.73,6.632,398.05,16.66,55.3,398.37,-16.33,58.48,34.0,2495.0,0,
2026-08-15T09:19:04,LSVA0000DEMO00001,1,219.7,31.03,6.485,397.93,16.3,55.5,397.66,-15.97,58.49,33.8,2512.0,0,
2026-08-15T09:19:05,LSVA0000DEMO00001,1,220.7,30.61,6.397,398.01,16.07,55.4,398.25,-15.75,58.49,34.1,2478.0,0,
2026-08-15T09:19:06,LSVA0000DEMO00001,1,219.5,31.72,6.63,397.56,16.68,55.5,398.5,-16.34,58.49,34.1,2478.0,0,
2026-08-15T09:19:07,LSVA0000DEMO00001,1,219.9,31.53,6.59,397.42,16.58,55.2,398.0,-16.25,58.5,33.9,2493.0,0,
2026-08-15T09:19:08,LSVA0000DEMO00001,1,219.4,31.47,6.576,398.64,16.5,55.5,397.75,-16.17,58.5,33.9,2522.0,0,
2026-08-15T09:19:09,LSVA0000DEMO00001,1,221.1,31.68,6.621,397.66,16.65,55.6,398.04,-16.32,58.5,34.0,2501.0,0,
2026-08-15T09:19:10,LSVA0000DEMO00001,1,221.0,31.56,6.595,397.6,16.59,55.6,397.83,-16.26,58.5,34.0,2504.0,0,
2026-08-15T09:19:11,LSVA0000DEMO00001,1,219.5,31.97,6.682,397.14,16.83,55.8,397.81,-16.49,58.51,33.9,2504.0,0,
2026-08-15T09:19:12,LSVA0000DEMO00001,1,220.1,31.62,6.609,397.74,16.62,55.4,398.13,-16.28,58.51,33.8,2517.0,0,
2026-08-15T09:19:13,LSVA0000DEMO00001,1,219.6,31.29,6.539,397.47,16.45,55.4,397.52,-16.12,58.51,34.0,2491.0,0,
2026-08-15T09:19:14,LSVA0000DEMO00001,1,220.4,32.04,6.697,398.66,16.8,55.1,397.57,-16.46,58.52,34.0,2510.0,0,
2026-08-15T09:19:15,LSVA0000DEMO00001,1,220.3,31.56,6.596,398.4,16.56,55.3,398.01,-16.23,58.52,34.0,2488.0,0,
2026-08-15T09:19:16,LSVA0000DEMO00001,1,220.5,31.79,6.644,397.72,16.71,55.4,397.99,-16.37,58.52,34.0,2530.0,0,
2026-08-15T09:19:17,LSVA0000DEMO00001,1,220.2,31.5,6.584,398.9,16.5,55.6,398.1,-16.17,58.53,33.9,2488.0,0,
2026-08-15T09:19:18,LSVA0000DEMO00001,1,221.8,31.39,6.562,398.39,16.47,55.3,398.56,-16.14,58.53,34.0,2487.0,0,
2026-08-15T09:19:19,LSVA0000DEMO00001,1,219.4,31.63,6.611,397.87,16.62,55.6,398.03,-16.28,58.53,33.9,2508.0,0,
2026-08-15T09:19:20,LSVA0000DEMO00001,1,219.0,31.54,6.591,397.0,16.6,55.4,398.18,-16.27,58.54,33.9,2501.0,0,
2026-08-15T09:19:21,LSVA0000DEMO00001,1,219.8,31.87,6.66,398.92,16.7,55.4,397.71,-16.36,58.54,33.9,2505.0,0,
2026-08-15T09:19:22,LSVA0000DEMO00001,1,219.1,31.47,6.576,397.44,16.55,55.5,398.23,-16.22,58.54,33.8,2503.0,0,
2026-08-15T09:19:23,LSVA0000DEMO00001,1,219.1,30.86,6.45,397.34,16.23,55.3,397.84,-15.91,58.54,33.9,2484.0,0,
2026-08-15T09:19:24,LSVA0000DEMO00001,1,219.4,31.48,6.579,398.41,16.51,55.3,398.02,-16.18,58.55,34.0,2524.0,0,
2026-08-15T09:19:25,LSVA0000DEMO00001,1,219.4,31.99,6.686,398.98,16.76,55.1,397.97,-16.42,58.55,34.0,2513.0,0,
2026-08-15T09:19:26,LSVA0000DEMO00001,1,219.4,31.54,6.592,398.55,16.54,55.4,398.31,-16.21,58.55,34.1,2520.0,0,
2026-08-15T09:19:27,LSVA0000DEMO00001,1,220.3,31.54,6.591,398.23,16.55,55.3,397.61,-16.22,58.56,33.9,2492.0,0,
2026-08-15T09:19:28,LSVA0000DEMO00001,1,219.7,32.01,6.689,398.24,16.8,55.3,397.32,-16.46,58.56,34.0,2506.0,0,
2026-08-15T09:19:29,LSVA0000DEMO00001,1,219.9,31.37,6.556,398.34,16.46,55.5,397.94,-16.13,58.56,34.0,2503.0,0,
2026-08-15T09:19:30,LSVA0000DEMO00001,1,220.5,31.05,6.489,398.3,16.29,55.6,398.14,-15.97,58.57,34.2,2517.0,0,
2026-08-15T09:19:31,LSVA0000DEMO00001,1,219.5,31.56,6.596,398.11,16.57,55.5,398.05,-16.24,58.57,34.0,2517.0,0,
2026-08-15T09:19:32,LSVA0000DEMO00001,1,219.8,31.43,6.569,398.04,16.5,55.6,398.37,-16.17,58.57,33.8,2503.0,0,
2026-08-15T09:19:33,LSVA0000DEMO00001,1,220.2,31.24,6.529,397.97,16.41,55.6,398.13,-16.08,58.57,34.0,2477.0,0,
2026-08-15T09:19:34,LSVA0000DEMO00001,1,218.8,31.52,6.588,397.7,16.56,55.4,397.83,-16.23,58.58,34.1,2527.0,0,
2026-08-15T09:19:35,LSVA0000DEMO00001,1,218.6,31.79,6.644,397.89,16.7,55.4,397.3,-16.36,58.58,33.9,2508.0,0,
2026-08-15T09:19:36,LSVA0000DEMO00001,1,220.2,31.55,6.595,397.32,16.6,55.5,397.93,-16.27,58.58,34.0,2491.0,0,
2026-08-15T09:19:37,LSVA0000DEMO00001,1,220.3,31.73,6.631,397.96,16.66,55.6,398.31,-16.33,58.59,34.1,2506.0,0,
2026-08-15T09:19:38,LSVA0000DEMO00001,1,221.2,32.27,6.744,397.6,16.96,55.7,397.88,-16.62,58.59,34.1,2477.0,0,
2026-08-15T09:19:39,LSVA0000DEMO00001,1,220.1,31.45,6.572,397.56,16.53,55.7,398.01,-16.2,58.59,34.0,2516.0,0,
2026-08-15T09:19:40,LSVA0000DEMO00001,1,220.5,31.72,6.63,398.07,16.66,55.4,398.13,-16.32,58.6,33.9,2478.0,0,
2026-08-15T09:19:41,LSVA0000DEMO00001,1,219.9,31.46,6.575,398.56,16.5,55.5,397.7,-16.17,58.6,34.0,2497.0,0,
2026-08-15T09:19:42,LSVA0000DEMO00001,1,220.2,31.32,6.545,398.37,16.43,55.6,398.19,-16.1,58.6,34.0,2504.0,0,
2026-08-15T09:19:43,LSVA0000DEMO00001,1,221.0,31.34,6.55,397.37,16.48,55.7,398.49,-16.15,58.61,34.1,2516.0,0,
2026-08-15T09:19:44,LSVA0000DEMO00001,1,218.7,31.4,6.562,397.6,16.5,55.7,397.95,-16.17,58.61,34.0,2502.0,0,
2026-08-15T09:19:45,LSVA0000DEMO00001,1,220.2,31.78,6.642,398.38,16.67,55.5,397.66,-16.34,58.61,33.9,2510.0,0,
2026-08-15T09:19:46,LSVA0000DEMO00001,1,221.3,32.47,6.787,397.61,17.07,55.2,397.98,-16.73,58.61,34.0,2500.0,0,
2026-08-15T09:19:47,LSVA0000DEMO00001,1,220.2,31.33,6.548,397.91,16.46,55.3,397.33,-16.13,58.62,34.1,2500.0,0,
2026-08-15T09:19:48,LSVA0000DEMO00001,1,221.0,31.47,6.577,398.22,16.52,55.6,398.1,-16.19,58.62,34.0,2501.0,0,
2026-08-15T09:19:49,LSVA0000DEMO00001,1,219.6,31.56,6.595,397.61,16.59,55.6,398.14,-16.26,58.62,33.9,2497.0,0,
2026-08-15T09:19:50,LSVA0000DEMO00001,1,220.0,31.77,6.639,398.04,16.68,55.3,398.5,-16.35,58.63,34.0,2475.0,0,
2026-08-15T09:19:51,LSVA0000DEMO00001,1,220.0,31.67,6.619,397.47,16.65,55.5,397.94,-16.32,58.63,34.1,2488.0,0,
2026-08-15T09:19:52,LSVA0000DEMO00001,1,218.7,32.08,6.705,397.76,16.86,55.6,398.12,-16.52,58.63,33.8,2504.0,0,
2026-08-15T09:19:53,LSVA0000DEMO00001,1,219.3,30.7,6.416,398.13,16.11,55.3,397.74,-15.79,58.64,33.8,2496.0,0,
2026-08-15T09:19:54,LSVA0000DEMO00001,1,219.3,30.65,6.407,397.36,16.12,55.7,397.89,-15.8,58.64,34.1,2498.0,0,
2026-08-15T09:19:55,LSVA0000DEMO00001,1,220.5,31.44,6.57,398.18,16.5,55.5,397.54,-16.17,58.64,34.0,2495.0,0,
2026-08-15T09:19:56,LSVA0000DEMO00001,1,220.5,32.03,6.694,397.99,16.82,55.8,397.94,-16.48,58.64,34.1,2487.0,0,
2026-08-15T09:19:57,LSVA0000DEMO00001,1,220.2,31.03,6.486,398.22,16.29,55.4,397.91,-15.96,58.65,33.9,2493.0,0,
2026-08-15T09:19:58,LSVA0000DEMO00001,1,220.5,30.47,6.369,398.09,16.0,55.3,398.09,-15.68,58.65,34.1,2495.0,0,
2026-08-15T09:19:59,LSVA0000DEMO00001,1,219.9,31.87,6.661,398.55,16.71,55.4,397.81,-16.38,58.65,34.0,2500.0,0,
2026-08-15T09:20:00,LSVA0000DEMO00001,1,220.7,31.71,6.627,398.05,16.65,55.5,398.03,-16.32,58.66,33.8,2506.0,0,
2026-08-15T09:20:01,LSVA0000DEMO00001,1,220.0,31.18,6.517,397.83,16.38,55.5,397.9,-16.05,58.66,34.1,2497.0,0,
2026-08-15T09:20:02,LSVA0000DEMO00001,1,220.0,31.24,6.529,398.05,16.4,55.5,397.9,-16.07,58.66,34.0,2485.0,0,
2026-08-15T09:20:03,LSVA0000DEMO00001,1,219.8,31.26,6.533,398.22,16.41,55.6,398.02,-16.08,58.67,34.0,2479.0,0,
2026-08-15T09:20:04,LSVA0000DEMO00001,1,220.4,31.66,6.616,398.02,16.62,55.5,398.01,-16.29,58.67,34.0,2539.0,0,
2026-08-15T09:20:05,LSVA0000DEMO00001,1,219.7,31.37,6.557,398.02,16.47,55.5,398.23,-16.15,58.67,33.8,2483.0,0,
2026-08-15T09:20:06,LSVA0000DEMO00001,1,220.6,31.78,6.641,397.72,16.7,55.2,397.96,-16.36,58.68,34.1,2492.0,0,
2026-08-15T09:20:07,LSVA0000DEMO00001,1,219.3,30.5,6.375,397.73,16.03,55.6,397.9,-15.71,58.68,34.0,2508.0,0,
2026-08-15T09:20:08,LSVA0000DEMO00001,1,219.3,31.24,6.529,397.44,16.43,55.6,397.95,-16.1,58.68,34.0,2505.0,0,
2026-08-15T09:20:09,LSVA0000DEMO00001,1,220.4,31.24,6.529,398.7,16.37,55.9,397.79,-16.05,58.68,34.1,2508.0,0,
2026-08-15T09:20:10,LSVA0000DEMO00001,1,219.9,31.47,6.578,397.5,16.55,55.4,397.89,-16.22,58.69,33.9,2493.0,0,
2026-08-15T09:20:11,LSVA0000DEMO00001,1,219.7,31.38,6.559,397.72,16.49,55.2,398.61,-16.16,58.69,34.0,2504.0,0,
2026-08-15T09:20:12,LSVA0000DEMO00001,1,220.5,31.89,6.665,397.71,16.76,55.7,397.73,-16.42,58.69,33.9,2501.0,0,
2026-08-15T09:20:13,LSVA0000DEMO00001,1,219.6,30.93,6.465,398.36,16.23,55.7,397.92,-15.9,58.7,34.0,2495.0,0,
2026-08-15T09:20:14,LSVA0000DEMO00001,1,219.9,31.62,6.608,397.88,16.61,55.4,397.88,-16.28,58.7,34.0,2504.0,0,
2026-08-15T09:20:15,LSVA0000DEMO00001,1,220.8,31.86,6.66,398.5,16.71,55.3,397.93,-16.38,58.7,34.1,2516.0,0,
2026-08-15T09:20:16,LSVA0000DEMO00001,1,220.9,32.3,6.75,397.73,16.97,55.9,397.9,-16.63,58.71,34.0,2500.0,0,
2026-08-15T09:20:17,LSVA0000DEMO00001,1,220.9,31.44,6.57,398.11,16.5,55.9,398.08,-16.17,58.71,33.9,2500.0,0,
2026-08-15T09:20:18,LSVA0000DEMO00001,1,219.8,31.71,6.627,397.67,16.66,55.1,397.49,-16.33,58.71,34.2,2516.0,0,
2026-08-15T09:20:19,LSVA0000DEMO00001,1,220.7,30.99,6.477,398.86,16.24,55.5,398.31,-15.91,58.72,34.3,2514.0,0,
2026-08-15T09:20:20,LSVA0000DEMO00001,1,219.4,30.66,6.409,397.52,16.12,55.9,398.19,-15.8,58.72,34.0,2524.0,0,
2026-08-15T09:20:21,LSVA0000DEMO00001,1,219.5,31.94,6.676,398.12,16.77,55.5,397.63,-16.43,58.72,34.0,2474.0,0,
2026-08-15T09:20:22,LSVA0000DEMO00001,1,218.6,31.63,6.611,398.25,16.6,55.5,397.32,-16.27,58.72,34.2,2514.0,0,
2026-08-15T09:20:23,LSVA0000DEMO00001,1,221.0,32.07,6.703,398.17,16.84,55.6,397.71,-16.5,58.73,33.9,2509.0,0,
2026-08-15T09:20:24,LSVA0000DEMO00001,1,219.5,31.08,6.496,397.93,16.33,55.4,397.93,-16.0,58.73,34.0,2487.0,0,
2026-08-15T09:20:25,LSVA0000DEMO00001,1,219.9,31.81,6.647,397.95,16.7,55.3,398.77,-16.37,58.73,34.0,2504.0,0,
2026-08-15T09:20:26,LSVA0000DEMO00001,1,219.5,32.32,6.756,398.02,16.97,55.8,398.16,-16.63,58.74,33.9,2516.0,0,
2026-08-15T09:20:27,LSVA0000DEMO00001,1,220.4,31.77,6.639,397.94,16.68,55.3,397.46,-16.35,58.74,34.0,2488.0,0,
2026-08-15T09:20:28,LSVA0000DEMO00001,1,219.8,31.75,6.635,398.39,16.66,55.7,397.79,-16.32,58.74,34.0,2507.0,0,
2026-08-15T09:20:29,LSVA0000DEMO00001,1,219.2,31.68,6.622,398.88,16.6,55.8,397.98,-16.27,58.75,34.0,2513.0,0,
2026-08-15T09:20:30,LSVA0000DEMO00001,1,220.3,31.0,6.478,397.78,16.29,55.4,398.08,-15.96,58.75,34.1,2484.0,0,
2026-08-15T09:20:31,LSVA0000DEMO00001,1,219.1,32.08,6.705,397.45,16.87,55.5,397.61,-16.53,58.75,34.0,2498.0,0,
2026-08-15T09:20:32,LSVA0000DEMO00001,1,219.5,31.38,6.558,397.96,16.48,55.9,397.96,-16.15,58.75,34.0,2505.0,0,
2026-08-15T09:20:33,LSVA0000DEMO00001,1,218.7,31.89,6.664,399.03,16.7,55.8,397.78,-16.37,58.76,34.0,2488.0,0,
2026-08-15T09:20:34,LSVA0000DEMO00001,1,219.1,30.99,6.477,397.68,16.29,55.5,397.67,-15.96,58.76,34.1,2487.0,0,
2026-08-15T09:20:35,LSVA0000DEMO00001,1,220.1,31.21,6.524,398.66,16.36,55.9,398.08,-16.04,58.76,34.0,2498.0,0,
2026-08-15T09:20:36,LSVA0000DEMO00001,1,218.8,32.21,6.732,398.67,16.89,55.9,398.23,-16.55,58.77,34.1,2512.0,0,
2026-08-15T09:20:37,LSVA0000DEMO00001,1,219.1,31.46,6.575,397.78,16.53,55.7,398.25,-16.2,58.77,34.1,2510.0,0,
2026-08-15T09:20:38,LSVA0000DEMO00001,1,220.0,32.18,6.726,398.23,16.89,55.5,398.17,-16.55,58.77,34.1,2487.0,0,
2026-08-15T09:20:39,LSVA0000DEMO00001,1,219.7,31.63,6.611,398.65,16.58,55.6,397.85,-16.25,58.78,34.2,2510.0,0,
2026-08-15T09:20:40,LSVA0000DEMO00001,1,221.2,30.9,6.458,397.85,16.23,55.7,398.21,-15.91,58.78,34.0,2487.0,0,
2026-08-15T09:20:41,LSVA0000DEMO00001,1,221.1,31.94,6.676,397.92,16.78,55.6,398.09,-16.44,58.78,34.0,2476.0,0,
2026-08-15T09:20:42,LSVA0000DEMO00001,1,219.5,31.37,6.556,397.77,16.48,55.9,398.04,-16.15,58.79,34.2,2494.0,0,
2026-08-15T09:20:43,LSVA0000DEMO00001,1,220.3,31.85,6.656,397.59,16.74,55.4,397.82,-16.4,58.79,34.0,2517.0,0,
2026-08-15T09:20:44,LSVA0000DEMO00001,1,220.4,31.6,6.604,397.74,16.61,55.4,397.85,-16.27,58.79,33.8,2510.0,0,
2026-08-15T09:20:45,LSVA0000DEMO00001,1,219.6,30.99,6.476,397.51,16.29,55.7,398.02,-15.97,58.79,34.1,2500.0,0,
2026-08-15T09:20:46,LSVA0000DEMO00001,1,219.1,31.68,6.62,398.01,16.63,55.6,398.73,-16.3,58.8,34.1,2494.0,0,
2026-08-15T09:20:47,LSVA0000DEMO00001,1,220.0,32.42,6.776,397.69,17.04,55.6,398.09,-16.7,58.8,33.8,2494.0,0,
2026-08-15T09:20:48,LSVA0000DEMO00001,1,219.9,31.81,6.648,398.09,16.7,55.3,397.82,-16.36,58.8,34.2,2502.0,0,
2026-08-15T09:20:49,LSVA0000DEMO00001,1,219.7,31.54,6.592,397.38,16.59,55.7,397.75,-16.26,58.81,34.0,2484.0,0,
2026-08-15T09:20:50,LSVA0000DEMO00001,1,220.3,32.03,6.695,398.13,16.82,55.7,397.85,-16.48,58.81,34.1,2495.0,0,
2026-08-15T09:20:51,LSVA0000DEMO00001,1,219.5,31.72,6.629,398.33,16.64,55.8,398.65,-16.31,58.81,34.1,2497.0,0,
2026-08-15T09:20:52,LSVA0000DEMO00001,1,219.3,31.63,6.61,397.2,16.64,55.7,397.88,-16.31,58.82,34.0,2480.0,0,
2026-08-15T09:20:53,LSVA0000DEMO00001,1,220.1,31.21,6.522,398.15,16.38,55.7,398.27,-16.05,58.82,34.0,2487.0,0,
2026-08-15T09:20:54,LSVA0000DEMO00001,1,220.2,31.74,6.634,398.49,16.65,56.0,397.89,-16.31,58.82,34.0,2506.0,0,
2026-08-15T09:20:55,LSVA0000DEMO00001,1,219.3,31.97,6.681,397.52,16.81,55.5,398.08,-16.47,58.82,34.2,2500.0,0,
2026-08-15T09:20:56,LSVA0000DEMO00001,1,220.6,31.35,6.551,398.67,16.43,55.8,398.24,-16.1,58.83,34.1,2495.0,0,
2026-08-15T09:20:57,LSVA0000DEMO00001,1,218.9,32.17,6.723,398.17,16.88,55.4,397.83,-16.55,58.83,34.0,2486.0,0,
2026-08-15T09:20:58,LSVA0000DEMO00001,1,219.7,31.55,6.595,397.72,16.58,55.6,397.81,-16.25,58.83,34.0,2524.0,0,
2026-08-15T09:20:59,LSVA0000DEMO00001,1,219.8,31.27,6.536,397.98,16.42,55.5,398.5,-16.09,58.84,34.2,2487.0,0,
2026-08-15T09:21:00,LSVA0000DEMO00001,1,219.6,32.01,6.69,398.22,16.8,55.9,398.3,-16.46,58.84,34.2,2504.0,0,
2026-08-15T09:21:01,LSVA0000DEMO00001,1,219.7,31.5,6.584,398.03,16.54,55.7,398.24,-16.21,58.84,34.2,2493.0,0,
2026-08-15T09:21:02,LSVA0000DEMO00001,1,221.1,31.92,6.671,398.22,16.75,55.7,398.24,-16.42,58.85,34.2,2501.0,0,
2026-08-15T09:21:03,LSVA0000DEMO00001,1,219.5,31.47,6.577,397.63,16.54,55.5,398.14,-16.21,58.85,34.1,2507.0,0,
2026-08-15T09:21:04,LSVA0000DEMO00001,1,221.5,31.59,6.603,398.07,16.59,55.7,398.61,-16.26,58.85,34.0,2479.0,0,
2026-08-15T09:21:05,LSVA0000DEMO00001,1,220.3,31.75,6.637,397.43,16.7,55.6,398.01,-16.36,58.86,34.1,2500.0,0,
2026-08-15T09:21:06,LSVA0000DEMO00001,1,220.1,31.72,6.629,397.96,16.66,55.8,398.17,-16.33,58.86,34.0,2518.0,0,
2026-08-15T09:21:07,LSVA0000DEMO00001,1,220.3,30.82,6.442,397.64,16.2,55.6,397.56,-15.88,58.86,33.9,2526.0,0,
2026-08-15T09:21:08,LSVA0000DEMO00001,1,221.5,31.16,6.513,397.71,16.38,56.0,397.75,-16.05,58.86,34.2,2498.0,0,
2026-08-15T09:21:09,LSVA0000DEMO00001,1,219.4,32.01,6.689,398.49,16.79,55.4,397.64,-16.45,58.87,34.0,2501.0,0,
2026-08-15T09:21:10,LSVA0000DEMO00001,1,219.3,31.6,6.604,398.44,16.57,55.6,398.38,-16.24,58.87,34.2,2533.0,0,
2026-08-15T09:21:11,LSVA0000DEMO00001,1,219.5,31.43,6.569,398.24,16.5,56.1,397.23,-16.17,58.87,34.2,2517.0,0,
2026-08-15T09:21:12,LSVA0000DEMO00001,1,220.0,31.06,6.492,397.56,16.33,55.7,397.88,-16.0,58.88,34.2,2491.0,0,
2026-08-15T09:21:13,LSVA0000DEMO00001,1,219.0,31.19,6.519,397.87,16.38,55.5,397.1,-16.06,58.88,34.2,2491.0,0,
2026-08-15T09:21:14,LSVA0000DEMO00001,1,220.0,30.88,6.454,398.49,16.2,55.8,397.75,-15.87,58.88,34.1,2514.0,0,
2026-08-15T09:21:15,LSVA0000DEMO00001,1,221.0,31.58,6.6,398.06,16.58,55.7,397.85,-16.25,58.89,34.3,2485.0,0,
2026-08-15T09:21:16,LSVA0000DEMO00001,1,220.1,31.46,6.574,398.93,16.48,55.6,398.42,-16.15,58.89,34.1,2516.0,0,
2026-08-15T09:21:17,LSVA0000DEMO00001,1,219.8,31.26,6.532,398.16,16.41,55.6,398.12,-16.08,58.89,34.2,2505.0,0,
2026-08-15T09:21:18,LSVA0000DEMO00001,1,219.6,31.59,6.603,398.08,16.59,56.4,397.75,-16.25,58.89,34.1,2508.0,0,
2026-08-15T09:21:19,LSVA0000DEMO00001,1,220.5,31.74,6.634,397.88,16.67,55.7,398.32,-16.34,58.9,34.0,2496.0,0,
2026-08-15T09:21:20,LSVA0000DEMO00001,1,219.5,32.41,6.774,398.05,17.02,55.4,398.01,-16.68,58.9,34.2,2491.0,0,
2026-08-15T09:21:21,LSVA0000DEMO00001,1,221.1,31.03,6.485,397.94,16.3,56.1,398.01,-15.97,58.9,34.2,2522.0,0,
2026-08-15T09:21:22,LSVA0000DEMO00001,1,221.2,32.08,6.704,398.28,16.83,55.9,397.64,-16.5,58.91,34.1,2496.0,0,
2026-08-15T09:21:23,LSVA0000DEMO00001,1,220.2,32.01,6.691,398.38,16.79,55.7,397.7,-16.46,58.91,34.0,2494.0,0,
2026-08-15T09:21:24,LSVA0000DEMO00001,1,220.0,31.29,6.54,397.69,16.44,55.6,397.75,-16.12,58.91,34.0,2499.0,0,
2026-08-15T09:21:25,LSVA0000DEMO00001,1,220.6,31.65,6.614,397.47,16.64,56.0,398.01,-16.31,58.92,34.3,2503.0,0,
2026-08-15T09:21:26,LSVA0000DEMO00001,1,220.7,31.38,6.558,397.27,16.51,55.8,398.02,-16.18,58.92,34.1,2485.0,0,
2026-08-15T09:21:27,LSVA0000DEMO00001,1,219.5,31.7,6.625,398.2,16.64,55.4,398.46,-16.3,58.92,34.1,2492.0,0,
2026-08-15T09:21:28,LSVA0000DEMO00001,1,219.7,32.15,6.719,397.56,16.9,56.2,398.12,-16.56,58.93,34.3,2491.0,0,
2026-08-15T09:21:29,LSVA0000DEMO00001,1,219.2,31.77,6.641,397.14,16.72,55.7,397.19,-16.39,58.93,34.0,2513.0,0,
2026-08-15T09:21:30,LSVA0000DEMO00001,1,220.2,31.82,6.65,398.16,16.7,56.1,398.08,-16.37,58.93,34.1,2487.0,0,
2026-08-15T09:21:31,LSVA0000DEMO00001,1,220.4,31.53,6.589,399.0,16.51,56.1,397.56,-16.18,58.93,34.1,2474.0,0,
2026-08-15T09:21:32,LSVA0000DEMO00001,1,219.2,31.05,6.489,398.0,16.3,55.6,397.71,-15.98,58.94,34.3,2470.0,0,
2026-08-15T09:21:33,LSVA0000DEMO00001,1,219.7,31.56,6.596,398.34,16.56,56.0,397.76,-16.23,58.94,34.4,2478.0,0,
2026-08-15T09:21:34,LSVA0000DEMO00001,1,219.2,32.07,6.703,398.03,16.84,55.7,397.8,-16.5,58.94,34.2,2520.0,0,
2026-08-15T09:21:35,LSVA0000DEMO00001,1,219.5,31.03,6.485,397.96,16.29,55.5,397.59,-15.97,58.95,34.2,2500.0,0,
2026-08-15T09:21:36,LSVA0000DEMO00001,1,220.3,31.24,6.529,398.37,16.39,55.8,398.06,-16.06,58.95,34.1,2508.0,0,
2026-08-15T09:21:37,LSVA0000DEMO00001,1,219.6,31.65,6.615,397.88,16.63,55.9,397.58,-16.29,58.95,34.4,2508.0,0,
2026-08-15T09:21:38,LSVA0000DEMO00001,1,219.8,31.24,6.53,398.11,16.4,55.8,398.11,-16.08,58.96,34.2,2501.0,0,
2026-08-15T09:21:39,LSVA0000DEMO00001,1,219.0,31.32,6.546,398.13,16.44,55.8,398.67,-16.11,58.96,34.3,2499.0,0,
2026-08-15T09:21:40,LSVA0000DEMO00001,1,220.1,31.43,6.569,397.73,16.52,56.1,397.6,-16.18,58.96,34.2,2516.0,0,
2026-08-15T09:21:41,LSVA0000DEMO00001,1,220.0,31.12,6.505,398.4,16.33,55.9,397.91,-16.0,58.96,34.1,2502.0,0,
2026-08-15T09:21:42,LSVA0000DEMO00001,1,219.6,31.23,6.528,397.93,16.41,55.7,397.24,-16.08,58.97,34.3,2521.0,0,
2026-08-15T09:21:43,LSVA0000DEMO00001,1,219.9,31.86,6.658,397.7,16.74,56.0,397.91,-16.41,58.97,34.2,2509.0,0,
2026-08-15T09:21:44,LSVA0000DEMO00001,1,220.1,31.13,6.506,398.21,16.34,55.9,398.19,-16.01,58.97,34.3,2491.0,0,
2026-08-15T09:21:45,LSVA0000DEMO00001,1,219.5,30.97,6.474,397.64,16.28,55.4,398.22,-15.95,58.98,34.2,2493.0,0,
2026-08-15T09:21:46,LSVA0000DEMO00001,1,219.1,31.37,6.557,398.01,16.47,56.0,398.02,-16.14,58.98,34.1,2489.0,0,
2026-08-15T09:21:47,LSVA0000DEMO00001,1,221.1,31.89,6.665,398.0,16.75,56.0,398.27,-16.41,58.98,34.1,2518.0,0,
2026-08-15T09:21:48,LSVA0000DEMO00001,1,219.6,31.57,6.598,398.43,16.56,55.9,398.76,-16.23,58.99,34.2,2494.0,0,
2026-08-15T09:21:49,LSVA0000DEMO00001,1,219.9,31.45,6.573,398.19,16.51,56.1,398.51,-16.18,58.99,34.1,2488.0,0,
2026-08-15T09:21:50,LSVA0000DEMO00001,1,220.6,31.63,6.61,397.99,16.61,55.8,397.84,-16.28,58.99,34.1,2505.0,0,
2026-08-15T09:21:51,LSVA0000DEMO00001,1,222.1,30.97,6.473,398.33,16.25,56.0,397.56,-15.93,59.0,34.3,2499.0,0,
2026-08-15T09:21:52,LSVA0000DEMO00001,1,219.3,31.84,6.655,398.56,16.7,55.6,397.88,-16.36,59.0,34.1,2504.0,0,
2026-08-15T09:21:53,LSVA0000DEMO00001,1,220.3,31.78,6.641,398.22,16.68,56.0,397.72,-16.34,59.0,34.2,2528.0,0,
2026-08-15T09:21:54,LSVA0000DEMO00001,1,219.6,31.46,6.574,398.0,16.52,56.3,398.14,-16.19,59.0,34.2,2514.0,0,
2026-08-15T09:21:55,LSVA0000DEMO00001,1,219.7,31.95,6.678,397.48,16.8,55.7,397.65,-16.47,59.01,34.1,2500.0,0,
2026-08-15T09:21:56,LSVA0000DEMO00001,1,219.6,31.15,6.51,397.57,16.37,55.8,397.98,-16.05,59.01,34.3,2479.0,0,
2026-08-15T09:21:57,LSVA0000DEMO00001,1,219.3,32.03,6.695,397.88,16.83,55.8,398.25,-16.49,59.01,34.1,2493.0,0,
2026-08-15T09:21:58,LSVA0000DEMO00001,1,220.0,31.65,6.615,397.76,16.63,55.9,397.97,-16.3,59.02,34.2,2511.0,0,
2026-08-15T09:21:59,LSVA0000DEMO00001,1,219.1,31.48,6.579,397.93,16.53,55.7,397.72,-16.2,59.02,34.2,2482.0,0,
2026-08-15T09:22:00,LSVA0000DEMO00001,1,220.6,31.61,6.606,398.02,16.6,56.0,398.35,-16.26,59.02,34.2,2532.0,0,
2026-08-15T09:22:01,LSVA0000DEMO00001,1,220.0,31.59,6.602,398.21,16.58,56.1,397.44,-16.25,59.03,34.1,2500.0,0,
2026-08-15T09:22:02,LSVA0000DEMO00001,1,220.3,32.07,6.703,397.97,16.84,56.0,397.9,-16.51,59.03,34.3,2501.0,0,
2026-08-15T09:22:03,LSVA0000DEMO00001,1,219.7,31.22,6.524,398.19,16.38,55.6,397.99,-16.06,59.03,34.3,2490.0,0,
2026-08-15T09:22:04,LSVA0000DEMO00001,1,219.8,31.32,6.547,398.03,16.45,56.1,398.0,-16.12,59.04,34.1,2507.0,0,
2026-08-15T09:22:05,LSVA0000DEMO00001,1,220.2,31.94,6.676,397.21,16.81,56.1,398.05,-16.47,59.04,34.3,2483.0,0,
2026-08-15T09:22:06,LSVA0000DEMO00001,1,219.3,31.36,6.553,397.62,16.48,56.1,398.18,-16.15,59.04,34.2,2532.0,0,
2026-08-15T09:22:07,LSVA0000DEMO00001,1,219.8,31.95,6.678,397.94,16.78,56.0,397.99,-16.44,59.04,34.1,2520.0,0,
2026-08-15T09:22:08,LSVA0000DEMO00001,1,219.5,32.22,6.734,397.52,16.94,56.0,397.89,-16.6,59.05,34.1,2515.0,0,
2026-08-15T09:22:09,LSVA0000DEMO00001,1,219.5,31.48,6.579,398.24,16.52,56.2,397.88,-16.19,59.05,34.3,2479.0,0,
2026-08-15T09:22:10,LSVA0000DEMO00001,1,218.7,31.92,6.671,398.61,16.74,56.3,397.82,-16.4,59.05,34.2,2503.0,0,
2026-08-15T09:22:11,LSVA0000DEMO00001,1,220.8,31.21,6.523,398.49,16.37,55.8,398.24,-16.04,59.06,34.2,2518.0,0,
2026-08-15T09:22:12,LSVA0000DEMO00001,1,219.6,31.89,6.665,397.91,16.75,56.2,397.81,-16.42,59.06,34.1,2509.0,0,
2026-08-15T09:22:13,LSVA0000DEMO00001,1,220.7,31.73,6.633,398.6,16.64,55.9,398.25,-16.31,59.06,34.2,2485.0,0,
2026-08-15T09:22:14,LSVA0000DEMO00001,1,220.6,31.8,6.645,398.06,16.69,55.9,398.01,-16.36,59.07,34.2,2490.0,0,
2026-08-15T09:22:15,LSVA0000DEMO00001,1,219.2,31.35,6.553,397.87,16.47,55.7,397.84,-16.14,59.07,34.1,2493.0,0,
2026-08-15T09:22:16,LSVA0000DEMO00001,1,219.3,30.96,6.471,397.75,16.27,55.9,398.19,-15.94,59.07,34.1,2491.0,0,
2026-08-15T09:22:17,LSVA0000DEMO00001,1,221.5,31.79,6.645,397.88,16.7,55.8,397.78,-16.37,59.07,34.3,2523.0,0,
2026-08-15T09:22:18,LSVA0000DEMO00001,1,221.1,30.81,6.44,397.84,16.19,55.9,398.19,-15.86,59.08,34.3,2471.0,0,
2026-08-15T09:22:19,LSVA0000DEMO00001,1,220.0,31.5,6.583,398.07,16.54,55.8,398.06,-16.21,59.08,34.1,2510.0,0,
2026-08-15T09:22:20,LSVA0000DEMO00001,1,220.2,31.98,6.683,398.06,16.79,55.9,397.82,-16.45,59.08,34.2,2481.0,0,
2026-08-15T09:22:21,LSVA0000DEMO00001,1,219.6,31.68,6.622,398.0,16.64,55.9,398.16,-16.31,59.09,34.1,2486.0,0,
2026-08-15T09:22:22,LSVA0000DEMO00001,1,220.3,32.37,6.765,398.17,16.99,56.0,398.16,-16.65,59.09,34.2,2470.0,0,
2026-08-15T09:22:23,LSVA0000DEMO00001,1,219.6,32.04,6.696,398.48,16.81,55.7,398.35,-16.47,59.09,34.2,2492.0,0,
2026-08-15T09:22:24,LSVA0000DEMO00001,1,218.8,31.39,6.561,398.38,16.47,55.7,398.29,-16.14,59.1,34.2,2523.0,0,
2026-08-15T09:22:25,LSVA0000DEMO00001,1,219.2,31.57,6.599,397.41,16.61,56.1,398.15,-16.27,59.1,34.4,2504.0,0,
2026-08-15T09:22:26,LSVA0000DEMO00001,1,220.0,31.51,6.586,396.98,16.59,55.8,397.66,-16.26,59.1,34.2,2482.0,0,
2026-08-15T09:22:27,LSVA0000DEMO00001,1,219.3,31.04,6.487,398.37,16.28,56.2,398.73,-15.96,59.11,34.2,2515.0,0,
2026-08-15T09:22:28,LSVA0000DEMO00001,1,220.0,31.21,6.523,397.45,16.41,56.0,397.58,-16.08,59.11,34.2,2518.0,0,
2026-08-15T09:22:29,LSVA0000DEMO00001,1,219.4,31.39,6.561,397.91,16.49,56.1,398.28,-16.16,59.11,34.4,2502.0,0,
2026-08-15T09:22:30,LSVA0000DEMO00001,1,219.5,30.8,6.437,397.53,16.19,56.3,398.13,-15.87,59.11,34.1,2531.0,0,
2026-08-15T09:22:31,LSVA0000DEMO00001,1,220.5,31.57,6.599,397.28,16.61,55.9,397.65,-16.28,59.12,34.2,2512.0,0,
2026-08-15T09:22:32,LSVA0000DEMO00001,1,220.1,31.53,6.591,398.22,16.55,55.9,397.96,-16.22,59.12,34.4,2510.0,0,
2026-08-15T09:22:33,LSVA0000DEMO00001,1,220.0,31.0,6.479,398.3,16.27,56.2,397.98,-15.94,59.12,34.3,2488.0,0,
2026-08-15T09:22:34,LSVA0000DEMO00001,1,220.5,31.75,6.635,397.77,16.68,56.1,398.39,-16.35,59.13,34.3,2509.0,0,
2026-08-15T09:22:35,LSVA0000DEMO00001,1,220.3,31.8,6.646,396.96,16.74,56.0,397.79,-16.41,59.13,34.5,2503.0,0,
2026-08-15T09:22:36,LSVA0000DEMO00001,1,220.9,31.68,6.621,397.78,16.65,56.3,397.92,-16.31,59.13,34.3,2508.0,0,
2026-08-15T09:22:37,LSVA0000DEMO00001,1,219.7,31.5,6.584,398.16,16.54,56.0,397.3,-16.2,59.14,34.2,2490.0,0,
2026-08-15T09:22:38,LSVA0000DEMO00001,1,219.7,31.79,6.644,397.41,16.72,56.0,398.52,-16.38,59.14,34.2,2502.0,0,
2026-08-15T09:22:39,LSVA0000DEMO00001,1,219.2,31.88,6.662,398.07,16.74,56.0,397.68,-16.4,59.14,34.2,2488.0,0,
2026-08-15T09:22:40,LSVA0000DEMO00001,1,219.7,31.73,6.631,397.99,16.66,55.8,398.1,-16.33,59.14,34.4,2468.0,0,
2026-08-15T09:22:41,LSVA0000DEMO00001,1,220.6,31.32,6.545,398.23,16.44,56.1,397.97,-16.11,59.15,34.3,2515.0,0,
2026-08-15T09:22:42,LSVA0000DEMO00001,1,220.8,31.72,6.63,398.05,16.66,56.3,397.97,-16.32,59.15,34.4,2477.0,0,
2026-08-15T09:22:43,LSVA0000DEMO00001,1,220.6,32.04,6.695,397.61,16.84,56.1,398.24,-16.5,59.15,34.4,2502.0,0,
2026-08-15T09:22:44,LSVA0000DEMO00001,1,218.9,31.42,6.567,398.48,16.48,56.1,398.5,-16.15,59.16,34.2,2505.0,0,
2026-08-15T09:22:45,LSVA0000DEMO00001,1,220.6,32.41,6.773,397.94,17.02,56.0,398.08,-16.68,59.16,34.2,2505.0,0,
2026-08-15T09:22:46,LSVA0000DEMO00001,1,218.9,31.41,6.565,397.99,16.49,56.1,398.2,-16.16,59.16,34.3,2496.0,0,
2026-08-15T09:22:47,LSVA0000DEMO00001,1,220.5,31.59,6.603,397.63,16.61,56.2,398.1,-16.27,59.17,34.2,2504.0,0,
2026-08-15T09:22:48,LSVA0000DEMO00001,1,219.8,31.34,6.55,397.82,16.47,56.2,398.31,-16.14,59.17,34.3,2507.0,0,
2026-08-15T09:22:49,LSVA0000DEMO00001,1,220.4,31.67,6.619,397.65,16.64,56.0,397.86,-16.31,59.17,34.4,2511.0,0,
2026-08-15T09:22:50,LSVA0000DEMO00001,1,219.2,30.94,6.467,397.93,16.25,56.1,398.32,-15.93,59.18,34.3,2526.0,0,
2026-08-15T09:22:51,LSVA0000DEMO00001,1,220.7,31.46,6.575,398.68,16.49,56.2,398.33,-16.16,59.18,34.3,2504.0,0,
2026-08-15T09:22:52,LSVA0000DEMO00001,1,219.1,31.15,6.511,397.45,16.38,55.9,398.32,-16.05,59.18,34.3,2501.0,0,
2026-08-15T09:22:53,LSVA0000DEMO00001,1,219.6,31.61,6.607,397.35,16.63,56.1,397.8,-16.29,59.18,34.4,2486.0,0,
2026-08-15T09:22:54,LSVA0000DEMO00001,1,219.4,32.04,6.696,398.59,16.8,55.6,397.95,-16.46,59.19,34.2,2507.0,0,
2026-08-15T09:22:55,LSVA0000DEMO00001,1,218.9,31.85,6.657,397.92,16.73,56.2,398.07,-16.39,59.19,34.1,2510.0,0,
2026-08-15T09:22:56,LSVA0000DEMO00001,1,220.1,30.69,6.414,397.73,16.13,56.2,397.59,-15.8,59.19,34.3,2497.0,0,
2026-08-15T09:22:57,LSVA0000DEMO00001,1,221.1,32.42,6.776,398.42,17.01,56.2,398.48,-16.67,59.2,34.4,2508.0,0,
2026-08-15T09:22:58,LSVA0000DEMO00001,1,221.6,31.7,6.626,397.76,16.66,56.0,398.0,-16.33,59.2,34.3,2496.0,0,
2026-08-15T09:22:59,LSVA0000DEMO00001,1,220.1,31.37,6.557,398.73,16.44,56.1,398.09,-16.12,59.2,34.2,2510.0,0,
2026-08-15T09:23:00,LSVA0000DEMO00001,1,220.7,31.69,6.624,398.27,16.63,56.4,397.83,-16.3,59.21,34.2,2514.0,0,
2026-08-15T09:23:01,LSVA0000DEMO00001,1,220.1,31.66,6.618,397.8,16.64,56.4,397.6,-16.3,59.21,34.4,2513.0,0,
2026-08-15T09:23:02,LSVA0000DEMO00001,1,220.3,31.43,6.568,398.86,16.47,56.1,397.82,-16.14,59.21,34.3,2502.0,0,
2026-08-15T09:23:03,LSVA0000DEMO00001,1,219.8,31.67,6.619,397.76,16.64,56.1,398.07,-16.31,59.21,34.3,2484.0,0,
2026-08-15T09:23:04,LSVA0000DEMO00001,1,220.1,31.4,6.563,398.3,16.48,56.3,398.2,-16.15,59.22,34.5,2491.0,0,
2026-08-15T09:23:05,LSVA0000DEMO00001,1,220.3,31.47,6.577,398.12,16.52,55.8,398.05,-16.19,59.22,34.2,2509.0,0,
2026-08-15T09:23:06,LSVA0000DEMO00001,1,219.7,31.39,6.561,398.52,16.46,56.0,398.1,-16.13,59.22,34.5,2537.0,0,
2026-08-15T09:23:07,LSVA0000DEMO00001,1,220.0,31.11,6.503,398.62,16.31,56.4,397.9,-15.99,59.23,34.3,2495.0,0,
2026-08-15T09:23:08,LSVA0000DEMO00001,1,220.0,31.67,6.619,398.01,16.63,56.3,398.15,-16.3,59.23,34.1,2507.0,0,
2026-08-15T09:23:09,LSVA0000DEMO00001,1,220.5,31.81,6.648,397.7,16.72,56.2,398.44,-16.38,59.23,34.3,2492.0,0,
2026-08-15T09:23:10,LSVA0000DEMO00001,1,219.4,31.82,6.651,398.18,16.7,55.8,398.21,-16.37,59.24,34.4,2485.0,0,
2026-08-15T09:23:11,LSVA0000DEMO00001,1,220.0,31.9,6.668,397.73,16.76,56.1,398.24,-16.43,59.24,34.3,2490.0,0,
2026-08-15T09:23:12,LSVA0000DEMO00001,1,221.1,31.8,6.646,398.81,16.66,56.0,398.09,-16.33,59.24,34.2,2469.0,0,
2026-08-15T09:23:13,LSVA0000DEMO00001,1,220.7,31.41,6.565,398.05,16.49,56.2,397.55,-16.16,59.25,34.3,2520.0,0,
2026-08-15T09:23:14,LSVA0000DEMO00001,1,220.8,31.92,6.671,397.85,16.77,56.0,397.69,-16.43,59.25,34.2,2467.0,0,
2026-08-15T09:23:15,LSVA0000DEMO00001,1,220.0,31.1,6.5,398.07,16.33,55.9,398.14,-16.0,59.25,34.4,2496.0,0,
2026-08-15T09:23:16,LSVA0000DEMO00001,1,220.2,31.23,6.526,397.46,16.42,55.7,398.0,-16.09,59.25,34.4,2482.0,0,
2026-08-15T09:23:17,LSVA0000DEMO00001,1,220.6,31.21,6.524,397.61,16.41,56.4,398.13,-16.08,59.26,34.2,2487.0,0,
2026-08-15T09:23:18,LSVA0000DEMO00001,1,220.9,32.06,6.701,398.48,16.82,56.1,398.5,-16.48,59.26,34.3,2521.0,0,
2026-08-15T09:23:19,LSVA0000DEMO00001,1,218.8,31.95,6.677,397.74,16.79,56.2,398.22,-16.45,59.26,34.4,2503.0,0,
2026-08-15T09:23:20,LSVA0000DEMO00001,1,219.2,31.76,6.639,397.58,16.7,56.1,398.38,-16.36,59.27,34.2,2486.0,0,
2026-08-15T09:23:21,LSVA0000DEMO00001,1,220.8,32.04,6.696,398.21,16.81,55.9,398.03,-16.48,59.27,34.2,2491.0,0,
2026-08-15T09:23:22,LSVA0000DEMO00001,1,219.8,31.31,6.545,398.47,16.42,55.9,397.76,-16.1,59.27,34.2,2489.0,0,
2026-08-15T09:23:23,LSVA0000DEMO00001,1,219.6,31.77,6.639,398.29,16.67,55.9,397.98,-16.34,59.28,34.4,2499.0,0,
2026-08-15T09:23:24,LSVA0000DEMO00001,1,219.2,31.6,6.603,398.4,16.57,56.0,397.76,-16.24,59.28,34.4,2503.0,0,
2026-08-15T09:23:25,LSVA0000DEMO00001,1,219.7,31.91,6.669,397.7,16.77,56.2,398.47,-16.43,59.28,34.3,2528.0,0,
2026-08-15T09:23:26,LSVA0000DEMO00001,1,219.2,31.52,6.588,397.43,16.58,56.0,398.24,-16.25,59.28,34.3,2471.0,0,
2026-08-15T09:23:27,LSVA0000DEMO00001,1,221.3,31.51,6.586,398.6,16.52,56.5,398.16,-16.19,59.29,34.5,2499.0,0,
2026-08-15T09:23:28,LSVA0000DEMO00001,1,220.0,31.81,6.648,397.87,16.71,56.4,398.37,-16.37,59.29,34.2,2495.0,0,
2026-08-15T09:23:29,LSVA0000DEMO00001,1,220.0,31.94,6.675,397.9,16.78,56.3,397.39,-16.44,59.29,34.2,2514.0,0,
2026-08-15T09:23:30,LSVA0000DEMO00001,1,220.4,31.4,6.562,398.53,16.47,56.1,398.18,-16.14,59.3,34.4,2505.0,0,
2026-08-15T09:23:31,LSVA0000DEMO00001,1,220.6,31.61,6.606,398.22,16.59,56.5,397.61,-16.26,59.3,34.3,2509.0,0,
2026-08-15T09:23:32,LSVA0000DEMO00001,1,220.6,31.22,6.526,398.18,16.39,56.1,398.0,-16.06,59.3,34.3,2505.0,0,
2026-08-15T09:23:33,LSVA0000DEMO00001,1,220.6,30.73,6.422,398.87,16.1,56.2,397.91,-15.78,59.31,34.4,2486.0,0,
2026-08-15T09:23:34,LSVA0000DEMO00001,1,219.6,31.67,6.618,397.74,16.64,56.2,398.2,-16.31,59.31,34.4,2518.0,0,
2026-08-15T09:23:35,LSVA0000DEMO00001,1,219.8,31.87,6.661,398.37,16.72,56.3,398.07,-16.39,59.31,34.1,2512.0,0,
2026-08-15T09:23:36,LSVA0000DEMO00001,1,220.5,31.71,6.628,398.02,16.65,56.3,398.4,-16.32,59.32,34.3,2514.0,0,
2026-08-15T09:23:37,LSVA0000DEMO00001,1,219.7,30.88,6.453,398.11,16.21,56.1,397.82,-15.89,59.32,34.6,2519.0,0,
2026-08-15T09:23:38,LSVA0000DEMO00001,1,220.0,31.53,6.589,398.61,16.53,56.1,398.21,-16.2,59.32,34.4,2506.0,0,
2026-08-15T09:23:39,LSVA0000DEMO00001,1,220.2,30.78,6.434,398.2,16.16,56.3,398.05,-15.83,59.32,34.4,2522.0,0,
2026-08-15T09:23:40,LSVA0000DEMO00001,1,220.5,32.15,6.719,398.22,16.87,56.3,397.51,-16.54,59.33,34.5,2506.0,0,
2026-08-15T09:23:41,LSVA0000DEMO00001,1,218.9,31.23,6.527,398.43,16.38,56.1,397.72,-16.06,59.33,34.4,2497.0,0,
2026-08-15T09:23:42,LSVA0000DEMO00001,1,220.4,32.08,6.704,397.85,16.85,55.9,397.96,-16.51,59.33,34.4,2500.0,0,
2026-08-15T09:23:43,LSVA0000DEMO00001,1,219.9,31.94,6.676,397.66,16.79,56.2,398.33,-16.45,59.34,34.4,2500.0,0,
2026-08-15T09:23:44,LSVA0000DEMO00001,1,220.4,31.24,6.528,397.58,16.42,56.3,398.14,-16.09,59.34,34.4,2492.0,0,
2026-08-15T09:23:45,LSVA0000DEMO00001,1,220.5,31.12,6.504,397.21,16.37,56.6,397.65,-16.05,59.34,34.3,2524.0,0,
2026-08-15T09:23:46,LSVA0000DEMO00001,1,221.0,31.81,6.648,398.82,16.67,56.0,397.96,-16.34,59.35,34.4,2504.0,0,
2026-08-15T09:23:47,LSVA0000DEMO00001,1,220.8,31.26,6.532,397.56,16.43,56.1,398.61,-16.1,59.35,34.3,2501.0,0,
2026-08-15T09:23:48,LSVA0000DEMO00001,1,220.8,31.64,6.613,397.91,16.62,56.1,398.03,-16.29,59.35,34.4,2506.0,0,
2026-08-15T09:23:49,LSVA0000DEMO00001,1,220.9,31.42,6.567,397.89,16.5,56.5,397.9,-16.17,59.36,34.3,2545.0,0,
2026-08-15T09:23:50,LSVA0000DEMO00001,1,220.2,30.94,6.467,398.12,16.24,56.2,398.15,-15.92,59.36,34.3,2483.0,0,
2026-08-15T09:23:51,LSVA0000DEMO00001,1,220.0,30.79,6.435,398.33,16.15,56.0,398.23,-15.83,59.36,34.4,2487.0,0,
2026-08-15T09:23:52,LSVA0000DEMO00001,1,220.5,31.73,6.631,398.34,16.65,56.3,397.86,-16.31,59.36,34.3,2479.0,0,
2026-08-15T09:23:53,LSVA0000DEMO00001,1,220.4,31.38,6.558,397.77,16.49,56.1,398.15,-16.16,59.37,34.3,2497.0,0,
2026-08-15T09:23:54,LSVA0000DEMO00001,1,219.8,31.4,6.562,397.93,16.49,56.0,397.9,-16.16,59.37,34.4,2504.0,0,
2026-08-15T09:23:55,LSVA0000DEMO00001,1,220.2,31.89,6.664,398.11,16.74,56.0,398.22,-16.4,59.37,34.4,2493.0,0,
2026-08-15T09:23:56,LSVA0000DEMO00001,1,220.0,32.05,6.699,397.9,16.83,56.6,398.05,-16.5,59.38,34.5,2492.0,0,
2026-08-15T09:23:57,LSVA0000DEMO00001,1,219.5,31.56,6.596,398.64,16.55,56.3,398.14,-16.21,59.38,34.3,2502.0,0,
2026-08-15T09:23:58,LSVA0000DEMO00001,1,220.8,31.5,6.583,398.2,16.53,56.3,397.77,-16.2,59.38,34.5,2492.0,0,
2026-08-15T09:23:59,LSVA0000DEMO00001,1,220.0,31.83,6.652,398.29,16.7,56.2,397.75,-16.37,59.39,34.5,2505.0,0,
2026-08-15T09:24:00,LSVA0000DEMO00001,1,221.2,31.12,6.503,398.27,16.33,56.3,398.28,-16.0,59.39,34.5,2517.0,0,
2026-08-15T09:24:01,LSVA0000DEMO00001,1,219.0,31.73,6.632,398.47,16.64,56.3,397.98,-16.31,59.39,34.4,2510.0,0,
2026-08-15T09:24:02,LSVA0000DEMO00001,1,219.7,31.83,6.652,398.07,16.71,56.3,398.09,-16.38,59.39,34.4,2513.0,0,
2026-08-15T09:24:03,LSVA0000DEMO00001,1,220.0,31.83,6.652,397.48,16.74,56.3,397.91,-16.4,59.4,34.5,2516.0,0,
2026-08-15T09:24:04,LSVA0000DEMO00001,1,220.7,30.89,6.455,398.16,16.21,56.4,398.27,-15.89,59.4,34.5,2504.0,0,
2026-08-15T09:24:05,LSVA0000DEMO00001,1,220.2,31.3,6.542,397.74,16.45,56.3,397.82,-16.12,59.4,34.5,2498.0,0,
2026-08-15T09:24:06,LSVA0000DEMO00001,1,220.2,31.26,6.533,397.79,16.42,56.1,397.96,-16.1,59.41,34.4,2488.0,0,
2026-08-15T09:24:07,LSVA0000DEMO00001,1,219.3,31.67,6.619,398.23,16.62,56.1,398.24,-16.29,59.41,34.5,2494.0,0,
2026-08-15T09:24:08,LSVA0000DEMO00001,1,219.3,31.83,6.653,398.5,16.7,55.9,398.35,-16.36,59.41,34.5,2492.0,0,
2026-08-15T09:24:09,LSVA0000DEMO00001,1,220.2,32.18,6.726,398.01,16.9,56.7,397.84,-16.56,59.42,34.4,2511.0,0,
2026-08-15T09:24:10,LSVA0000DEMO00001,1,219.2,31.43,6.569,398.12,16.5,56.4,398.59,-16.17,59.42,34.4,2505.0,0,
2026-08-15T09:24:11,LSVA0000DEMO00001,1,219.7,31.48,6.578,398.68,16.5,56.1,398.09,-16.17,59.42,34.4,2510.0,0,
2026-08-15T09:24:12,LSVA0000DEMO00001,1,220.3,32.06,6.7,398.1,16.83,56.2,397.69,-16.49,59.43,34.5,2483.0,0,
2026-08-15T09:24:13,LSVA0000DEMO00001,1,219.4,31.81,6.648,399.04,16.66,56.1,398.11,-16.33,59.43,34.5,2521.0,0,
2026-08-15T09:24:14,LSVA0000DEMO00001,1,221.0,32.11,6.712,398.23,16.85,56.6,397.89,-16.52,59.43,34.4,2494.0,0,
2026-08-15T09:24:15,LSVA0000DEMO00001,1,220.7,31.67,6.618,397.3,16.66,56.0,398.13,-16.32,59.43,34.3,2483.0,0,
2026-08-15T09:24:16,LSVA0000DEMO00001,1,219.1,31.19,6.52,398.3,16.37,56.3,397.99,-16.04,59.44,34.5,2493.0,0,
2026-08-15T09:24:17,LSVA0000DEMO00001,1,219.4,31.12,6.503,398.15,16.33,56.3,398.02,-16.01,59.44,34.3,2537.0,0,
2026-08-15T09:24:18,LSVA0000DEMO00001,1,218.6,31.06,6.492,398.52,16.29,56.4,397.73,-15.96,59.44,34.3,2494.0,0,
2026-08-15T09:24:19,LSVA0000DEMO00001,1,219.5,31.89,6.664,398.27,16.73,56.3,398.3,-16.4,59.45,34.3,2495.0,0,
2026-08-15T09:24:20,LSVA0000DEMO00001,1,220.5,32.06,6.7,397.94,16.84,55.9,397.65,-16.5,59.45,34.5,2497.0,0,
2026-08-15T09:24:21,LSVA0000DEMO00001,1,219.8,32.28,6.746,397.51,16.97,56.2,397.67,-16.63,59.45,34.6,2498.0,0,
2026-08-15T09:24:22,LSVA0000DEMO00001,1,220.3,31.93,6.673,397.92,16.77,56.1,398.11,-16.43,59.46,34.4,2488.0,0,
2026-08-15T09:24:23,LSVA0000DEMO00001,1,219.1,32.03,6.694,397.66,16.83,56.3,398.48,-16.5,59.46,34.5,2502.0,0,
2026-08-15T09:24:24,LSVA0000DEMO00001,1,220.5,31.37,6.557,397.77,16.48,56.6,397.89,-16.15,59.46,34.6,2516.0,0,
2026-08-15T09:24:25,LSVA0000DEMO00001,1,219.7,31.19,6.519,398.24,16.37,56.0,398.21,-16.04,59.46,34.3,2505.0,0,
2026-08-15T09:24:26,LSVA0000DEMO00001,1,220.0,31.99,6.686,398.67,16.77,56.1,398.32,-16.43,59.47,34.5,2483.0,0,
2026-08-15T09:24:27,LSVA0000DEMO00001,1,219.9,31.78,6.643,398.16,16.68,56.2,398.24,-16.35,59.47,34.4,2495.0,0,
2026-08-15T09:24:28,LSVA0000DEMO00001,1,219.2,31.61,6.607,397.52,16.62,56.2,397.91,-16.29,59.47,34.5,2492.0,0,
2026-08-15T09:24:29,LSVA0000DEMO00001,1,219.3,31.77,6.641,398.18,16.68,56.5,397.67,-16.34,59.48,34.4,2501.0,0,
2026-08-15T09:24:30,LSVA0000DEMO00001,1,220.6,31.77,6.641,398.48,16.66,56.3,397.34,-16.33,59.48,34.4,2520.0,0,
2026-08-15T09:24:31,LSVA0000DEMO00001,1,220.2,32.08,6.705,397.76,16.86,56.4,397.92,-16.52,59.48,34.5,2498.0,0,
2026-08-15T09:24:32,LSVA0000DEMO00001,1,220.6,32.1,6.709,397.95,16.86,56.2,398.35,-16.52,59.49,34.6,2499.0,0,
2026-08-15T09:24:33,LSVA0000DEMO00001,1,220.2,31.82,6.65,398.01,16.71,56.4,397.66,-16.37,59.49,34.5,2527.0,0,
2026-08-15T09:24:34,LSVA0000DEMO00001,1,220.1,31.91,6.669,397.69,16.77,56.5,398.21,-16.43,59.49,34.4,2513.0,0,
2026-08-15T09:24:35,LSVA0000DEMO00001,1,219.0,31.83,6.652,398.26,16.7,56.2,397.71,-16.37,59.5,34.3,2509.0,0,
2026-08-15T09:24:36,LSVA0000DEMO00001,1,219.8,31.43,6.569,397.95,16.51,56.5,398.03,-16.18,59.5,34.3,2529.0,0,
2026-08-15T09:24:37,LSVA0000DEMO00001,1,220.0,31.91,6.67,398.17,16.75,56.3,398.21,-16.42,59.5,34.6,2507.0,0,
2026-08-15T09:24:38,LSVA0000DEMO00001,1,221.2,31.05,6.49,397.65,16.32,56.5,397.8,-15.99,59.5,34.4,2470.0,0,
2026-08-15T09:24:39,LSVA0000DEMO00001,1,220.4,32.0,6.688,397.83,16.81,56.3,398.05,-16.47,59.51,34.4,2512.0,0,
2026-08-15T09:24:40,LSVA0000DEMO00001,1,220.9,31.18,6.516,398.29,16.36,56.4,397.88,-16.03,59.51,34.6,2476.0,0,
2026-08-15T09:24:41,LSVA0000DEMO00001,1,220.4,31.71,6.627,397.85,16.66,56.3,398.21,-16.32,59.51,34.3,2507.0,0,
2026-08-15T09:24:42,LSVA0000DEMO00001,1,219.6,31.34,6.551,398.69,16.43,56.3,398.07,-16.1,59.52,34.6,2474.0,0,
2026-08-15T09:24:43,LSVA0000DEMO00001,1,220.1,31.81,6.648,397.84,16.71,56.4,398.02,-16.38,59.52,34.4,2493.0,0,
2026-08-15T09:24:44,LSVA0000DEMO00001,1,220.1,31.61,6.606,398.09,16.59,56.5,398.47,-16.26,59.52,34.4,2495.0,0,
2026-08-15T09:24:45,LSVA0000DEMO00001,1,219.4,31.03,6.486,398.37,16.28,56.1,398.2,-15.96,59.53,34.5,2488.0,0,
2026-08-15T09:24:46,LSVA0000DEMO00001,1,219.8,31.73,6.631,397.43,16.68,56.6,397.79,-16.35,59.53,34.4,2495.0,0,
2026-08-15T09:24:47,LSVA0000DEMO00001,1,219.9,31.34,6.549,397.3,16.48,56.0,397.97,-16.15,59.53,34.5,2515.0,0,
2026-08-15T09:24:48,LSVA0000DEMO00001,1,221.0,31.9,6.667,397.39,16.78,56.2,397.98,-16.44,59.53,34.4,2489.0,0,
2026-08-15T09:24:49,LSVA0000DEMO00001,1,218.8,31.65,6.615,398.51,16.6,56.3,398.02,-16.27,59.54,34.3,2508.0,0,
2026-08-15T09:24:50,LSVA0000DEMO00001,1,220.7,31.74,6.635,397.78,16.68,56.4,398.76,-16.35,59.54,34.5,2486.0,0,
2026-08-15T09:24:51,LSVA0000DEMO00001,1,219.4,31.33,6.547,399.02,16.41,56.7,398.11,-16.08,59.54,34.3,2497.0,0,
2026-08-15T09:24:52,LSVA0000DEMO00001,1,219.2,31.37,6.556,397.77,16.48,56.0,397.39,-16.15,59.55,34.5,2505.0,0,
2026-08-15T09:24:53,LSVA0000DEMO00001,1,220.7,31.44,6.572,398.07,16.51,56.3,397.84,-16.18,59.55,34.4,2485.0,0,
2026-08-15T09:24:54,LSVA0000DEMO00001,1,220.4,31.99,6.685,398.62,16.77,55.9,397.42,-16.44,59.55,34.4,2480.0,0,
2026-08-15T09:24:55,LSVA0000DEMO00001,1,220.8,32.32,6.754,398.8,16.94,56.4,397.9,-16.6,59.56,34.5,2507.0,0,
2026-08-15T09:24:56,LSVA0000DEMO00001,1,220.5,31.37,6.556,398.82,16.44,56.4,397.4,-16.11,59.56,34.5,2517.0,0,
2026-08-15T09:24:57,LSVA0000DEMO00001,1,221.2,32.06,6.701,398.48,16.82,56.7,397.74,-16.48,59.56,34.5,2499.0,0,
2026-08-15T09:24:58,LSVA0000DEMO00001,1,220.3,30.82,6.441,398.41,16.17,56.4,397.54,-15.84,59.57,34.6,2493.0,0,
2026-08-15T09:24:59,LSVA0000DEMO00001,1,219.9,31.18,6.516,398.24,16.36,56.6,398.12,-16.03,59.57,34.4,2502.0,0,
2026-08-15T09:25:00,LSVA0000DEMO00001,1,220.2,31.27,6.536,398.31,16.41,56.5,398.0,-16.08,59.57,34.5,2501.0,0,
2026-08-15T09:25:01,LSVA0000DEMO00001,1,220.7,31.08,6.496,397.78,16.33,56.3,398.09,-16.0,59.57,34.2,2504.0,0,
2026-08-15T09:25:02,LSVA0000DEMO00001,1,219.5,30.98,6.475,397.67,16.28,56.1,397.97,-15.96,59.58,34.5,2462.0,0,
2026-08-15T09:25:03,LSVA0000DEMO00001,1,219.6,31.77,6.64,398.0,16.68,56.4,397.58,-16.35,59.58,34.5,2484.0,0,
2026-08-15T09:25:04,LSVA0000DEMO00001,1,219.8,31.52,6.589,397.93,16.56,56.1,398.15,-16.23,59.58,34.4,2487.0,0,
2026-08-15T09:25:05,LSVA0000DEMO00001,1,218.7,31.74,6.634,397.82,16.68,56.7,398.58,-16.34,59.59,34.5,2502.0,0,
2026-08-15T09:25:06,LSVA0000DEMO00001,1,220.1,31.9,6.666,398.28,16.74,56.4,398.12,-16.4,59.59,34.6,2503.0,0,
2026-08-15T09:25:07,LSVA0000DEMO00001,1,218.9,31.74,6.634,398.38,16.65,56.6,397.87,-16.32,59.59,34.5,2510.0,0,
2026-08-15T09:25:08,LSVA0000DEMO00001,1,220.0,31.86,6.66,398.04,16.73,56.3,397.57,-16.4,59.6,34.4,2504.0,0,
2026-08-15T09:25:09,LSVA0000DEMO00001,1,220.5,31.63,6.611,398.59,16.59,56.5,397.73,-16.25,59.6,34.5,2480.0,0,
2026-08-15T09:25:10,LSVA0000DEMO00001,1,219.7,31.12,6.505,397.54,16.36,56.4,398.14,-16.04,59.6,34.4,2522.0,0,
2026-08-15T09:25:11,LSVA0000DEMO00001,1,221.0,32.01,6.69,397.92,16.81,56.4,398.32,-16.48,59.6,34.5,2519.0,0,
2026-08-15T09:25:12,LSVA0000DEMO00001,1,219.1,31.36,6.555,397.71,16.48,56.3,398.08,-16.15,59.61,34.6,2481.0,0,
2026-08-15T09:25:13,LSVA0000DEMO00001,1,220.7,31.2,6.52,397.25,16.41,56.5,398.24,-16.08,59.61,34.5,2505.0,0,
2026-08-15T09:25:14,LSVA0000DEMO00001,1,220.4,31.54,6.592,397.97,16.56,56.2,398.21,-16.23,59.61,34.3,2491.0,0,
2026-08-15T09:25:15,LSVA0000DEMO00001,1,219.0,31.26,6.533,397.95,16.42,56.2,398.15,-16.09,59.62,34.3,2502.0,0,
2026-08-15T09:25:16,LSVA0000DEMO00001,1,221.6,31.5,6.584,398.61,16.52,56.7,397.8,-16.19,59.62,34.5,2516.0,0,
2026-08-15T09:25:17,LSVA0000DEMO00001,1,220.0,31.76,6.638,398.25,16.67,56.6,398.05,-16.34,59.62,34.6,2532.0,0,
2026-08-15T09:25:18,LSVA0000DEMO00001,1,219.5,31.71,6.628,397.59,16.67,56.4,397.75,-16.34,59.63,34.4,2511.0,0,
2026-08-15T09:25:19,LSVA0000DEMO00001,1,219.2,31.33,6.548,398.74,16.42,56.8,398.01,-16.09,59.63,34.6,2504.0,0,
2026-08-15T09:25:20,LSVA0000DEMO00001,1,219.9,31.46,6.576,398.49,16.5,56.4,398.1,-16.17,59.63,34.7,2495.0,0,
2026-08-15T09:25:21,LSVA0000DEMO00001,1,219.9,32.04,6.696,398.23,16.81,56.7,398.5,-16.48,59.64,34.7,2503.0,0,
2026-08-15T09:25:22,LSVA0000DEMO00001,1,220.1,31.79,6.645,397.91,16.7,56.5,397.61,-16.37,59.64,34.6,2520.0,0,
2026-08-15T09:25:23,LSVA0000DEMO00001,1,219.8,32.37,6.765,397.62,17.02,56.2,398.14,-16.67,59.64,34.6,2499.0,0,
2026-08-15T09:25:24,LSVA0000DEMO00001,1,220.4,32.05,6.698,397.85,16.84,56.8,398.44,-16.5,59.64,34.3,2487.0,0,
2026-08-15T09:25:25,LSVA0000DEMO00001,1,219.8,32.08,6.705,398.44,16.83,56.6,398.23,-16.49,59.65,34.8,2476.0,0,
2026-08-15T09:25:26,LSVA0000DEMO00001,1,218.8,31.14,6.509,398.75,16.32,56.4,398.25,-16.0,59.65,34.5,2508.0,0,
2026-08-15T09:25:27,LSVA0000DEMO00001,1,219.9,31.95,6.678,398.62,16.75,56.6,398.18,-16.42,59.65,34.5,2504.0,0,
2026-08-15T09:25:28,LSVA0000DEMO00001,1,218.6,31.58,6.599,397.8,16.59,56.4,398.39,-16.26,59.66,34.5,2490.0,0,
2026-08-15T09:25:29,LSVA0000DEMO00001,1,220.2,31.37,6.556,397.55,16.49,56.6,397.67,-16.16,59.66,34.7,2515.0,0,
2026-08-15T09:25:30,LSVA0000DEMO00001,1,219.4,31.68,6.621,398.06,16.63,56.0,397.58,-16.3,59.66,34.8,2494.0,0,
2026-08-15T09:25:31,LSVA0000DEMO00001,1,220.1,31.91,6.67,397.29,16.79,56.2,398.0,-16.45,59.67,34.6,2498.0,0,
2026-08-15T09:25:32,LSVA0000DEMO00001,1,220.8,31.81,6.649,398.13,16.7,56.6,397.35,-16.37,59.67,34.7,2500.0,0,
2026-08-15T09:25:33,LSVA0000DEMO00001,1,219.4,31.27,6.536,397.94,16.42,56.4,398.37,-16.1,59.67,34.6,2495.0,0,
2026-08-15T09:25:34,LSVA0000DEMO00001,1,220.6,31.88,6.663,397.81,16.75,56.5,398.37,-16.41,59.68,34.5,2504.0,0,
2026-08-15T09:25:35,LSVA0000DEMO00001,1,219.7,31.32,6.546,397.36,16.47,56.2,397.87,-16.14,59.68,34.7,2517.0,0,
2026-08-15T09:25:36,LSVA0000DEMO00001,1,221.1,31.71,6.627,398.21,16.64,56.8,397.89,-16.31,59.68,34.5,2483.0,0,
2026-08-15T09:25:37,LSVA0000DEMO00001,1,219.8,31.48,6.579,397.79,16.54,56.7,397.98,-16.21,59.68,34.7,2507.0,0,
2026-08-15T09:25:38,LSVA0000DEMO00001,1,219.5,31.49,6.582,397.53,16.56,56.4,398.02,-16.23,59.69,34.7,2503.0,0,
2026-08-15T09:25:39,LSVA0000DEMO00001,1,220.4,31.81,6.649,396.85,16.75,56.4,398.04,-16.42,59.69,34.6,2502.0,0,
2026-08-15T09:25:40,LSVA0000DEMO00001,1,219.7,31.21,6.524,397.99,16.39,56.7,398.17,-16.06,59.69,34.7,2513.0,0,
2026-08-15T09:25:41,LSVA0000DEMO00001,1,219.5,32.41,6.774,398.71,16.99,56.9,397.95,-16.65,59.7,34.8,2501.0,0,
2026-08-15T09:25:42,LSVA0000DEMO00001,1,219.7,30.97,6.473,398.66,16.24,56.7,398.28,-15.91,59.7,34.6,2507.0,0,
2026-08-15T09:25:43,LSVA0000DEMO00001,1,220.0,31.37,6.556,397.82,16.48,56.9,398.13,-16.15,59.7,34.5,2511.0,0,
2026-08-15T09:25:44,LSVA0000DEMO00001,1,220.8,31.73,6.632,397.76,16.67,56.3,397.82,-16.34,59.71,34.4,2492.0,0,
2026-08-15T09:25:45,LSVA0000DEMO00001,1,218.8,31.85,6.656,398.19,16.72,56.3,398.4,-16.38,59.71,34.8,2504.0,0,
2026-08-15T09:25:46,LSVA0000DEMO00001,1,220.0,31.54,6.592,397.6,16.58,56.2,397.59,-16.25,59.71,34.5,2496.0,0,
2026-08-15T09:25:47,LSVA0000DEMO00001,1,220.4,31.6,6.604,398.12,16.59,56.6,397.97,-16.26,59.71,34.7,2498.0,0,
2026-08-15T09:25:48,LSVA0000DEMO00001,1,220.1,31.79,6.645,398.31,16.68,56.5,398.29,-16.35,59.72,34.5,2495.0,0,
2026-08-15T09:25:49,LSVA0000DEMO00001,1,220.8,31.56,6.597,398.49,16.55,56.5,397.78,-16.22,59.72,34.7,2507.0,0,
2026-08-15T09:25:50,LSVA0000DEMO00001,1,220.0,32.14,6.717,397.96,16.88,56.7,398.09,-16.54,59.72,34.5,2501.0,0,
2026-08-15T09:25:51,LSVA0000DEMO00001,1,219.9,31.92,6.672,397.92,16.77,56.7,398.16,-16.43,59.73,34.5,2506.0,0,
2026-08-15T09:25:52,LSVA0000DEMO00001,1,220.4,31.92,6.67,397.65,16.77,56.2,397.74,-16.44,59.73,34.6,2500.0,0,
2026-08-15T09:25:53,LSVA0000DEMO00001,1,220.1,31.22,6.524,397.67,16.41,56.4,397.98,-16.08,59.73,34.5,2476.0,0,
2026-08-15T09:25:54,LSVA0000DEMO00001,1,219.8,31.57,6.599,397.91,16.58,56.7,397.95,-16.25,59.74,34.6,2500.0,0,
2026-08-15T09:25:55,LSVA0000DEMO00001,1,220.3,31.51,6.585,398.15,16.54,56.4,397.83,-16.21,59.74,34.6,2501.0,0,
2026-08-15T09:25:56,LSVA0000DEMO00001,1,219.6,31.26,6.533,398.37,16.4,56.3,398.69,-16.07,59.74,34.7,2504.0,0,
2026-08-15T09:25:57,LSVA0000DEMO00001,1,219.6,31.72,6.63,397.68,16.67,56.7,397.77,-16.34,59.75,34.6,2491.0,0,
2026-08-15T09:25:58,LSVA0000DEMO00001,1,219.7,31.45,6.574,398.6,16.49,56.2,398.3,-16.16,59.75,34.5,2482.0,0,
2026-08-15T09:25:59,LSVA0000DEMO00001,1,220.8,31.85,6.657,397.89,16.73,56.4,397.88,-16.4,59.75,34.5,2509.0,0,
2026-08-15T09:26:00,LSVA0000DEMO00001,1,218.1,31.2,6.521,397.99,16.39,56.6,397.67,-16.06,59.75,34.8,2496.0,0,
2026-08-15T09:26:01,LSVA0000DEMO00001,1,220.2,32.24,6.739,397.7,16.94,56.4,398.03,-16.6,59.76,34.6,2503.0,0,
2026-08-15T09:26:02,LSVA0000DEMO00001,1,220.0,31.19,6.52,397.03,16.42,56.7,398.19,-16.09,59.76,34.4,2496.0,0,
2026-08-15T09:26:03,LSVA0000DEMO00001,1,219.0,31.72,6.63,398.35,16.64,56.4,398.28,-16.31,59.76,34.6,2500.0,0,
2026-08-15T09:26:04,LSVA0000DEMO00001,1,220.2,31.94,6.675,398.29,16.76,56.8,398.47,-16.42,59.77,34.6,2493.0,0,
2026-08-15T09:26:05,LSVA0000DEMO00001,1,220.3,31.39,6.56,397.89,16.49,56.5,398.88,-16.16,59.77,34.8,2485.0,0,
2026-08-15T09:26:06,LSVA0000DEMO00001,1,220.4,31.94,6.675,398.03,16.77,56.7,398.08,-16.44,59.77,34.7,2507.0,0,
2026-08-15T09:26:07,LSVA0000DEMO00001,1,218.4,31.16,6.512,398.21,16.35,56.7,397.8,-16.03,59.78,34.5,2491.0,0,
2026-08-15T09:26:08,LSVA0000DEMO00001,1,220.8,32.11,6.712,397.37,16.89,56.4,398.14,-16.55,59.78,34.9,2502.0,0,
2026-08-15T09:26:09,LSVA0000DEMO00001,1,219.6,31.6,6.604,397.79,16.6,56.1,397.92,-16.27,59.78,34.6,2506.0,0,
2026-08-15T09:26:10,LSVA0000DEMO00001,1,220.4,31.41,6.565,398.32,16.48,56.6,398.28,-16.15,59.78,34.7,2491.0,0,
2026-08-15T09:26:11,LSVA0000DEMO00001,1,220.4,31.46,6.575,397.5,16.54,56.5,397.61,-16.21,59.79,34.5,2482.0,0,
2026-08-15T09:26:12,LSVA0000DEMO00001,1,219.5,31.93,6.673,398.12,16.76,56.6,398.71,-16.43,59.79,34.4,2536.0,0,
2026-08-15T09:26:13,LSVA0000DEMO00001,1,220.4,31.35,6.551,397.46,16.48,56.5,398.26,-16.15,59.79,34.5,2492.0,0,
2026-08-15T09:26:14,LSVA0000DEMO00001,1,219.8,31.34,6.55,398.19,16.45,56.5,397.49,-16.12,59.8,34.3,2509.0,0,
2026-08-15T09:26:15,LSVA0000DEMO00001,1,218.8,31.53,6.589,397.99,16.56,56.9,397.79,-16.22,59.8,34.8,2529.0,0,
2026-08-15T09:26:16,LSVA0000DEMO00001,1,220.7,31.11,6.503,397.35,16.36,56.2,398.24,-16.04,59.8,34.6,2512.0,0,
2026-08-15T09:26:17,LSVA0000DEMO00001,1,219.5,32.34,6.76,398.47,16.96,56.7,398.35,-16.62,59.81,34.5,2495.0,0,
2026-08-15T09:26:18,LSVA0000DEMO00001,1,219.5,31.37,6.557,397.71,16.49,56.4,397.62,-16.16,59.81,34.7,2499.0,0,
2026-08-15T09:26:19,LSVA0000DEMO00001,1,219.8,31.9,6.668,397.68,16.77,56.5,398.21,-16.43,59.81,34.7,2488.0,0,
2026-08-15T09:26:20,LSVA0000DEMO00001,1,220.2,31.7,6.625,398.08,16.64,56.5,397.42,-16.31,59.82,34.7,2513.0,0,
2026-08-15T09:26:21,LSVA0000DEMO00001,1,220.0,31.27,6.536,398.46,16.4,56.4,397.97,-16.08,59.82,34.8,2508.0,0,
2026-08-15T09:26:22,LSVA0000DEMO00001,1,220.3,31.58,6.6,397.59,16.6,56.7,398.33,-16.27,59.82,34.6,2492.0,0,
2026-08-15T09:26:23,LSVA0000DEMO00001,1,219.2,31.91,6.67,398.02,16.76,56.8,397.83,-16.42,59.82,34.6,2484.0,0,
2026-08-15T09:26:24,LSVA0000DEMO00001,1,219.6,31.55,6.595,398.17,16.56,56.7,397.55,-16.23,59.83,34.7,2480.0,0,
2026-08-15T09:26:25,LSVA0000DEMO00001,1,219.9,32.09,6.706,398.28,16.84,56.6,398.04,-16.5,59.83,34.7,2515.0,0,
2026-08-15T09:26:26,LSVA0000DEMO00001,1,221.1,32.01,6.689,398.07,16.8,56.4,397.82,-16.47,59.83,34.7,2502.0,0,
2026-08-15T09:26:27,LSVA0000DEMO00001,1,219.9,31.95,6.677,397.85,16.78,56.7,398.19,-16.45,59.84,34.9,2503.0,0,
2026-08-15T09:26:28,LSVA0000DEMO00001,1,220.7,31.41,6.565,397.67,16.51,57.0,397.73,-16.18,59.84,34.6,2488.0,0,
2026-08-15T09:26:29,LSVA0000DEMO00001,1,220.0,31.2,6.521,398.03,16.38,56.5,397.77,-16.06,59.84,34.6,2478.0,0,
2026-08-15T09:26:30,LSVA0000DEMO00001,1,219.7,31.34,6.551,397.57,16.48,56.5,397.39,-16.15,59.85,34.7,2514.0,0,
2026-08-15T09:26:31,LSVA0000DEMO00001,1,219.9,31.59,6.603,396.83,16.64,56.5,398.05,-16.31,59.85,34.6,2501.0,0,
2026-08-15T09:26:32,LSVA0000DEMO00001,1,219.9,31.83,6.653,398.17,16.71,56.5,397.95,-16.37,59.85,34.7,2514.0,0,
2026-08-15T09:26:33,LSVA0000DEMO00001,1,220.4,30.81,6.44,398.36,16.17,56.0,397.64,-15.84,59.85,34.6,2494.0,0,
2026-08-15T09:26:34,LSVA0000DEMO00001,1,220.8,31.53,6.59,397.05,16.6,56.7,398.06,-16.27,59.86,34.6,2496.0,0,
2026-08-15T09:26:35,LSVA0000DEMO00001,1,220.2,31.64,6.613,397.6,16.63,56.4,398.31,-16.3,59.86,34.8,2511.0,0,
2026-08-15T09:26:36,LSVA0000DEMO00001,1,220.7,31.53,6.589,398.25,16.54,56.3,397.94,-16.21,59.86,34.6,2511.0,0,
2026-08-15T09:26:37,LSVA0000DEMO00001,1,219.4,32.17,6.723,398.82,16.86,56.7,398.08,-16.52,59.87,34.6,2512.0,0,
2026-08-15T09:26:38,LSVA0000DEMO00001,1,219.8,31.77,6.641,398.01,16.68,56.4,398.08,-16.35,59.87,34.8,2496.0,0,
2026-08-15T09:26:39,LSVA0000DEMO00001,1,219.6,32.09,6.706,397.71,16.86,56.5,397.64,-16.52,59.87,34.6,2509.0,0,
2026-08-15T09:26:40,LSVA0000DEMO00001,1,220.2,31.52,6.588,397.93,16.56,56.9,398.62,-16.23,59.88,34.6,2517.0,0,
2026-08-15T09:26:41,LSVA0000DEMO00001,1,219.8,32.01,6.691,398.55,16.79,56.3,397.86,-16.45,59.88,34.7,2498.0,0,
2026-08-15T09:26:42,LSVA0000DEMO00001,1,220.4,32.21,6.733,397.74,16.93,56.3,398.2,-16.59,59.88,34.8,2492.0,0,
2026-08-15T09:26:43,LSVA0000DEMO00001,1,219.4,32.09,6.706,397.68,16.86,56.7,398.23,-16.53,59.89,34.8,2520.0,0,
2026-08-15T09:26:44,LSVA0000DEMO00001,1,220.0,31.18,6.517,397.81,16.38,56.8,397.96,-16.05,59.89,34.6,2490.0,0,
2026-08-15T09:26:45,LSVA0000DEMO00001,1,220.4,31.48,6.58,397.62,16.55,56.3,398.18,-16.22,59.89,34.7,2509.0,0,
2026-08-15T09:26:46,LSVA0000DEMO00001,1,218.8,31.48,6.58,398.05,16.53,56.7,398.07,-16.2,59.89,34.6,2499.0,0,
2026-08-15T09:26:47,LSVA0000DEMO00001,1,221.3,31.85,6.657,398.65,16.7,56.7,397.57,-16.36,59.9,34.6,2472.0,0,
2026-08-15T09:26:48,LSVA0000DEMO00001,1,219.8,31.88,6.664,398.13,16.74,56.2,397.9,-16.4,59.9,34.8,2517.0,0,
2026-08-15T09:26:49,LSVA0000DEMO00001,1,218.8,31.28,6.538,397.9,16.43,56.8,397.82,-16.1,59.9,34.6,2459.0,0,
2026-08-15T09:26:50,LSVA0000DEMO00001,1,220.1,31.63,6.61,397.88,16.61,56.8,397.86,-16.28,59.91,34.7,2470.0,0,
2026-08-15T09:26:51,LSVA0000DEMO00001,1,220.0,30.79,6.436,397.37,16.2,56.6,397.61,-15.87,59.91,34.7,2508.0,0,
2026-08-15T09:26:52,LSVA0000DEMO00001,1,220.0,32.19,6.728,398.35,16.89,56.9,398.34,-16.55,59.91,34.6,2508.0,0,
2026-08-15T09:26:53,LSVA0000DEMO00001,1,220.6,31.41,6.566,397.97,16.5,56.8,398.48,-16.17,59.92,34.8,2490.0,0,
2026-08-15T09:26:54,LSVA0000DEMO00001,1,220.4,31.63,6.61,397.93,16.61,56.6,398.29,-16.28,59.92,34.7,2502.0,0,
2026-08-15T09:26:55,LSVA0000DEMO00001,1,220.2,31.59,6.603,399.28,16.54,56.5,398.38,-16.21,59.92,34.5,2462.0,0,
2026-08-15T09:26:56,LSVA0000DEMO00001,1,220.3,32.06,6.7,398.12,16.83,56.4,397.9,-16.49,59.92,34.7,2511.0,0,
2026-08-15T09:26:57,LSVA0000DEMO00001,1,219.9,30.51,6.376,397.7,16.03,56.6,397.81,-15.71,59.93,34.6,2504.0,0,
2026-08-15T09:26:58,LSVA0000DEMO00001,1,221.1,31.59,6.603,397.83,16.6,56.7,397.77,-16.26,59.93,34.8,2499.0,0,
2026-08-15T09:26:59,LSVA0000DEMO00001,1,219.1,31.61,6.606,398.46,16.58,56.6,398.19,-16.25,59.93,34.6,2500.0,0,
2026-08-15T09:27:00,LSVA0000DEMO00001,1,220.1,31.44,6.571,398.05,16.51,56.2,398.07,-16.18,59.94,34.7,2507.0,0,
2026-08-15T09:27:01,LSVA0000DEMO00001,1,220.0,32.22,6.734,397.42,16.95,56.9,397.98,-16.61,59.94,34.7,2500.0,0,
2026-08-15T09:27:02,LSVA0000DEMO00001,1,220.5,31.3,6.542,398.37,16.42,56.7,398.39,-16.09,59.94,34.7,2472.0,0,
2026-08-15T09:27:03,LSVA0000DEMO00001,1,219.5,31.88,6.664,397.73,16.75,56.6,398.12,-16.42,59.95,34.8,2533.0,0,
2026-08-15T09:27:04,LSVA0000DEMO00001,1,219.0,31.81,6.648,398.75,16.67,56.8,397.75,-16.34,59.95,34.6,2518.0,0,
2026-08-15T09:27:05,LSVA0000DEMO00001,1,220.1,32.13,6.714,398.43,16.85,56.9,397.8,-16.52,59.95,34.9,2481.0,0,
2026-08-15T09:27:06,LSVA0000DEMO00001,1,220.2,31.34,6.551,397.82,16.47,56.1,398.2,-16.14,59.96,34.8,2495.0,0,
2026-08-15T09:27:07,LSVA0000DEMO00001,1,220.9,31.37,6.557,398.51,16.45,56.7,398.31,-16.12,59.96,34.8,2496.0,0,
2026-08-15T09:27:08,LSVA0000DEMO00001,1,219.2,32.03,6.695,398.03,16.82,56.4,398.17,-16.48,59.96,34.8,2516.0,0,
2026-08-15T09:27:09,LSVA0000DEMO00001,1,220.7,31.8,6.646,398.34,16.69,56.7,398.57,-16.35,59.96,34.7,2468.0,0,
2026-08-15T09:27:10,LSVA0000DEMO00001,1,221.4,31.04,6.487,398.19,16.29,56.7,398.49,-15.97,59.97,34.6,2493.0,0,
2026-08-15T09:27:11,LSVA0000DEMO00001,1,219.8,31.38,6.558,397.66,16.49,56.8,398.13,-16.16,59.97,34.7,2474.0,0,
2026-08-15T09:27:12,LSVA0000DEMO00001,1,219.2,31.74,6.633,397.74,16.68,56.6,397.75,-16.34,59.97,34.9,2496.0,0,
2026-08-15T09:27:13,LSVA0000DEMO00001,1,219.8,31.96,6.68,398.41,16.77,56.3,397.61,-16.43,59.98,34.9,2493.0,0,
2026-08-15T09:27:14,LSVA0000DEMO00001,1,220.0,31.34,6.551,397.87,16.46,56.6,397.88,-16.13,59.98,34.7,2501.0,0,
2026-08-15T09:27:15,LSVA0000DEMO00001,1,220.3,30.49,6.372,397.84,16.02,56.7,398.23,-15.7,59.98,34.4,2491.0,0,
2026-08-15T09:27:16,LSVA0000DEMO00001,1,219.6,31.78,6.642,397.62,16.7,56.9,398.55,-16.37,59.99,34.7,2489.0,0,
2026-08-15T09:27:17,LSVA0000DEMO00001,1,220.9,31.16,6.512,398.17,16.36,56.4,398.13,-16.03,59.99,34.7,2509.0,0,
2026-08-15T09:27:18,LSVA0000DEMO00001,1,219.3,30.91,6.46,398.83,16.2,56.9,398.35,-15.87,59.99,34.7,2507.0,0,
2026-08-15T09:27:19,LSVA0000DEMO00001,1,219.0,30.5,6.375,397.57,16.03,56.5,397.93,-15.71,60.0,34.8,2508.0,0,
2026-08-15T09:27:20,LSVA0000DEMO00001,1,220.7,31.92,6.672,398.01,16.76,56.7,398.19,-16.43,60.0,34.8,2497.0,0,
2026-08-15T09:27:21,LSVA0000DEMO00001,1,218.6,31.71,6.626,398.56,16.63,56.6,398.25,-16.29,60.0,34.8,2491.0,0,
2026-08-15T09:27:22,LSVA0000DEMO00001,1,219.9,31.52,6.588,397.97,16.55,56.7,397.41,-16.22,60.0,34.8,2498.0,0,
2026-08-15T09:27:23,LSVA0000DEMO00001,1,221.9,32.16,6.72,398.18,16.88,56.9,397.88,-16.54,60.01,34.6,2508.0,0,
2026-08-15T09:27:24,LSVA0000DEMO00001,1,220.0,31.82,6.65,397.58,16.73,56.4,398.28,-16.39,60.01,34.7,2467.0,0,
2026-08-15T09:27:25,LSVA0000DEMO00001,1,219.3,32.24,6.738,398.17,16.92,56.5,398.08,-16.58,60.01,35.0,2506.0,0,
2026-08-15T09:27:26,LSVA0000DEMO00001,1,220.0,31.08,6.495,397.93,16.32,56.7,397.64,-16.0,60.02,34.8,2505.0,0,
2026-08-15T09:27:27,LSVA0000DEMO00001,1,220.0,31.63,6.611,398.39,16.59,57.2,397.27,-16.26,60.02,34.8,2501.0,0,
2026-08-15T09:27:28,LSVA0000DEMO00001,1,220.1,31.03,6.486,398.47,16.28,56.5,397.89,-15.95,60.02,34.8,2498.0,0,
2026-08-15T09:27:29,LSVA0000DEMO00001,1,220.4,31.61,6.606,399.04,16.55,57.1,397.98,-16.22,60.03,34.8,2462.0,0,
2026-08-15T09:27:30,LSVA0000DEMO00001,1,219.4,31.54,6.591,398.23,16.55,57.1,397.73,-16.22,60.03,34.5,2493.0,0,
2026-08-15T09:27:31,LSVA0000DEMO00001,1,221.0,31.86,6.659,398.13,16.73,56.7,398.04,-16.39,60.03,34.7,2527.0,0,
2026-08-15T09:27:32,LSVA0000DEMO00001,1,220.1,31.64,6.612,398.08,16.61,56.6,398.15,-16.28,60.03,34.7,2500.0,0,
2026-08-15T09:27:33,LSVA0000DEMO00001,1,220.4,31.84,6.654,397.86,16.72,56.6,398.2,-16.39,60.04,34.9,2495.0,0,
2026-08-15T09:27:34,LSVA0000DEMO00001,1,219.6,31.89,6.665,398.14,16.74,56.7,397.29,-16.41,60.04,34.8,2500.0,0,
2026-08-15T09:27:35,LSVA0000DEMO00001,1,220.8,32.42,6.776,397.88,17.03,56.4,397.61,-16.69,60.04,34.6,2505.0,0,
2026-08-15T09:27:36,LSVA0000DEMO00001,1,219.8,31.5,6.583,398.07,16.54,56.7,397.91,-16.21,60.05,34.8,2510.0,0,
2026-08-15T09:27:37,LSVA0000DEMO00001,1,220.2,31.29,6.541,398.53,16.41,57.0,398.17,-16.08,60.05,34.7,2497.0,0,
2026-08-15T09:27:38,LSVA0000DEMO00001,1,219.4,31.67,6.62,397.6,16.65,56.6,398.15,-16.32,60.05,34.6,2506.0,0,
2026-08-15T09:27:39,LSVA0000DEMO00001,1,219.4,31.34,6.55,398.46,16.44,56.7,398.14,-16.11,60.06,34.7,2525.0,0,
2026-08-15T09:27:40,LSVA0000DEMO00001,1,220.4,32.22,6.734,398.53,16.9,56.4,397.88,-16.56,60.06,34.8,2515.0,0,
2026-08-15T09:27:41,LSVA0000DEMO00001,1,219.7,31.5,6.583,397.95,16.54,56.8,397.9,-16.21,60.06,34.9,2535.0,0,
2026-08-15T09:27:42,LSVA0000DEMO00001,1,219.5,31.33,6.548,397.15,16.49,56.8,397.78,-16.16,60.07,34.8,2490.0,0,
2026-08-15T09:27:43,LSVA0000DEMO00001,1,219.6,31.41,6.565,397.76,16.51,56.7,398.23,-16.18,60.07,34.8,2525.0,0,
2026-08-15T09:27:44,LSVA0000DEMO00001,1,220.4,31.93,6.673,398.52,16.74,56.7,397.72,-16.41,60.07,34.8,2488.0,0,
2026-08-15T09:27:45,LSVA0000DEMO00001,1,219.6,31.55,6.594,397.99,16.57,56.7,398.26,-16.24,60.07,34.8,2505.0,0,
2026-08-15T09:27:46,LSVA0000DEMO00001,1,219.9,31.34,6.549,397.6,16.47,56.8,398.06,-16.14,60.08,34.8,2511.0,0,
2026-08-15T09:27:47,LSVA0000DEMO00001,1,220.0,32.23,6.736,397.8,16.93,56.7,397.99,-16.59,60.08,34.5,2492.0,0,
2026-08-15T09:27:48,LSVA0000DEMO00001,1,218.8,31.31,6.544,398.34,16.43,56.8,397.8,-16.1,60.08,34.8,2501.0,0,
2026-08-15T09:27:49,LSVA0000DEMO00001,1,219.1,31.64,6.613,398.22,16.61,56.8,397.59,-16.27,60.09,34.7,2514.0,0,
2026-08-15T09:27:50,LSVA0000DEMO00001,1,220.2,31.85,6.657,397.9,16.73,56.9,397.81,-16.4,60.09,34.9,2489.0,0,
2026-08-15T09:27:51,LSVA0000DEMO00001,1,219.6,30.98,6.475,397.85,16.27,56.9,397.9,-15.95,60.09,34.8,2525.0,0,
2026-08-15T09:27:52,LSVA0000DEMO00001,1,220.6,31.78,6.642,397.84,16.7,56.8,397.29,-16.36,60.1,34.8,2479.0,0,
2026-08-15T09:27:53,LSVA0000DEMO00001,1,220.6,31.18,6.517,397.63,16.39,57.0,397.94,-16.06,60.1,34.6,2529.0,0,
2026-08-15T09:27:54,LSVA0000DEMO00001,1,220.4,31.98,6.683,398.65,16.76,56.8,398.28,-16.43,60.1,34.9,2515.0,0,
2026-08-15T09:27:55,LSVA0000DEMO00001,1,221.1,31.23,6.528,397.87,16.41,57.0,398.17,-16.08,60.1,34.9,2499.0,0,
2026-08-15T09:27:56,LSVA0000DEMO00001,1,220.0,31.91,6.67,398.49,16.74,56.9,397.85,-16.4,60.11,34.8,2494.0,0,
2026-08-15T09:27:57,LSVA0000DEMO00001,1,220.4,32.08,6.705,398.61,16.82,56.4,398.01,-16.48,60.11,34.7,2492.0,0,
2026-08-15T09:27:58,LSVA0000DEMO00001,1,219.6,31.97,6.682,398.4,16.77,57.0,397.83,-16.44,60.11,34.7,2498.0,0,
2026-08-15T09:27:59,LSVA0000DEMO00001,1,221.5,31.69,6.624,397.83,16.65,56.8,398.04,-16.32,60.12,34.8,2499.0,0,
2026-08-15T09:28:00,LSVA0000DEMO00001,1,221.2,31.54,6.591,398.16,16.55,56.7,398.46,-16.22,60.12,34.7,2519.0,0,
2026-08-15T09:28:01,LSVA0000DEMO00001,1,220.0,31.39,6.561,397.99,16.48,56.8,398.29,-16.16,60.12,34.8,2530.0,0,
2026-08-15T09:28:02,LSVA0000DEMO00001,1,220.2,32.14,6.718,397.64,16.89,56.7,398.16,-16.56,60.13,34.6,2503.0,0,
2026-08-15T09:28:03,LSVA0000DEMO00001,1,220.8,31.36,6.553,398.13,16.46,56.8,397.85,-16.13,60.13,34.8,2487.0,0,
2026-08-15T09:28:04,LSVA0000DEMO00001,1,219.9,31.18,6.517,397.53,16.39,56.6,398.22,-16.06,60.13,35.0,2492.0,0,
2026-08-15T09:28:05,LSVA0000DEMO00001,1,219.6,31.9,6.668,398.48,16.73,57.0,397.49,-16.4,60.14,34.9,2497.0,0,
2026-08-15T09:28:06,LSVA0000DEMO00001,1,220.5,31.29,6.54,397.81,16.44,56.7,397.92,-16.11,60.14,34.8,2485.0,0,
2026-08-15T09:28:07,LSVA0000DEMO00001,1,220.0,31.26,6.532,398.08,16.41,56.7,398.18,-16.08,60.14,35.0,2482.0,0,
2026-08-15T09:28:08,LSVA0000DEMO00001,1,220.1,31.07,6.494,398.11,16.31,56.6,398.22,-15.99,60.14,34.6,2531.0,0,
2026-08-15T09:28:09,LSVA0000DEMO00001,1,219.5,31.42,6.567,397.9,16.5,56.8,398.2,-16.17,60.15,34.7,2505.0,0,
2026-08-15T09:28:10,LSVA0000DEMO00001,1,219.0,31.6,6.604,398.23,16.58,56.8,398.09,-16.25,60.15,34.8,2488.0,0,
2026-08-15T09:28:11,LSVA0000DEMO00001,1,220.1,31.69,6.623,397.81,16.65,56.8,397.94,-16.32,60.15,34.9,2512.0,0,
2026-08-15T09:28:12,LSVA0000DEMO00001,1,220.5,32.0,6.688,398.35,16.79,56.6,398.16,-16.45,60.16,34.9,2482.0,0,
2026-08-15T09:28:13,LSVA0000DEMO00001,1,219.9,31.77,6.64,397.46,16.71,56.4,397.71,-16.37,60.16,34.7,2484.0,0,
2026-08-15T09:28:14,LSVA0000DEMO00001,1,220.9,31.54,6.592,398.05,16.56,56.9,397.75,-16.23,60.16,34.9,2488.0,0,
2026-08-15T09:28:15,LSVA0000DEMO00001,1,219.6,31.6,6.604,398.78,16.56,57.1,398.02,-16.23,60.17,34.8,2525.0,0,
2026-08-15T09:28:16,LSVA0000DEMO00001,1,219.4,31.77,6.641,397.6,16.7,56.6,398.05,-16.37,60.17,34.9,2496.0,0,
2026-08-15T09:28:17,LSVA0000DEMO00001,1,220.0,32.07,6.704,397.73,16.85,57.1,397.45,-16.52,60.17,34.7,2463.0,0,
2026-08-15T09:28:18,LSVA0000DEMO00001,1,220.0,31.68,6.62,398.21,16.63,56.8,398.14,-16.29,60.17,34.8,2518.0,0,
2026-08-15T09:28:19,LSVA0000DEMO00001,1,220.5,31.44,6.571,398.07,16.51,56.8,398.23,-16.18,60.18,34.8,2495.0,0,
2026-08-15T09:28:20,LSVA0000DEMO00001,1,219.5,31.24,6.53,398.14,16.4,56.7,397.98,-16.07,60.18,34.9,2472.0,0,
2026-08-15T09:28:21,LSVA0000DEMO00001,1,220.8,31.08,6.495,398.2,16.31,56.5,398.71,-15.98,60.18,34.8,2495.0,0,
2026-08-15T09:28:22,LSVA0000DEMO00001,1,221.2,31.89,6.664,398.25,16.73,57.0,397.8,-16.4,60.19,34.8,2508.0,0,
2026-08-15T09:28:23,LSVA0000DEMO00001,1,220.0,31.87,6.66,398.44,16.72,56.6,397.89,-16.38,60.19,34.9,2506.0,0,
2026-08-15T09:28:24,LSVA0000DEMO00001,1,220.7,31.84,6.655,398.16,16.72,56.6,397.88,-16.38,60.19,34.9,2527.0,0,
2026-08-15T09:28:25,LSVA0000DEMO00001,1,219.4,31.55,6.595,397.9,16.57,57.0,397.98,-16.24,60.2,34.9,2487.0,0,
2026-08-15T09:28:26,LSVA0000DEMO00001,1,220.6,32.17,6.723,398.27,16.88,56.4,397.9,-16.54,60.2,34.9,2501.0,0,
2026-08-15T09:28:27,LSVA0000DEMO00001,1,220.6,31.49,6.581,398.76,16.5,56.5,397.58,-16.17,60.2,34.8,2490.0,0,
2026-08-15T09:28:28,LSVA0000DEMO00001,1,220.5,31.97,6.682,397.95,16.79,56.8,397.84,-16.46,60.21,34.8,2477.0,0,
2026-08-15T09:28:29,LSVA0000DEMO00001,1,220.0,31.57,6.597,397.61,16.59,56.8,397.97,-16.26,60.21,34.9,2513.0,0,
2026-08-15T09:28:30,LSVA0000DEMO00001,1,218.2,31.41,6.566,398.44,16.48,56.9,398.37,-16.15,60.21,34.9,2507.0,0,
2026-08-15T09:28:31,LSVA0000DEMO00001,1,219.6,31.83,6.653,397.95,16.72,56.7,398.66,-16.38,60.21,34.8,2504.0,0,
2026-08-15T09:28:32,LSVA0000DEMO00001,1,219.6,31.7,6.625,397.13,16.68,57.3,398.4,-16.35,60.22,34.9,2506.0,0,
2026-08-15T09:28:33,LSVA0000DEMO00001,1,219.4,31.77,6.641,398.34,16.67,56.8,397.77,-16.34,60.22,34.7,2490.0,0,
2026-08-15T09:28:34,LSVA0000DEMO00001,1,220.1,31.63,6.61,397.79,16.62,56.8,397.79,-16.28,60.22,34.9,2485.0,0,
2026-08-15T09:28:35,LSVA0000DEMO00001,1,219.7,31.59,6.603,397.96,16.59,56.6,397.95,-16.26,60.23,34.9,2501.0,0,
2026-08-15T09:28:36,LSVA0000DEMO00001,1,219.5,32.53,6.799,398.13,17.08,56.8,398.54,-16.74,60.23,35.0,2517.0,0,
2026-08-15T09:28:37,LSVA0000DEMO00001,1,219.4,32.07,6.702,398.08,16.84,56.9,397.95,-16.5,60.23,34.9,2524.0,0,
2026-08-15T09:28:38,LSVA0000DEMO00001,1,219.6,31.91,6.669,398.28,16.74,57.0,397.6,-16.41,60.24,34.7,2512.0,0,
2026-08-15T09:28:39,LSVA0000DEMO00001,1,220.7,31.64,6.613,397.83,16.62,56.5,397.85,-16.29,60.24,34.8,2500.0,0,
2026-08-15T09:28:40,LSVA0000DEMO00001,1,219.6,32.01,6.69,398.21,16.8,56.8,398.23,-16.47,60.24,34.8,2504.0,0,
2026-08-15T09:28:41,LSVA0000DEMO00001,1,219.7,31.8,6.646,397.9,16.7,56.9,398.21,-16.37,60.24,34.9,2500.0,0,
2026-08-15T09:28:42,LSVA0000DEMO00001,1,219.7,31.64,6.614,398.3,16.61,56.9,397.94,-16.27,60.25,34.7,2485.0,0,
2026-08-15T09:28:43,LSVA0000DEMO00001,1,220.2,31.52,6.587,398.25,16.54,56.8,398.21,-16.21,60.25,34.9,2500.0,0,
2026-08-15T09:28:44,LSVA0000DEMO00001,1,220.3,31.55,6.594,397.63,16.58,56.9,397.32,-16.25,60.25,34.9,2480.0,0,
2026-08-15T09:28:45,LSVA0000DEMO00001,1,218.2,30.44,6.361,398.43,15.97,56.7,398.03,-15.65,60.26,34.8,2498.0,0,
2026-08-15T09:28:46,LSVA0000DEMO00001,1,220.6,31.67,6.62,397.79,16.64,57.1,398.26,-16.31,60.26,34.9,2525.0,0,
2026-08-15T09:28:47,LSVA0000DEMO00001,1,220.9,31.45,6.573,398.32,16.5,57.0,397.75,-16.17,60.26,34.8,2512.0,0,
2026-08-15T09:28:48,LSVA0000DEMO00001,1,219.4,32.23,6.736,398.15,16.92,56.6,397.75,-16.58,60.27,34.8,2486.0,0,
2026-08-15T09:28:49,LSVA0000DEMO00001,1,219.4,31.68,6.621,398.74,16.6,56.6,397.44,-16.27,60.27,34.8,2499.0,0,
2026-08-15T09:28:50,LSVA0000DEMO00001,1,219.7,31.15,6.511,397.91,16.36,56.6,398.48,-16.03,60.27,34.8,2487.0,0,
2026-08-15T09:28:51,LSVA0000DEMO00001,1,219.5,31.58,6.601,397.86,16.59,57.0,397.78,-16.26,60.28,35.0,2499.0,0,
2026-08-15T09:28:52,LSVA0000DEMO00001,1,220.1,31.21,6.523,397.99,16.39,56.6,398.07,-16.06,60.28,34.8,2516.0,0,
2026-08-15T09:28:53,LSVA0000DEMO00001,1,218.8,31.78,6.642,397.88,16.69,56.8,398.18,-16.36,60.28,34.8,2510.0,0,
2026-08-15T09:28:54,LSVA0000DEMO00001,1,219.3,31.75,6.635,398.32,16.66,56.9,398.45,-16.33,60.28,35.1,2537.0,0,
2026-08-15T09:28:55,LSVA0000DEMO00001,1,220.9,31.92,6.672,397.35,16.79,56.8,397.95,-16.46,60.29,35.0,2518.0,0,
2026-08-15T09:28:56,LSVA0000DEMO00001,1,219.4,31.28,6.537,397.58,16.44,56.9,397.84,-16.11,60.29,34.7,2503.0,0,
2026-08-15T09:28:57,LSVA0000DEMO00001,1,220.7,31.59,6.602,397.57,16.61,56.6,398.05,-16.27,60.29,34.8,2510.0,0,
2026-08-15T09:28:58,LSVA0000DEMO00001,1,220.2,31.12,6.504,398.38,16.33,57.0,398.39,-16.0,60.3,34.9,2497.0,0,
2026-08-15T09:28:59,LSVA0000DEMO00001,1,218.9,31.93,6.674,398.68,16.74,56.7,397.95,-16.41,60.3,34.9,2483.0,0,
2026-08-15T09:29:00,LSVA0000DEMO00001,1,220.4,31.81,6.647,397.96,16.7,56.8,397.71,-16.37,60.3,34.8,2520.0,0,
2026-08-15T09:29:01,LSVA0000DEMO00001,1,219.9,31.79,6.645,397.93,16.7,56.9,397.54,-16.37,60.31,35.0,2515.0,0,
2026-08-15T09:29:02,LSVA0000DEMO00001,1,219.7,31.61,6.607,398.03,16.6,56.9,397.63,-16.27,60.31,35.0,2496.0,0,
2026-08-15T09:29:03,LSVA0000DEMO00001,1,220.1,31.81,6.648,398.46,16.68,56.8,398.26,-16.35,60.31,35.0,2504.0,0,
2026-08-15T09:29:04,LSVA0000DEMO00001,1,220.3,32.19,6.728,397.63,16.92,56.7,397.9,-16.58,60.32,35.0,2519.0,0,
2026-08-15T09:29:05,LSVA0000DEMO00001,1,220.4,31.51,6.586,398.1,16.54,56.8,397.82,-16.21,60.32,35.0,2513.0,0,
2026-08-15T09:29:06,LSVA0000DEMO00001,1,220.7,31.7,6.624,398.39,16.63,56.9,397.79,-16.3,60.32,35.0,2478.0,0,
2026-08-15T09:29:07,LSVA0000DEMO00001,1,220.2,31.21,6.524,398.2,16.38,56.6,398.03,-16.06,60.32,35.1,2504.0,0,
2026-08-15T09:29:08,LSVA0000DEMO00001,1,219.2,31.29,6.539,398.08,16.43,56.8,397.93,-16.1,60.33,35.0,2497.0,0,
2026-08-15T09:29:09,LSVA0000DEMO00001,1,219.7,31.68,6.621,398.4,16.62,56.9,397.92,-16.29,60.33,34.8,2517.0,0,
2026-08-15T09:29:10,LSVA0000DEMO00001,1,221.8,31.94,6.676,396.92,16.82,56.6,398.4,-16.48,60.33,35.0,2515.0,0,
2026-08-15T09:29:11,LSVA0000DEMO00001,1,220.4,31.54,6.591,398.27,16.55,57.1,398.46,-16.22,60.34,34.9,2520.0,0,
2026-08-15T09:29:12,LSVA0000DEMO00001,1,221.4,31.5,6.584,397.74,16.55,57.1,397.52,-16.22,60.34,35.0,2483.0,0,
2026-08-15T09:29:13,LSVA0000DEMO00001,1,220.8,31.4,6.562,397.27,16.52,56.6,398.1,-16.19,60.34,35.0,2488.0,0,
2026-08-15T09:29:14,LSVA0000DEMO00001,1,220.1,31.42,6.568,398.2,16.49,57.1,397.77,-16.16,60.35,34.8,2517.0,0,
2026-08-15T09:29:15,LSVA0000DEMO00001,1,220.2,31.77,6.639,398.55,16.66,56.8,397.93,-16.33,60.35,34.9,2491.0,0,
2026-08-15T09:29:16,LSVA0000DEMO00001,1,220.0,31.04,6.487,397.95,16.3,56.9,398.09,-15.97,60.35,35.0,2477.0,0,
2026-08-15T09:29:17,LSVA0000DEMO00001,1,219.0,32.13,6.715,398.38,16.86,56.8,397.94,-16.52,60.35,34.9,2508.0,0,
2026-08-15T09:29:18,LSVA0000DEMO00001,1,220.0,31.41,6.564,398.64,16.47,57.1,398.07,-16.14,60.36,35.0,2492.0,0,
2026-08-15T09:29:19,LSVA0000DEMO00001,1,220.7,31.93,6.673,398.53,16.74,57.0,398.2,-16.41,60.36,35.0,2527.0,0,
2026-08-15T09:29:20,LSVA0000DEMO00001,1,219.6,31.18,6.516,398.66,16.35,56.7,398.09,-16.02,60.36,34.9,2504.0,0,
2026-08-15T09:29:21,LSVA0000DEMO00001,1,220.2,31.89,6.665,398.3,16.73,56.6,397.81,-16.4,60.37,35.0,2502.0,0,
2026-08-15T09:29:22,LSVA0000DEMO00001,1,220.5,31.87,6.661,398.03,16.73,56.6,397.81,-16.4,60.37,35.1,2494.0,0,
2026-08-15T09:29:23,LSVA0000DEMO00001,1,219.5,31.71,6.627,397.36,16.68,56.9,397.57,-16.34,60.37,35.0,2524.0,0,
2026-08-15T09:29:24,LSVA0000DEMO00001,1,219.7,31.23,6.526,397.9,16.4,57.0,397.74,-16.07,60.38,35.0,2505.0,0,
2026-08-15T09:29:25,LSVA0000DEMO00001,1,219.4,31.68,6.621,397.66,16.65,57.0,398.59,-16.32,60.38,34.8,2494.0,0,
2026-08-15T09:29:26,LSVA0000DEMO00001,1,219.5,31.23,6.527,398.87,16.36,56.9,397.76,-16.04,60.38,35.0,2488.0,0,
2026-08-15T09:29:27,LSVA0000DEMO00001,1,219.2,31.51,6.586,397.93,16.55,56.7,397.64,-16.22,60.39,35.0,2499.0,0,
2026-08-15T09:29:28,LSVA0000DEMO00001,1,219.5,32.01,6.69,398.05,16.81,56.7,398.1,-16.47,60.39,35.1,2485.0,0,
2026-08-15T09:29:29,LSVA0000DEMO00001,1,220.9,31.93,6.674,398.22,16.76,57.1,397.97,-16.42,60.39,35.0,2515.0,0,
2026-08-15T09:29:30,LSVA0000DEMO00001,1,219.5,31.62,6.608,398.02,16.6,56.8,397.94,-16.27,60.39,34.8,2473.0,0,
2026-08-15T09:29:31,LSVA0000DEMO00001,1,220.1,31.29,6.54,398.68,16.41,56.9,398.42,-16.08,60.4,34.8,2498.0,0,
2026-08-15T09:29:32,LSVA0000DEMO00001,1,219.7,31.84,6.654,397.75,16.73,56.7,398.16,-16.39,60.4,35.0,2509.0,0,
2026-08-15T09:29:33,LSVA0000DEMO00001,1,220.7,31.63,6.61,398.08,16.6,57.0,397.84,-16.27,60.4,34.9,2505.0,0,
2026-08-15T09:29:34,LSVA0000DEMO00001,1,220.8,30.7,6.417,397.7,16.14,56.8,397.87,-15.81,60.41,35.0,2489.0,0,
2026-08-15T09:29:35,LSVA0000DEMO00001,1,220.5,31.87,6.66,397.47,16.76,57.1,397.85,-16.42,60.41,35.0,2510.0,0,
2026-08-15T09:29:36,LSVA0000DEMO00001,1,220.2,31.58,6.601,397.76,16.6,57.1,398.26,-16.26,60.41,34.9,2487.0,0,
2026-08-15T09:29:37,LSVA0000DEMO00001,1,219.9,32.07,6.702,397.99,16.84,56.8,397.91,-16.5,60.42,35.0,2500.0,0,
2026-08-15T09:29:38,LSVA0000DEMO00001,1,219.3,31.18,6.517,397.83,16.38,56.9,397.46,-16.05,60.42,34.9,2510.0,0,
2026-08-15T09:29:39,LSVA0000DEMO00001,1,221.2,30.38,6.35,397.72,15.96,56.8,397.99,-15.65,60.42,35.0,2507.0,0,
2026-08-15T09:29:40,LSVA0000DEMO00001,1,219.5,31.67,6.62,397.44,16.66,56.6,397.54,-16.32,60.42,34.9,2490.0,0,
2026-08-15T09:29:41,LSVA0000DEMO00001,1,220.4,31.72,6.629,397.97,16.66,56.7,398.66,-16.33,60.43,34.9,2518.0,0,
2026-08-15T09:29:42,LSVA0000DEMO00001,1,220.6,30.92,6.462,397.4,16.26,56.9,397.71,-15.94,60.43,34.9,2501.0,0,
2026-08-15T09:29:43,LSVA0000DEMO00001,1,219.7,31.26,6.534,398.3,16.4,57.0,397.95,-16.08,60.43,34.9,2511.0,0,
2026-08-15T09:29:44,LSVA0000DEMO00001,1,220.6,32.66,6.827,398.03,17.15,56.9,398.08,-16.81,60.44,35.1,2523.0,0,
2026-08-15T09:29:45,LSVA0000DEMO00001,1,220.5,31.45,6.573,397.42,16.54,56.9,397.91,-16.21,60.44,35.0,2517.0,0,
2026-08-15T09:29:46,LSVA0000DEMO00001,1,221.0,31.88,6.663,397.88,16.75,57.1,397.91,-16.41,60.44,35.1,2517.0,0,
2026-08-15T09:29:47,LSVA0000DEMO00001,1,219.7,31.34,6.55,397.7,16.47,56.9,398.13,-16.14,60.45,35.1,2503.0,0,
2026-08-15T09:29:48,LSVA0000DEMO00001,1,219.2,30.83,6.442,398.13,16.18,57.1,398.46,-15.86,60.45,35.1,2512.0,0,
2026-08-15T09:29:49,LSVA0000DEMO00001,1,219.7,31.59,6.602,398.54,16.57,56.6,398.23,-16.23,60.45,35.0,2503.0,0,
2026-08-15T09:29:50,LSVA0000DEMO00001,1,220.1,31.45,6.573,397.25,16.55,56.1,398.44,-16.22,60.46,35.0,2482.0,0,
2026-08-15T09:29:51,LSVA0000DEMO00001,1,220.0,31.46,6.576,398.05,16.52,57.0,397.69,-16.19,60.46,35.1,2505.0,0,
2026-08-15T09:29:52,LSVA0000DEMO00001,1,219.8,31.56,6.597,397.94,16.58,56.6,398.1,-16.25,60.46,35.0,2504.0,0,
2026-08-15T09:29:53,LSVA0000DEMO00001,1,218.9,31.73,6.632,398.27,16.65,56.9,398.05,-16.32,60.46,35.1,2509.0,0,
2026-08-15T09:29:54,LSVA0000DEMO00001,1,220.3,31.56,6.596,398.09,16.57,56.9,398.11,-16.24,60.47,35.1,2498.0,0,
2026-08-15T09:29:55,LSVA0000DEMO00001,1,221.2,31.11,6.501,397.7,16.35,57.2,398.41,-16.02,60.47,35.0,2489.0,0,
2026-08-15T09:29:56,LSVA0000DEMO00001,1,220.3,31.79,6.643,397.87,16.7,57.0,397.93,-16.36,60.47,35.1,2510.0,0,
2026-08-15T09:29:57,LSVA0000DEMO00001,1,220.4,30.84,6.446,397.68,16.21,57.0,397.88,-15.89,60.48,35.0,2480.0,0,
2026-08-15T09:29:58,LSVA0000DEMO00001,1,220.3,30.86,6.451,398.43,16.19,57.1,398.16,-15.87,60.48,35.0,2522.0,0,
2026-08-15T09:29:59,LSVA0000DEMO00001,1,220.2,31.89,6.666,398.01,16.75,57.0,397.47,-16.41,60.48,35.0,2497.0,0,
2026-08-15T09:30:00,LSVA0000DEMO00001,1,220.6,31.78,6.642,397.71,16.7,56.8,397.93,-16.37,60.49,35.0,2504.0,0,
2026-08-15T09:30:01,LSVA0000DEMO00001,1,220.2,31.63,6.612,398.56,16.59,57.1,397.96,-16.26,60.49,35.1,2508.0,0,
2026-08-15T09:30:02,LSVA0000DEMO00001,1,219.8,31.14,6.508,398.76,16.32,56.7,397.72,-15.99,60.49,35.1,2509.0,0,
2026-08-15T09:30:03,LSVA0000DEMO00001,1,219.5,31.45,6.573,399.36,16.46,57.0,398.32,-16.13,60.49,35.0,2479.0,0,
2026-08-15T09:30:04,LSVA0000DEMO00001,1,219.9,31.72,6.629,400.62,16.55,56.6,397.68,-16.22,60.5,35.1,2512.0,0,
2026-08-15T09:30:05,LSVA0000DEMO00001,1,220.2,31.24,6.528,400.98,16.28,57.0,397.96,-15.96,60.5,35.1,2505.0,0,
2026-08-15T09:30:06,LSVA0000DEMO00001,1,219.8,31.52,6.588,400.41,16.45,57.0,398.09,-16.12,60.5,35.0,2490.0,0,
2026-08-15T09:30:07,LSVA0000DEMO00001,1,220.2,32.16,6.722,401.75,16.73,57.3,398.41,-16.4,60.51,34.9,2489.0,0,
2026-08-15T09:30:08,LSVA0000DEMO00001,1,220.3,32.5,6.792,402.24,16.89,56.6,398.0,-16.55,60.51,35.1,2495.0,0,
2026-08-15T09:30:09,LSVA0000DEMO00001,1,220.5,31.76,6.638,401.94,16.52,56.8,398.28,-16.19,60.51,35.0,2481.0,0,
2026-08-15T09:30:10,LSVA0000DEMO00001,1,220.8,32.32,6.754,403.22,16.75,57.1,398.21,-16.42,60.52,34.9,2526.0,0,
2026-08-15T09:30:11,LSVA0000DEMO00001,1,220.0,31.35,6.552,403.99,16.22,57.0,398.04,-15.89,60.52,34.8,2522.0,0,
2026-08-15T09:30:12,LSVA0000DEMO00001,1,219.2,32.3,6.75,403.42,16.73,57.0,397.67,-16.4,60.52,35.1,2507.0,0,
2026-08-15T09:30:13,LSVA0000DEMO00001,1,219.8,31.78,6.641,403.99,16.44,56.8,397.57,-16.11,60.53,34.9,2497.0,0,
2026-08-15T09:30:14,LSVA0000DEMO00001,1,220.0,32.31,6.752,405.25,16.66,56.8,398.03,-16.33,60.53,34.9,2497.0,0,
2026-08-15T09:30:15,LSVA0000DEMO00001,1,218.9,32.11,6.71,405.44,16.55,57.2,397.84,-16.22,60.53,35.1,2511.0,0,
2026-08-15T09:30:16,LSVA0000DEMO00001,1,220.8,32.76,6.848,406.04,16.86,56.9,398.28,-16.53,60.53,35.1,2526.0,0,
2026-08-15T09:30:17,LSVA0000DEMO00001,1,220.1,31.94,6.676,406.45,16.43,57.0,398.22,-16.1,60.54,35.0,2491.0,0,
2026-08-15T09:30:18,LSVA0000DEMO00001,1,220.2,32.57,6.807,406.96,16.73,56.9,397.94,-16.39,60.54,35.0,2483.0,0,
2026-08-15T09:30:19,LSVA0000DEMO00001,1,220.8,32.2,6.729,406.76,16.54,56.7,397.65,-16.21,60.54,34.9,2523.0,0,
2026-08-15T09:30:20,LSVA0000DEMO00001,1,219.6,32.36,6.763,408.2,16.57,57.1,398.15,-16.24,60.55,35.0,2473.0,0,
2026-08-15T09:30:21,LSVA0000DEMO00001,1,220.3,32.39,6.77,408.73,16.56,57.1,397.69,-16.23,60.55,35.1,2485.0,0,
2026-08-15T09:30:22,LSVA0000DEMO00001,1,219.9,32.13,6.715,408.66,16.43,57.4,397.77,-16.1,60.55,35.0,2496.0,0,
2026-08-15T09:30:23,LSVA0000DEMO00001,1,219.9,32.5,6.792,409.23,16.6,56.8,397.71,-16.27,60.56,35.0,2477.0,0,
2026-08-15T09:30:24,LSVA0000DEMO00001,1,219.5,32.47,6.786,409.12,16.59,57.1,397.96,-16.26,60.56,34.9,2517.0,0,
2026-08-15T09:30:25,LSVA0000DEMO00001,1,221.0,32.69,6.833,410.43,16.65,56.7,398.35,-16.32,60.56,35.2,2513.0,0,
2026-08-15T09:30:26,LSVA0000DEMO00001,1,219.8,32.67,6.829,410.94,16.62,57.0,398.0,-16.28,60.56,35.1,2491.0,0,
2026-08-15T09:30:27,LSVA0000DEMO00001,1,220.4,32.97,6.891,411.18,16.76,57.2,397.87,-16.42,60.57,35.1,2519.0,0,
2026-08-15T09:30:28,LSVA0000DEMO00001,1,218.9,33.1,6.918,412.14,16.78,56.6,397.54,-16.45,60.57,35.2,2522.0,0,
2026-08-15T09:30:29,LSVA0000DEMO00001,1,220.7,32.31,6.753,412.04,16.39,56.9,398.17,-16.06,60.57,35.0,2498.0,0,
2026-08-15T09:30:30,LSVA0000DEMO00001,1,220.6,33.14,6.926,412.89,16.77,56.9,397.77,-16.44,60.58,35.0,2493.0,0,
2026-08-15T09:30:31,LSVA0000DEMO00001,1,220.1,32.31,6.754,412.75,16.36,56.8,398.04,-16.04,60.58,34.9,2534.0,0,
2026-08-15T09:30:32,LSVA0000DEMO00001,1,219.9,33.09,6.915,413.64,16.72,57.1,397.89,-16.38,60.58,35.4,2511.0,0,
2026-08-15T09:30:33,LSVA0000DEMO00001,1,220.2,33.13,6.925,414.06,16.72,57.2,398.25,-16.39,60.59,35.0,2504.0,0,
2026-08-15T09:30:34,LSVA0000DEMO00001,1,221.4,32.18,6.726,414.71,16.22,57.0,397.95,-15.89,60.59,35.2,2520.0,0,
2026-08-15T09:30:35,LSVA0000DEMO00001,1,218.9,33.0,6.896,414.96,16.62,57.0,397.98,-16.29,60.59,34.9,2505.0,0,
2026-08-15T09:30:36,LSVA0000DEMO00001,1,220.5,32.82,6.859,415.55,16.51,57.0,398.15,-16.18,60.6,35.2,2492.0,0,
2026-08-15T09:30:37,LSVA0000DEMO00001,1,219.5,32.77,6.849,416.42,16.45,57.0,398.63,-16.12,60.6,35.2,2501.0,0,
2026-08-15T09:30:38,LSVA0000DEMO00001,1,220.0,33.61,7.025,416.4,16.87,56.8,398.27,-16.53,60.6,35.1,2516.0,0,
2026-08-15T09:30:39,LSVA0000DEMO00001,1,219.9,32.81,6.858,416.42,16.47,57.2,397.97,-16.14,60.6,35.0,2470.0,0,
2026-08-15T09:30:40,LSVA0000DEMO00001,1,219.7,32.9,6.876,418.26,16.44,57.0,398.0,-16.11,60.61,35.1,2496.0,0,
2026-08-15T09:30:41,LSVA0000DEMO00001,1,220.0,33.28,6.955,418.6,16.62,57.1,397.84,-16.28,60.61,34.8,2521.0,0,
2026-08-15T09:30:42,LSVA0000DEMO00001,1,219.3,33.48,6.996,418.02,16.74,56.8,397.72,-16.4,60.61,35.1,2492.0,0,
2026-08-15T09:30:43,LSVA0000DEMO00001,1,220.6,33.25,6.948,419.3,16.57,56.9,397.83,-16.24,60.62,35.2,2523.0,0,
2026-08-15T09:30:44,LSVA0000DEMO00001,1,218.9,33.77,7.058,419.31,16.83,57.0,397.77,-16.5,60.62,35.1,2521.0,0,
2026-08-15T09:30:45,LSVA0000DEMO00001,1,220.3,33.58,7.018,420.11,16.71,56.7,398.2,-16.37,60.62,35.0,2499.0,0,
2026-08-15T09:30:46,LSVA0000DEMO00001,1,219.8,32.53,6.799,420.61,16.16,56.7,397.68,-15.84,60.63,35.1,2491.0,0,
2026-08-15T09:30:47,LSVA0000DEMO00001,1,219.3,33.22,6.942,420.88,16.49,56.9,398.4,-16.16,60.63,35.1,2496.0,0,
2026-08-15T09:30:48,LSVA0000DEMO00001,1,220.1,33.22,6.944,421.15,16.49,57.1,398.23,-16.16,60.63,34.9,2540.0,0,
2026-08-15T09:30:49,LSVA0000DEMO00001,1,219.1,33.69,7.04,421.68,16.7,56.9,398.01,-16.36,60.64,35.1,2528.0,0,
2026-08-15T09:30:50,LSVA0000DEMO00001,1,220.0,32.46,6.785,422.08,16.08,56.8,398.0,-15.75,60.64,35.3,2502.0,0,
2026-08-15T09:30:51,LSVA0000DEMO00001,1,219.1,34.6,7.231,422.6,17.11,56.8,397.83,-16.77,60.64,35.0,2491.0,0,
2026-08-15T09:30:52,LSVA0000DEMO00001,1,220.3,33.84,7.073,423.4,16.71,56.9,398.08,-16.37,60.64,35.1,2502.0,0,
2026-08-15T09:30:53,LSVA0000DEMO00001,1,219.4,33.71,7.045,423.62,16.63,56.9,398.33,-16.3,60.65,35.3,2504.0,0,
2026-08-15T09:30:54,LSVA0000DEMO00001,1,219.7,34.21,7.15,424.67,16.84,57.4,397.79,-16.5,60.65,35.2,2481.0,0,
2026-08-15T09:30:55,LSVA0000DEMO00001,1,220.2,34.75,7.262,425.48,17.07,57.2,397.54,-16.73,60.65,35.0,2501.0,0,
2026-08-15T09:30:56,LSVA0000DEMO00001,1,219.5,34.12,7.131,425.15,16.77,57.2,398.21,-16.44,60.66,35.1,2520.0,0,
2026-08-15T09:30:57,LSVA0000DEMO00001,1,220.0,34.22,7.152,425.96,16.79,57.2,398.1,-16.45,60.66,35.1,2473.0,0,
2026-08-15T09:30:58,LSVA0000DEMO00001,1,219.1,33.93,7.092,426.56,16.63,56.8,397.66,-16.29,60.66,35.0,2512.0,0,
2026-08-15T09:30:59,LSVA0000DEMO00001,1,220.4,33.86,7.077,427.03,16.57,56.8,397.78,-16.24,60.67,35.1,2521.0,0,
2026-08-15T09:31:00,LSVA0000DEMO00001,1,221.1,33.75,7.054,427.36,16.5,56.8,397.74,-16.17,60.67,35.1,2492.0,0,
2026-08-15T09:31:01,LSVA0000DEMO00001,1,221.7,33.67,7.036,428.12,16.43,57.3,397.78,-16.11,60.67,35.1,2525.0,0,
2026-08-15T09:31:02,LSVA0000DEMO00001,1,220.1,33.75,7.054,428.5,16.46,56.9,397.9,-16.13,60.67,35.0,2490.0,0,
2026-08-15T09:31:03,LSVA0000DEMO00001,1,220.5,33.46,6.994,428.3,16.33,56.8,397.92,-16.0,60.68,35.0,2507.0,0,
2026-08-15T09:31:04,LSVA0000DEMO00001,1,218.9,34.09,7.125,429.64,16.58,56.9,397.8,-16.25,60.68,35.1,2495.0,0,
2026-08-15T09:31:05,LSVA0000DEMO00001,1,220.9,33.47,6.995,430.13,16.26,57.0,397.77,-15.94,60.68,35.3,2495.0,0,
2026-08-15T09:31:06,LSVA0000DEMO00001,1,220.5,34.23,7.154,429.96,16.64,57.1,397.93,-16.31,60.69,35.1,2491.0,0,
2026-08-15T09:31:07,LSVA0000DEMO00001,1,219.7,34.2,7.148,430.77,16.59,57.1,398.05,-16.26,60.69,35.1,2510.0,0,
2026-08-15T09:31:08,LSVA0000DEMO00001,1,220.7,34.33,7.176,431.52,16.63,56.9,397.91,-16.3,60.69,35.2,2513.0,0,
2026-08-15T09:31:09,LSVA0000DEMO00001,1,219.8,34.07,7.12,431.65,16.5,57.2,398.35,-16.17,60.7,35.1,2499.0,0,
2026-08-15T09:31:10,LSVA0000DEMO00001,1,219.7,35.64,7.448,432.65,17.22,56.9,398.15,-16.87,60.7,35.3,2480.0,0,
2026-08-15T09:31:11,LSVA0000DEMO00001,1,220.3,35.01,7.317,433.66,16.87,57.0,397.52,-16.53,60.7,35.1,2506.0,0,
2026-08-15T09:31:12,LSVA0000DEMO00001,1,219.4,33.87,7.078,432.89,16.35,57.2,398.16,-16.02,60.71,35.2,2506.0,0,
2026-08-15T09:31:13,LSVA0000DEMO00001,1,220.6,34.5,7.21,433.14,16.65,56.9,398.18,-16.31,60.71,35.0,2497.0,0,
2026-08-15T09:31:14,LSVA0000DEMO00001,1,219.4,34.24,7.157,434.3,16.48,56.9,397.87,-16.15,60.71,35.2,2528.0,0,
2026-08-15T09:31:15,LSVA0000DEMO00001,1,219.4,34.12,7.132,434.96,16.4,57.2,397.55,-16.07,60.71,35.2,2477.0,0,
2026-08-15T09:31:16,LSVA0000DEMO00001,1,219.5,34.0,7.105,435.06,16.33,56.9,398.0,-16.01,60.72,35.1,2467.0,0,
2026-08-15T09:31:17,LSVA0000DEMO00001,1,220.5,34.83,7.279,436.23,16.69,57.0,398.0,-16.35,60.72,35.1,2489.0,0,
2026-08-15T09:31:18,LSVA0000DEMO00001,1,219.6,34.31,7.172,435.6,16.46,57.2,397.66,-16.13,60.72,35.1,2511.0,0,
2026-08-15T09:31:19,LSVA0000DEMO00001,1,219.2,35.11,7.337,436.9,16.79,57.5,397.56,-16.46,60.73,35.2,2484.0,0,
2026-08-15T09:31:20,LSVA0000DEMO00001,1,219.6,35.11,7.339,436.87,16.8,57.2,397.97,-16.46,60.73,35.2,2485.0,0,
2026-08-15T09:31:21,LSVA0000DEMO00001,1,220.0,35.39,7.396,438.29,16.87,57.1,397.93,-16.54,60.73,35.1,2514.0,0,
2026-08-15T09:31:22,LSVA0000DEMO00001,1,219.3,34.5,7.211,438.89,16.43,57.2,397.87,-16.1,60.74,35.2,2507.0,0,
2026-08-15T09:31:23,LSVA0000DEMO00001,1,219.3,35.01,7.317,438.27,16.7,56.8,397.97,-16.36,60.74,35.1,2506.0,0,
2026-08-15T09:31:24,LSVA0000DEMO00001,1,221.3,35.12,7.34,438.85,16.73,57.1,397.67,-16.39,60.74,35.1,2512.0,0,
2026-08-15T09:31:25,LSVA0000DEMO00001,1,219.5,34.74,7.261,439.9,16.51,57.0,397.87,-16.18,60.74,35.1,2494.0,0,
2026-08-15T09:31:26,LSVA0000DEMO00001,1,219.8,34.61,7.234,439.89,16.45,57.1,398.16,-16.12,60.75,35.1,2494.0,0,
2026-08-15T09:31:27,LSVA0000DEMO00001,1,219.8,35.67,7.454,440.52,16.92,57.1,397.9,-16.58,60.75,35.4,2512.0,1,
2026-08-15T09:31:28,LSVA0000DEMO00001,1,219.7,35.13,7.341,441.03,16.65,57.1,397.5,-16.31,60.75,35.2,2480.0,1,
2026-08-15T09:31:29,LSVA0000DEMO00001,1,220.4,35.27,7.372,440.74,16.73,57.0,397.86,-16.39,60.76,35.2,2468.0,1,
2026-08-15T09:31:30,LSVA0000DEMO00001,1,220.6,34.76,7.264,441.99,16.44,57.1,397.68,-16.11,60.76,35.2,2494.0,1,
2026-08-15T09:31:31,LSVA0000DEMO00001,1,219.8,34.55,7.22,441.45,16.36,56.8,398.08,-16.03,60.76,35.1,2514.0,1,
2026-08-15T09:31:32,LSVA0000DEMO00001,1,219.3,34.83,7.28,441.61,16.49,57.0,398.1,-16.16,60.77,35.3,2504.0,2,P3509
2026-08-15T09:31:33,LSVA0000DEMO00001,1,220.8,35.15,7.345,443.15,16.58,57.3,397.5,-16.24,60.77,35.1,2513.0,2,P3509
2026-08-15T09:31:34,LSVA0000DEMO00001,1,219.9,34.58,7.227,440.99,16.39,57.1,398.23,-16.06,60.77,35.3,2470.0,2,P3509
2026-08-15T09:31:35,LSVA0000DEMO00001,1,221.0,35.15,7.347,442.65,16.6,57.1,397.67,-16.27,60.78,35.1,2505.0,2,P3509
2026-08-15T09:31:36,LSVA0000DEMO00001,1,218.7,34.37,7.184,441.78,16.26,57.4,398.47,-15.94,60.78,35.1,2510.0,2,P3509
2026-08-15T09:31:37,LSVA0000DEMO00001,1,220.1,34.61,7.235,441.78,16.38,56.8,397.99,-16.05,60.78,35.2,2480.0,2,P3509
2026-08-15T09:31:38,LSVA0000DEMO00001,1,221.2,35.44,7.407,442.63,16.73,56.8,397.63,-16.4,60.78,35.1,2513.0,2,P3509
2026-08-15T09:31:39,LSVA0000DEMO00001,1,219.8,35.38,7.395,442.27,16.72,57.4,397.66,-16.39,60.79,35.2,2498.0,2,P3509
2026-08-15T09:31:40,LSVA0000DEMO00001,1,219.9,34.98,7.31,442.46,16.52,57.1,398.1,-16.19,60.79,35.0,2546.0,2,P3509
2026-08-15T09:31:41,LSVA0000DEMO00001,1,220.2,34.74,7.26,442.77,16.4,57.0,397.88,-16.07,60.79,35.1,2467.0,2,P3509
2026-08-15T09:31:42,LSVA0000DEMO00001,1,219.7,34.65,7.242,441.73,16.39,56.8,397.97,-16.07,60.8,35.0,2521.0,2,P3509
2026-08-15T09:31:43,LSVA0000DEMO00001,1,219.8,34.91,7.296,441.51,16.53,57.2,398.48,-16.19,60.8,35.5,2494.0,2,P3509
2026-08-15T09:31:44,LSVA0000DEMO00001,1,219.8,35.31,7.38,441.13,16.73,57.2,397.79,-16.39,60.8,35.0,2476.0,2,P3509
2026-08-15T09:31:45,LSVA0000DEMO00001,1,219.6,35.45,7.408,441.34,16.79,56.9,398.02,-16.45,60.81,35.2,2492.0,2,P3509
2026-08-15T09:31:46,LSVA0000DEMO00001,1,220.7,35.08,7.332,444.36,16.5,57.1,398.43,-16.17,60.81,35.3,2504.0,2,P3509
2026-08-15T09:31:47,LSVA0000DEMO00001,1,220.3,34.7,7.252,443.0,16.37,57.0,398.08,-16.04,60.81,35.3,2516.0,2,P3509
2026-08-15T09:31:48,LSVA0000DEMO00001,1,220.2,35.13,7.343,440.92,16.65,57.1,397.52,-16.32,60.81,35.3,2526.0,2,P3509
2026-08-15T09:31:49,LSVA0000DEMO00001,1,220.5,34.67,7.247,440.94,16.44,56.9,398.15,-16.11,60.82,35.1,2521.0,2,P3509
2026-08-15T09:31:50,LSVA0000DEMO00001,1,219.8,34.92,7.298,442.39,16.5,57.3,397.65,-16.17,60.82,35.3,2486.0,2,P3509
2026-08-15T09:31:51,LSVA0000DEMO00001,1,219.5,35.7,7.462,442.44,16.87,57.3,398.42,-16.53,60.82,35.3,2517.0,2,P3509
2026-08-15T09:31:52,LSVA0000DEMO00001,1,219.6,35.49,7.418,442.44,16.77,57.0,397.75,-16.43,60.83,35.2,2506.0,2,P3509
2026-08-15T09:31:53,LSVA0000DEMO00001,1,220.0,35.16,7.348,441.8,16.63,57.0,398.89,-16.3,60.83,35.2,2490.0,2,P3509
2026-08-15T09:31:54,LSVA0000DEMO00001,1,219.4,34.56,7.223,441.9,16.35,57.1,398.44,-16.02,60.83,35.2,2497.0,2,P3509
2026-08-15T09:31:55,LSVA0000DEMO00001,1,219.7,35.22,7.36,442.26,16.64,56.9,397.76,-16.31,60.84,35.1,2489.0,2,P3509
2026-08-15T09:31:56,LSVA0000DEMO00001,1,219.7,35.56,7.432,442.07,16.81,57.0,398.01,-16.48,60.84,35.3,2501.0,2,P3509
2026-08-15T09:31:57,LSVA0000DEMO00001,1,221.3,34.81,7.275,440.22,16.52,57.0,398.23,-16.19,60.84,35.3,2489.0,2,P3509
2026-08-15T09:31:58,LSVA0000DEMO00001,1,218.3,35.66,7.454,441.82,16.87,57.4,398.24,-16.53,60.85,35.1,2485.0,2,P3509
2026-08-15T09:31:59,LSVA0000DEMO00001,1,219.9,35.6,7.44,441.32,16.86,57.3,398.13,-16.52,60.85,35.2,2507.0,2,P3509
2026-08-15T09:32:00,LSVA0000DEMO00001,1,221.0,34.61,7.234,442.14,16.36,57.3,398.38,-16.04,60.85,35.2,2509.0,2,P3509
2026-08-15T09:32:01,LSVA0000DEMO00001,1,220.1,34.97,7.31,444.39,16.45,57.2,397.96,-16.12,60.85,35.2,2497.0,2,P3509
2026-08-15T09:32:02,LSVA0000DEMO00001,1,220.5,35.05,7.326,442.29,16.56,56.9,397.89,-16.23,60.86,35.2,2521.0,2,P3509
2026-08-15T09:32:03,LSVA0000DEMO00001,1,220.1,34.67,7.246,441.75,16.4,57.1,397.9,-16.08,60.86,35.3,2496.0,2,P3509
2026-08-15T09:32:04,LSVA0000DEMO00001,1,219.6,34.2,7.147,442.74,16.14,57.3,398.26,-15.82,60.86,35.1,2495.0,2,P3509
2026-08-15T09:32:05,LSVA0000DEMO00001,1,218.7,34.38,7.186,442.39,16.24,56.9,398.11,-15.92,60.87,35.1,2510.0,2,P3509
2026-08-15T09:32:06,LSVA0000DEMO00001,1,220.1,33.57,7.017,442.34,15.86,57.2,398.09,-15.55,60.87,35.3,2498.0,2,P3509
2026-08-15T09:32:07,LSVA0000DEMO00001,1,219.5,34.57,7.225,442.49,16.33,57.6,398.24,-16.0,60.87,35.2,2501.0,2,P3509
2026-08-15T09:32:08,LSVA0000DEMO00001,1,219.5,33.93,7.092,443.65,15.99,57.3,397.38,-15.67,60.88,35.1,2462.0,2,P3509
2026-08-15T09:32:09,LSVA0000DEMO00001,1,219.7,34.15,7.136,441.1,16.18,57.4,398.09,-15.86,60.88,35.2,2500.0,2,P3509
2026-08-15T09:32:10,LSVA0000DEMO00001,1,221.0,33.4,6.98,442.38,15.78,57.2,398.07,-15.46,60.88,35.2,2473.0,2,P3509
2026-08-15T09:32:11,LSVA0000DEMO00001,1,221.4,33.16,6.931,441.26,15.71,57.3,398.5,-15.39,60.88,35.4,2482.0,2,P3509
2026-08-15T09:32:12,LSVA0000DEMO00001,1,220.1,33.0,6.896,442.44,15.59,57.0,397.54,-15.28,60.89,35.3,2480.0,2,P3509
2026-08-15T09:32:13,LSVA0000DEMO00001,1,219.7,33.45,6.991,441.27,15.84,57.3,398.47,-15.53,60.89,35.3,2484.0,2,P3509
2026-08-15T09:32:14,LSVA0000DEMO00001,1,219.3,32.66,6.826,441.67,15.45,57.2,398.02,-15.15,60.89,35.3,2492.0,2,P3509
2026-08-15T09:32:15,LSVA0000DEMO00001,1,220.3,33.09,6.915,441.76,15.65,57.2,398.15,-15.34,60.9,35.3,2493.0,2,P3509
2026-08-15T09:32:16,LSVA0000DEMO00001,1,221.1,32.58,6.809,442.78,15.38,57.4,398.5,-15.07,60.9,35.2,2510.0,2,P3509
2026-08-15T09:32:17,LSVA0000DEMO00001,1,219.9,31.75,6.635,442.73,14.99,57.0,398.17,-14.69,60.9,35.2,2503.0,2,P3509
2026-08-15T09:32:18,LSVA0000DEMO00001,1,218.6,32.06,6.701,441.0,15.2,57.1,398.12,-14.89,60.91,35.1,2471.0,2,P3509
2026-08-15T09:32:19,LSVA0000DEMO00001,1,220.4,31.73,6.632,442.04,15.0,57.1,398.07,-14.7,60.91,35.2,2501.0,2,P3509
2026-08-15T09:32:20,LSVA0000DEMO00001,1,220.6,32.05,6.698,441.43,15.17,56.9,397.85,-14.87,60.91,35.3,2505.0,2,P3509
2026-08-15T09:32:21,LSVA0000DEMO00001,1,219.0,31.35,6.552,440.99,14.86,57.2,397.99,-14.56,60.92,35.2,2495.0,2,P3509
2026-08-15T09:32:22,LSVA0000DEMO00001,1,220.1,32.15,6.72,441.83,15.21,56.8,397.79,-14.9,60.92,35.4,2499.0,2,P3509
2026-08-15T09:32:23,LSVA0000DEMO00001,1,220.3,31.56,6.597,441.75,14.93,57.3,397.99,-14.63,60.92,35.1,2503.0,2,P3509
2026-08-15T09:32:24,LSVA0000DEMO00001,1,220.0,31.53,6.59,443.94,14.84,57.1,397.3,-14.55,60.92,35.3,2511.0,2,P3509
2026-08-15T09:32:25,LSVA0000DEMO00001,1,219.5,31.62,6.608,442.35,14.94,57.0,398.13,-14.64,60.93,35.1,2476.0,2,P3509
2026-08-15T09:32:26,LSVA0000DEMO00001,1,220.6,31.49,6.582,440.9,14.93,57.0,397.96,-14.63,60.93,35.3,2496.0,2,P3509
2026-08-15T09:32:27,LSVA0000DEMO00001,1,219.8,30.97,6.474,441.55,14.66,57.1,397.9,-14.37,60.93,35.3,2523.0,2,P3509
2026-08-15T09:32:28,LSVA0000DEMO00001,1,219.1,30.59,6.394,442.82,14.44,57.3,398.07,-14.15,60.94,35.2,2521.0,2,P3509
2026-08-15T09:32:29,LSVA0000DEMO00001,1,218.8,30.07,6.285,443.67,14.17,57.2,397.57,-13.88,60.94,35.3,2513.0,2,P3509
2026-08-15T09:32:30,LSVA0000DEMO00001,1,220.8,30.18,6.308,440.73,14.31,57.0,398.58,-14.03,60.94,35.2,2508.0,2,P3509
2026-08-15T09:32:31,LSVA0000DEMO00001,1,220.4,30.04,6.279,440.5,14.25,57.0,397.97,-13.97,60.95,35.1,2525.0,2,P3509
2026-08-15T09:32:32,LSVA0000DEMO00001,1,220.1,30.4,6.354,443.5,14.33,57.3,397.96,-14.04,60.95,35.3,2529.0,2,P3509
2026-08-15T09:32:33,LSVA0000DEMO00001,1,219.7,29.98,6.266,442.31,14.17,57.0,397.71,-13.88,60.95,35.4,2498.0,2,P3509
2026-08-15T09:32:34,LSVA0000DEMO00001,1,219.7,30.2,6.311,441.31,14.3,57.2,398.01,-14.01,60.96,35.2,2485.0,2,P3509
2026-08-15T09:32:35,LSVA0000DEMO00001,1,219.4,29.57,6.18,442.43,13.97,57.2,398.42,-13.69,60.96,35.4,2496.0,2,P3509
2026-08-15T09:32:36,LSVA0000DEMO00001,1,219.7,29.48,6.162,439.89,14.01,57.2,398.31,-13.73,60.96,35.3,2546.0,2,P3509
2026-08-15T09:32:37,LSVA0000DEMO00001,1,218.7,30.0,6.27,442.0,14.19,57.3,398.26,-13.9,60.96,35.1,2476.0,2,P3509
2026-08-15T09:32:38,LSVA0000DEMO00001,1,219.6,29.51,6.167,442.26,13.95,56.9,398.16,-13.67,60.97,35.2,2493.0,2,P3509
2026-08-15T09:32:39,LSVA0000DEMO00001,1,219.8,29.22,6.107,442.74,13.79,56.8,397.89,-13.52,60.97,35.3,2479.0,2,P3509
2026-08-15T09:32:40,LSVA0000DEMO00001,1,220.4,28.74,6.006,441.19,13.61,57.0,397.56,-13.34,60.97,35.2,2502.0,2,P3509
2026-08-15T09:32:41,LSVA0000DEMO00001,1,220.0,28.63,5.983,442.07,13.54,57.5,397.94,-13.26,60.98,35.1,2482.0,2,P3509
2026-08-15T09:32:42,LSVA0000DEMO00001,1,220.5,28.33,5.922,441.26,13.42,57.6,397.93,-13.15,60.98,35.1,2498.0,2,P3509
2026-08-15T09:32:43,LSVA0000DEMO00001,1,220.8,28.37,5.93,442.2,13.41,57.5,398.31,-13.14,60.98,35.2,2471.0,2,P3509
2026-08-15T09:32:44,LSVA0000DEMO00001,1,220.6,28.71,6.0,441.28,13.6,57.1,398.09,-13.33,60.99,35.3,2509.0,2,P3509
2026-08-15T09:32:45,LSVA0000DEMO00001,1,220.3,28.17,5.888,441.67,13.33,56.8,398.48,-13.06,60.99,35.3,2518.0,2,P3509
2026-08-15T09:32:46,LSVA0000DEMO00001,1,220.0,27.51,5.75,441.2,13.03,56.7,398.36,-12.77,60.99,35.2,2494.0,2,P3509
2026-08-15T09:32:47,LSVA0000DEMO00001,1,219.4,28.76,6.012,442.52,13.59,57.0,397.86,-13.31,60.99,35.3,2498.0,2,P3509
2026-08-15T09:32:48,LSVA0000DEMO00001,1,220.4,28.01,5.854,442.69,13.22,57.1,397.46,-12.96,61.0,35.4,2498.0,2,P3509
2026-08-15T09:32:49,LSVA0000DEMO00001,1,221.0,27.07,5.658,441.81,12.81,57.4,398.42,-12.55,61.0,35.3,2503.0,2,P3509
2026-08-15T09:32:50,LSVA0000DEMO00001,1,220.2,27.34,5.715,442.03,12.93,57.3,398.41,-12.67,61.0,35.3,2499.0,2,P3509
2026-08-15T09:32:51,LSVA0000DEMO00001,1,221.2,27.35,5.716,440.84,12.97,57.2,397.59,-12.71,61.01,35.4,2512.0,2,P3509
2026-08-15T09:32:52,LSVA0000DEMO00001,1,219.1,27.93,5.838,441.76,13.21,57.0,398.45,-12.95,61.01,35.2,2518.0,2,P3509
2026-08-15T09:32:53,LSVA0000DEMO00001,1,219.3,26.6,5.56,441.96,12.58,57.0,398.11,-12.33,61.01,35.3,2488.0,2,P3509
2026-08-15T09:32:54,LSVA0000DEMO00001,1,220.5,27.46,5.74,444.1,12.93,57.2,398.05,-12.67,61.02,35.3,2495.0,2,P3509
2026-08-15T09:32:55,LSVA0000DEMO00001,1,220.2,27.31,5.707,441.11,12.94,57.3,398.48,-12.68,61.02,35.2,2514.0,2,P3509
2026-08-15T09:32:56,LSVA0000DEMO00001,1,220.8,26.42,5.522,443.17,12.46,57.2,398.4,-12.21,61.02,35.3,2479.0,2,P3509
2026-08-15T09:32:57,LSVA0000DEMO00001,1,220.0,26.4,5.517,442.8,12.46,57.0,398.2,-12.21,61.03,35.1,2470.0,2,P3509
2026-08-15T09:32:58,LSVA0000DEMO00001,1,219.5,25.89,5.411,442.22,12.24,57.3,398.14,-11.99,61.03,35.5,2503.0,2,P3509
2026-08-15T09:32:59,LSVA0000DEMO00001,1,219.9,26.16,5.468,443.41,12.33,57.3,398.18,-12.08,61.03,35.2,2507.0,2,P3509
2026-08-15T09:33:00,LSVA0000DEMO00001,1,219.1,26.01,5.437,442.3,12.29,57.0,397.88,-12.05,61.03,35.5,2489.0,2,P3509
2026-08-15T09:33:01,LSVA0000DEMO00001,1,219.3,26.16,5.467,442.31,12.36,57.0,397.98,-12.11,61.04,35.3,2491.0,2,P3509
2026-08-15T09:33:02,LSVA0000DEMO00001,1,220.6,26.17,5.469,441.96,12.37,57.3,397.73,-12.13,61.04,35.4,2489.0,2,P3509
2026-08-15T09:33:03,LSVA0000DEMO00001,1,220.5,25.3,5.287,442.98,11.94,57.1,397.9,-11.7,61.04,35.3,2487.0,2,P3509
2026-08-15T09:33:04,LSVA0000DEMO00001,1,220.2,24.62,5.146,442.88,11.62,57.5,397.89,-11.39,61.05,35.3,2510.0,2,P3509
2026-08-15T09:33:05,LSVA0000DEMO00001,1,219.0,25.22,5.27,441.5,11.94,57.3,397.81,-11.7,61.05,35.4,2482.0,2,P3509
2026-08-15T09:33:06,LSVA0000DEMO00001,1,219.8,25.17,5.26,440.94,11.93,57.1,398.04,-11.69,61.05,35.4,2496.0,2,P3509
2026-08-15T09:33:07,LSVA0000DEMO00001,1,219.3,25.05,5.235,441.84,11.85,57.2,397.9,-11.61,61.06,35.4,2486.0,2,P3509
2026-08-15T09:33:08,LSVA0000DEMO00001,1,220.7,24.63,5.147,441.36,11.66,57.2,398.15,-11.43,61.06,35.3,2478.0,2,P3509
2026-08-15T09:33:09,LSVA0000DEMO00001,1,219.6,24.7,5.162,441.95,11.68,57.0,397.51,-11.45,61.06,35.3,2513.0,2,P3509
2026-08-15T09:33:10,LSVA0000DEMO00001,1,219.3,25.19,5.266,442.99,11.89,57.0,397.97,-11.65,61.06,35.2,2492.0,2,P3509
2026-08-15T09:33:11,LSVA0000DEMO00001,1,220.0,24.49,5.118,441.63,11.59,57.3,398.04,-11.36,61.07,35.4,2503.0,2,P3509
2026-08-15T09:33:12,LSVA0000DEMO00001,1,219.6,24.03,5.023,441.97,11.37,57.4,397.91,-11.14,61.07,35.4,2477.0,2,P3509
2026-08-15T09:33:13,LSVA0000DEMO00001,1,220.9,23.83,4.981,442.05,11.27,57.3,397.95,-11.04,61.07,35.5,2489.0,2,P3509
2026-08-15T09:33:14,LSVA0000DEMO00001,1,219.6,23.86,4.986,442.68,11.26,57.5,397.52,-11.04,61.08,35.4,2511.0,2,P3509
2026-08-15T09:33:15,LSVA0000DEMO00001,1,219.2,24.33,5.085,440.2,11.55,57.1,398.11,-11.32,61.08,35.2,2539.0,2,P3509
2026-08-15T09:33:16,LSVA0000DEMO00001,1,218.7,23.48,4.908,441.51,11.12,57.5,398.19,-10.89,61.08,35.2,2470.0,2,P3509
2026-08-15T09:33:17,LSVA0000DEMO00001,1,220.0,23.44,4.898,442.17,11.08,57.0,398.15,-10.86,61.09,35.4,2497.0,2,P3509
2026-08-15T09:33:18,LSVA0000DEMO00001,1,219.7,23.13,4.834,442.96,10.91,57.0,398.31,-10.7,61.09,35.2,2506.0,2,P3509
2026-08-15T09:33:19,LSVA0000DEMO00001,1,219.1,23.58,4.928,441.61,11.16,56.8,398.06,-10.93,61.09,35.3,2491.0,2,P3509
2026-08-15T09:33:20,LSVA0000DEMO00001,1,220.7,23.73,4.959,440.5,11.26,57.1,398.14,-11.03,61.1,35.3,2513.0,2,P3509
2026-08-15T09:33:21,LSVA0000DEMO00001,1,220.4,23.05,4.817,442.5,10.89,57.1,398.05,-10.67,61.1,35.3,2487.0,2,P3509
2026-08-15T09:33:22,LSVA0000DEMO00001,1,220.0,22.69,4.742,441.49,10.74,57.3,398.21,-10.53,61.1,35.3,2502.0,2,P3509
2026-08-15T09:33:23,LSVA0000DEMO00001,1,220.8,22.49,4.701,441.05,10.66,57.2,397.53,-10.45,61.1,35.4,2492.0,2,P3509
2026-08-15T09:33:24,LSVA0000DEMO00001,1,220.4,21.34,4.461,441.5,10.1,57.0,397.73,-9.9,61.11,35.1,2518.0,2,P3509
2026-08-15T09:33:25,LSVA0000DEMO00001,1,219.5,22.53,4.709,441.85,10.66,57.1,398.48,-10.44,61.11,35.3,2490.0,2,P3509
2026-08-15T09:33:26,LSVA0000DEMO00001,1,219.4,22.1,4.62,441.52,10.46,57.1,397.26,-10.25,61.11,35.1,2495.0,2,P3509
2026-08-15T09:33:27,LSVA0000DEMO00001,1,220.5,22.01,4.601,440.24,10.45,56.8,397.96,-10.24,61.12,35.4,2514.0,2,P3509
2026-08-15T09:33:28,LSVA0000DEMO00001,1,220.2,21.5,4.494,442.72,10.15,57.0,398.35,-9.95,61.12,35.3,2485.0,2,P3509
2026-08-15T09:33:29,LSVA0000DEMO00001,1,220.1,21.5,4.494,443.02,10.14,57.0,397.97,-9.94,61.12,35.1,2501.0,2,P3509
2026-08-15T09:33:30,LSVA0000DEMO00001,1,219.5,21.32,4.455,442.52,10.07,57.5,397.88,-9.87,61.13,35.3,2473.0,2,P3509
2026-08-15T09:33:31,LSVA0000DEMO00001,1,220.4,21.7,4.536,441.09,10.28,57.2,398.04,-10.08,61.13,35.3,2484.0,2,P3509
2026-08-15T09:33:32,LSVA0000DEMO00001,1,219.5,20.99,4.388,441.84,9.93,57.3,397.89,-9.73,61.13,35.5,2506.0,2,P3509
2026-08-15T09:33:33,LSVA0000DEMO00001,1,219.9,21.89,4.575,441.99,10.35,56.9,398.01,-10.14,61.13,35.4,2485.0,2,P3509
2026-08-15T09:33:34,LSVA0000DEMO00001,1,220.9,21.06,4.402,442.48,9.95,57.4,397.79,-9.75,61.14,35.4,2492.0,2,P3509
2026-08-15T09:33:35,LSVA0000DEMO00001,1,219.6,20.19,4.22,442.53,9.54,57.5,398.33,-9.35,61.14,35.5,2507.0,2,P3509
2026-08-15T09:33:36,LSVA0000DEMO00001,1,219.1,20.47,4.279,441.41,9.69,56.8,398.43,-9.5,61.14,35.4,2491.0,2,P3509
2026-08-15T09:33:37,LSVA0000DEMO00001,1,219.4,20.13,4.208,442.07,9.52,57.1,397.96,-9.33,61.15,35.4,2512.0,2,P3509
2026-08-15T09:33:38,LSVA0000DEMO00001,1,220.6,19.34,4.042,442.37,9.14,57.3,397.58,-8.96,61.15,35.4,2503.0,2,P3509
2026-08-15T09:33:39,LSVA0000DEMO00001,1,220.2,20.83,4.354,443.16,9.82,57.3,397.84,-9.63,61.15,35.2,2507.0,2,P3509
2026-08-15T09:33:40,LSVA0000DEMO00001,1,219.9,20.27,4.237,442.56,9.57,57.1,397.94,-9.38,61.16,35.5,2519.0,2,P3509
2026-08-15T09:33:41,LSVA0000DEMO00001,1,219.7,20.05,4.191,442.63,9.47,57.2,398.15,-9.28,61.16,35.2,2505.0,2,P3509
2026-08-15T09:33:42,LSVA0000DEMO00001,1,220.3,19.72,4.121,442.07,9.32,57.1,397.7,-9.14,61.16,35.5,2523.0,2,P3509
2026-08-15T09:33:43,LSVA0000DEMO00001,1,219.5,18.96,3.962,443.13,8.94,57.2,397.77,-8.76,61.17,35.2,2514.0,2,P3509
2026-08-15T09:33:44,LSVA0000DEMO00001,1,220.2,19.15,4.003,442.33,9.05,57.5,398.15,-8.87,61.17,35.4,2492.0,2,P3509
2026-08-15T09:33:45,LSVA0000DEMO00001,1,219.6,19.52,4.079,441.31,9.24,57.1,398.28,-9.06,61.17,35.6,2519.0,2,P3509
2026-08-15T09:33:46,LSVA0000DEMO00001,1,219.5,18.64,3.896,443.12,8.79,57.4,397.81,-8.62,61.17,35.4,2504.0,2,P3509
2026-08-15T09:33:47,LSVA0000DEMO00001,1,219.6,17.84,3.729,442.56,8.43,57.1,397.6,-8.26,61.18,35.4,2494.0,2,P3509
2026-08-15T09:33:48,LSVA0000DEMO00001,1,219.8,18.63,3.893,441.65,8.81,57.1,398.99,-8.64,61.18,35.4,2504.0,2,P3509
2026-08-15T09:33:49,LSVA0000DEMO00001,1,220.0,18.51,3.869,441.62,8.76,57.4,398.23,-8.58,61.18,35.3,2517.0,2,P3509
2026-08-15T09:33:50,LSVA0000DEMO00001,1,220.1,18.5,3.867,442.24,8.74,57.4,397.92,-8.57,61.19,35.6,2507.0,2,P3509
2026-08-15T09:33:51,LSVA0000DEMO00001,1,217.8,18.61,3.889,442.37,8.79,57.4,398.26,-8.61,61.19,35.4,2527.0,2,P3509
2026-08-15T09:33:52,LSVA0000DEMO00001,1,219.5,18.41,3.847,442.16,8.7,57.0,397.96,-8.53,61.19,35.4,2516.0,2,P3509
2026-08-15T09:33:53,LSVA0000DEMO00001,1,219.8,18.1,3.783,442.25,8.55,57.1,398.26,-8.38,61.2,35.3,2508.0,2,P3509
2026-08-15T09:33:54,LSVA0000DEMO00001,1,220.9,18.39,3.844,443.36,8.67,57.4,398.05,-8.5,61.2,35.3,2485.0,2,P3509
2026-08-15T09:33:55,LSVA0000DEMO00001,1,219.4,17.07,3.567,442.86,8.05,57.2,398.03,-7.89,61.2,35.3,2497.0,2,P3509
2026-08-15T09:33:56,LSVA0000DEMO00001,1,220.1,17.74,3.709,442.15,8.39,57.0,397.97,-8.22,61.2,35.4,2501.0,2,P3509
2026-08-15T09:33:57,LSVA0000DEMO00001,1,220.9,17.67,3.693,442.75,8.34,57.3,397.57,-8.17,61.21,35.3,2510.0,2,P3509
2026-08-15T09:33:58,LSVA0000DEMO00001,1,219.2,16.67,3.483,441.17,7.9,57.1,398.58,-7.74,61.21,35.3,2510.0,2,P3509
2026-08-15T09:33:59,LSVA0000DEMO00001,1,220.2,16.45,3.437,442.32,7.77,57.6,397.72,-7.62,61.21,35.6,2503.0,2,P3509
2026-08-15T09:34:00,LSVA0000DEMO00001,1,219.5,16.74,3.498,443.45,7.89,57.5,397.59,-7.73,61.22,35.3,2502.0,2,P3509
2026-08-15T09:34:01,LSVA0000DEMO00001,1,219.7,16.7,3.491,441.83,7.9,57.4,397.94,-7.74,61.22,35.4,2511.0,2,P3509
2026-08-15T09:34:02,LSVA0000DEMO00001,1,219.5,17.13,3.58,441.32,8.11,57.5,397.71,-7.95,61.22,35.5,2487.0,2,P3509
2026-08-15T09:34:03,LSVA0000DEMO00001,1,219.6,16.7,3.491,441.48,7.91,57.3,397.98,-7.75,61.23,35.5,2525.0,2,P3509
2026-08-15T09:34:04,LSVA0000DEMO00001,1,221.6,16.61,3.472,441.13,7.87,57.4,398.21,-7.71,61.23,35.4,2469.0,2,P3509
2026-08-15T09:34:05,LSVA0000DEMO00001,1,220.5,16.7,3.49,441.37,7.91,57.5,398.3,-7.75,61.23,35.4,2522.0,2,P3509
2026-08-15T09:34:06,LSVA0000DEMO00001,1,220.7,17.26,3.608,441.7,8.17,57.3,398.24,-8.0,61.24,35.5,2499.0,2,P3509
2026-08-15T09:34:07,LSVA0000DEMO00001,1,220.3,16.88,3.528,440.88,8.0,57.2,397.91,-7.84,61.24,35.4,2515.0,2,P3509
2026-08-15T09:34:08,LSVA0000DEMO00001,1,219.0,16.86,3.524,442.01,7.97,56.9,398.01,-7.81,61.24,35.4,2505.0,2,P3509
2026-08-15T09:34:09,LSVA0000DEMO00001,1,220.2,16.91,3.534,442.72,7.98,57.2,398.12,-7.82,61.24,35.3,2505.0,2,P3509
2026-08-15T09:34:10,LSVA0000DEMO00001,1,220.6,17.3,3.616,441.27,8.19,57.4,397.47,-8.03,61.25,35.4,2508.0,2,P3509
2026-08-15T09:34:11,LSVA0000DEMO00001,1,219.5,16.73,3.496,443.22,7.89,57.4,398.17,-7.73,61.25,35.3,2512.0,2,P3509
2026-08-15T09:34:12,LSVA0000DEMO00001,1,220.6,17.35,3.627,442.41,8.2,57.3,397.56,-8.03,61.25,35.4,2495.0,2,P3509
2026-08-15T09:34:13,LSVA0000DEMO00001,1,220.4,17.02,3.557,442.82,8.03,57.1,398.61,-7.87,61.26,35.4,2516.0,2,P3509
2026-08-15T09:34:14,LSVA0000DEMO00001,1,221.1,16.85,3.521,441.47,7.98,56.9,397.88,-7.82,61.26,35.5,2484.0,2,P3509
2026-08-15T09:34:15,LSVA0000DEMO00001,1,219.7,17.74,3.708,442.68,8.38,57.2,397.94,-8.21,61.26,35.6,2500.0,2,P3509
2026-08-15T09:34:16,LSVA0000DEMO00001,1,219.3,16.55,3.459,441.13,7.84,57.2,397.77,-7.68,61.27,35.4,2513.0,2,P3509
2026-08-15T09:34:17,LSVA0000DEMO00001,1,219.8,16.83,3.518,442.71,7.95,57.2,397.81,-7.79,61.27,35.5,2515.0,2,P3509
2026-08-15T09:34:18,LSVA0000DEMO00001,1,220.9,16.53,3.455,442.14,7.82,57.4,398.68,-7.66,61.27,35.5,2507.0,2,P3509
2026-08-15T09:34:19,LSVA0000DEMO00001,1,218.9,17.24,3.603,442.44,8.14,57.7,398.28,-7.98,61.28,35.6,2494.0,2,P3509
2026-08-15T09:34:20,LSVA0000DEMO00001,1,218.8,17.42,3.64,441.06,8.25,57.3,397.54,-8.09,61.28,35.5,2513.0,2,P3509
2026-08-15T09:34:21,LSVA0000DEMO00001,1,220.1,17.42,3.641,441.28,8.25,57.2,398.45,-8.09,61.28,35.3,2490.0,2,P3509
2026-08-15T09:34:22,LSVA0000DEMO00001,1,219.7,17.33,3.621,442.48,8.18,57.2,398.36,-8.02,61.28,35.3,2526.0,2,P3509
2026-08-15T09:34:23,LSVA0000DEMO00001,1,220.0,16.83,3.517,441.24,7.97,57.3,397.92,-7.81,61.29,35.5,2499.0,2,P3509
2026-08-15T09:34:24,LSVA0000DEMO00001,1,220.6,16.82,3.515,442.37,7.95,57.1,398.09,-7.79,61.29,35.4,2477.0,2,P3509
2026-08-15T09:34:25,LSVA0000DEMO00001,1,219.7,16.35,3.417,440.91,7.75,57.3,398.0,-7.59,61.29,35.3,2482.0,2,P3509
2026-08-15T09:34:26,LSVA0000DEMO00001,1,218.9,17.59,3.677,442.68,8.31,57.4,398.59,-8.14,61.3,35.3,2501.0,2,P3509
2026-08-15T09:34:27,LSVA0000DEMO00001,1,221.2,17.03,3.559,441.01,8.07,57.3,397.76,-7.91,61.3,35.5,2502.0,2,P3509
2026-08-15T09:34:28,LSVA0000DEMO00001,1,219.4,16.78,3.507,442.44,7.93,57.4,398.04,-7.77,61.3,35.6,2530.0,2,P3509
2026-08-15T09:34:29,LSVA0000DEMO00001,1,219.4,17.36,3.628,442.5,8.2,57.4,397.87,-8.04,61.31,35.4,2484.0,2,P3509
2026-08-15T09:34:30,LSVA0000DEMO00001,1,220.7,16.59,3.467,441.44,7.85,56.9,397.57,-7.7,61.31,35.5,2501.0,2,P3509
2026-08-15T09:34:31,LSVA0000DEMO00001,1,219.8,17.07,3.567,442.47,8.06,57.4,398.66,-7.9,61.31,35.4,2484.0,2,P3509
2026-08-15T09:34:32,LSVA0000DEMO00001,1,220.0,16.87,3.526,442.21,7.97,57.1,397.65,-7.81,61.31,35.3,2493.0,2,P3509
2026-08-15T09:34:33,LSVA0000DEMO00001,1,220.3,17.1,3.575,441.57,8.1,57.1,398.07,-7.93,61.32,35.5,2525.0,2,P3509
2026-08-15T09:34:34,LSVA0000DEMO00001,1,220.7,16.87,3.525,441.19,7.99,57.0,397.48,-7.83,61.32,35.3,2483.0,2,P3509
2026-08-15T09:34:35,LSVA0000DEMO00001,1,219.8,16.4,3.428,440.43,7.78,57.4,397.88,-7.63,61.32,35.5,2509.0,2,P3509
2026-08-15T09:34:36,LSVA0000DEMO00001,1,220.9,16.95,3.543,442.28,8.01,57.2,398.13,-7.85,61.33,35.4,2506.0,2,P3509
2026-08-15T09:34:37,LSVA0000DEMO00001,1,218.7,17.2,3.595,440.75,8.16,56.9,397.75,-7.99,61.33,35.6,2500.0,2,P3509
2026-08-15T09:34:38,LSVA0000DEMO00001,1,220.5,16.91,3.535,442.08,8.0,57.4,398.18,-7.84,61.33,35.4,2508.0,2,P3509
2026-08-15T09:34:39,LSVA0000DEMO00001,1,219.5,17.16,3.586,441.79,8.12,57.0,397.92,-7.95,61.34,35.5,2483.0,2,P3509
2026-08-15T09:34:40,LSVA0000DEMO00001,1,220.8,16.61,3.471,442.54,7.84,57.3,398.35,-7.69,61.34,35.4,2525.0,2,P3509
2026-08-15T09:34:41,LSVA0000DEMO00001,1,220.1,16.9,3.532,441.76,8.0,57.3,398.41,-7.84,61.34,35.4,2529.0,2,P3509
2026-08-15T09:34:42,LSVA0000DEMO00001,1,219.6,16.71,3.493,441.74,7.91,57.5,397.82,-7.75,61.35,35.1,2501.0,2,P3509
2026-08-15T09:34:43,LSVA0000DEMO00001,1,220.4,17.18,3.59,442.59,8.11,57.6,398.02,-7.95,61.35,35.7,2536.0,2,P3509
2026-08-15T09:34:44,LSVA0000DEMO00001,1,220.5,16.94,3.54,442.27,8.0,57.0,398.06,-7.84,61.35,35.5,2494.0,2,P3509
2026-08-15T09:34:45,LSVA0000DEMO00001,1,220.4,17.15,3.584,442.25,8.1,57.3,398.19,-7.94,61.35,35.4,2506.0,2,P3509
2026-08-15T09:34:46,LSVA0000DEMO00001,1,219.4,17.28,3.611,442.38,8.16,57.2,398.0,-8.0,61.36,35.4,2521.0,2,P3509
2026-08-15T09:34:47,LSVA0000DEMO00001,1,219.7,17.09,3.572,440.77,8.1,57.4,398.06,-7.94,61.36,35.4,2493.0,2,P3509
2026-08-15T09:34:48,LSVA0000DEMO00001,1,220.0,17.03,3.559,442.61,8.04,57.3,397.93,-7.88,61.36,35.6,2479.0,2,P3509
2026-08-15T09:34:49,LSVA0000DEMO00001,1,220.0,16.62,3.474,442.49,7.85,57.2,398.03,-7.69,61.37,35.3,2476.0,2,P3509
2026-08-15T09:34:50,LSVA0000DEMO00001,1,220.4,16.89,3.529,441.19,8.0,57.2,398.39,-7.84,61.37,35.5,2531.0,2,P3509
2026-08-15T09:34:51,LSVA0000DEMO00001,1,218.8,16.74,3.499,441.8,7.92,57.1,398.19,-7.76,61.37,35.7,2492.0,2,P3509
2026-08-15T09:34:52,LSVA0000DEMO00001,1,220.2,16.81,3.513,441.97,7.95,57.5,398.21,-7.79,61.38,35.4,2497.0,2,P3509
2026-08-15T09:34:53,LSVA0000DEMO00001,1,219.8,16.8,3.51,441.89,7.94,57.4,398.22,-7.78,61.38,35.5,2483.0,2,P3509
2026-08-15T09:34:54,LSVA0000DEMO00001,1,219.5,16.62,3.473,442.27,7.85,57.5,397.95,-7.7,61.38,35.7,2514.0,2,P3509
2026-08-15T09:34:55,LSVA0000DEMO00001,1,219.6,16.34,3.415,443.15,7.71,57.2,398.1,-7.55,61.38,35.6,2488.0,2,P3509
2026-08-15T09:34:56,LSVA0000DEMO00001,1,219.9,16.74,3.499,442.87,7.9,57.2,397.67,-7.74,61.39,35.5,2493.0,2,P3509
2026-08-15T09:34:57,LSVA0000DEMO00001,1,217.8,16.94,3.54,440.95,8.03,57.1,398.38,-7.87,61.39,35.5,2504.0,2,P3509
2026-08-15T09:34:58,LSVA0000DEMO00001,1,219.6,16.51,3.45,442.5,7.8,57.4,397.17,-7.64,61.39,35.5,2484.0,2,P3509
2026-08-15T09:34:59,LSVA0000DEMO00001,1,219.5,16.96,3.546,443.06,8.0,57.1,397.97,-7.84,61.4,35.6,2497.0,2,P3509
2026-08-15T09:35:00,LSVA0000DEMO00001,3,0.0,0.0,0.0,442.31,0.0,57.8,398.34,0.0,61.4,35.5,2521.0,2,P3509
2026-08-15T09:35:01,LSVA0000DEMO00001,3,0.0,0.0,0.0,442.87,0.0,57.5,397.59,0.0,61.4,35.3,2506.0,2,P3509
2026-08-15T09:35:02,LSVA0000DEMO00001,3,0.0,0.0,0.0,443.61,0.0,57.1,398.12,0.0,61.4,35.5,2502.0,2,P3509
2026-08-15T09:35:03,LSVA0000DEMO00001,3,0.0,0.0,0.0,442.82,0.0,57.2,397.8,0.0,61.4,35.4,2503.0,2,P3509
2026-08-15T09:35:04,LSVA0000DEMO00001,3,0.0,0.0,0.0,442.2,0.0,57.1,397.89,0.0,61.4,35.5,2494.0,2,P3509
2026-08-15T09:35:05,LSVA0000DEMO00001,3,0.0,0.0,0.0,442.84,0.0,57.1,398.28,0.0,61.4,35.5,2530.0,2,P3509
2026-08-15T09:35:06,LSVA0000DEMO00001,3,0.0,0.0,0.0,442.12,0.0,56.9,398.06,0.0,61.4,35.6,2488.0,2,P3509
2026-08-15T09:35:07,LSVA0000DEMO00001,3,0.0,0.0,0.0,442.02,0.0,57.0,397.39,0.0,61.4,35.6,2503.0,2,P3509
2026-08-15T09:35:08,LSVA0000DEMO00001,3,0.0,0.0,0.0,441.72,0.0,57.4,397.71,0.0,61.4,35.5,2502.0,2,P3509
2026-08-15T09:35:09,LSVA0000DEMO00001,3,0.0,0.0,0.0,443.25,0.0,57.2,398.29,0.0,61.4,35.5,2515.0,2,P3509
2026-08-15T09:35:10,LSVA0000DEMO00001,3,0.0,0.0,0.0,441.35,0.0,56.5,398.13,0.0,61.4,35.4,2517.0,2,P3509
2026-08-15T09:35:11,LSVA0000DEMO00001,3,0.0,0.0,0.0,443.23,0.0,57.2,398.52,0.0,61.4,35.3,2500.0,2,P3509
2026-08-15T09:35:12,LSVA0000DEMO00001,3,0.0,0.0,0.0,442.4,0.0,57.2,398.5,0.0,61.4,35.5,2504.0,2,P3509
2026-08-15T09:35:13,LSVA0000DEMO00001,3,0.0,0.0,0.0,440.88,0.0,56.9,397.9,0.0,61.4,35.6,2505.0,2,P3509
2026-08-15T09:35:14,LSVA0000DEMO00001,3,0.0,0.0,0.0,442.29,0.0,57.1,398.75,0.0,61.4,35.5,2466.0,2,P3509
2026-08-15T09:35:15,LSVA0000DEMO00001,3,0.0,0.0,0.0,440.32,0.0,56.7,398.01,0.0,61.4,35.5,2476.0,2,P3509
2026-08-15T09:35:16,LSVA0000DEMO00001,3,0.0,0.0,0.0,442.5,0.0,56.8,397.71,0.0,61.4,35.6,2491.0,2,P3509
2026-08-15T09:35:17,LSVA0000DEMO00001,3,0.0,0.0,0.0,442.71,0.0,57.1,397.81,0.0,61.4,35.5,2492.0,2,P3509
2026-08-15T09:35:18,LSVA0000DEMO00001,3,0.0,0.0,0.0,441.53,0.0,56.8,397.32,0.0,61.4,35.7,2482.0,2,P3509
2026-08-15T09:35:19,LSVA0000DEMO00001,3,0.0,0.0,0.0,442.1,0.0,56.4,398.48,0.0,61.4,35.7,2511.0,2,P3509
2026-08-15T09:35:20,LSVA0000DEMO00001,3,0.0,0.0,0.0,443.56,0.0,56.7,398.48,0.0,61.4,35.6,2500.0,2,P3509
2026-08-15T09:35:21,LSVA0000DEMO00001,3,0.0,0.0,0.0,441.6,0.0,56.7,397.7,0.0,61.4,35.6,2497.0,2,P3509
2026-08-15T09:35:22,LSVA0000DEMO00001,3,0.0,0.0,0.0,441.15,0.0,56.9,397.93,0.0,61.4,35.4,2481.0,2,P3509
2026-08-15T09:35:23,LSVA0000DEMO00001,3,0.0,0.0,0.0,443.19,0.0,56.7,398.03,0.0,61.4,35.6,2499.0,2,P3509
2026-08-15T09:35:24,LSVA0000DEMO00001,3,0.0,0.0,0.0,443.57,0.0,56.6,397.71,0.0,61.4,35.6,2461.0,2,P3509
2026-08-15T09:35:25,LSVA0000DEMO00001,3,0.0,0.0,0.0,442.0,0.0,56.8,397.47,0.0,61.4,35.6,2498.0,2,P3509
2026-08-15T09:35:26,LSVA0000DEMO00001,3,0.0,0.0,0.0,442.81,0.0,56.6,397.94,0.0,61.4,35.6,2501.0,2,P3509
2026-08-15T09:35:27,LSVA0000DEMO00001,3,0.0,0.0,0.0,443.07,0.0,56.4,397.9,0.0,61.4,35.6,2504.0,2,P3509
2026-08-15T09:35:28,LSVA0000DEMO00001,3,0.0,0.0,0.0,441.41,0.0,56.8,397.88,0.0,61.4,35.8,2477.0,2,P3509
2026-08-15T09:35:29,LSVA0000DEMO00001,3,0.0,0.0,0.0,441.61,0.0,56.6,398.07,0.0,61.4,35.5,2503.0,2,P3509
2026-08-15T09:35:30,LSVA0000DEMO00001,3,0.0,0.0,0.0,442.98,0.0,56.5,398.43,0.0,61.4,35.6,2484.0,2,P3509
2026-08-15T09:35:31,LSVA0000DEMO00001,3,0.0,0.0,0.0,443.35,0.0,56.5,397.91,0.0,61.4,35.5,2488.0,2,P3509
2026-08-15T09:35:32,LSVA0000DEMO00001,3,0.0,0.0,0.0,442.45,0.0,56.2,398.05,0.0,61.4,35.6,2511.0,2,P3509
2026-08-15T09:35:33,LSVA0000DEMO00001,3,0.0,0.0,0.0,441.3,0.0,56.3,398.22,0.0,61.4,35.6,2530.0,2,P3509
2026-08-15T09:35:34,LSVA0000DEMO00001,3,0.0,0.0,0.0,443.59,0.0,56.4,398.17,0.0,61.4,35.6,2501.0,2,P3509
2026-08-15T09:35:35,LSVA0000DEMO00001,3,0.0,0.0,0.0,441.58,0.0,56.3,397.82,0.0,61.4,35.7,2488.0,2,P3509
2026-08-15T09:35:36,LSVA0000DEMO00001,3,0.0,0.0,0.0,441.73,0.0,56.6,398.03,0.0,61.4,35.5,2503.0,2,P3509
2026-08-15T09:35:37,LSVA0000DEMO00001,3,0.0,0.0,0.0,442.27,0.0,56.4,398.16,0.0,61.4,35.5,2514.0,2,P3509
2026-08-15T09:35:38,LSVA0000DEMO00001,3,0.0,0.0,0.0,443.24,0.0,56.5,397.66,0.0,61.4,35.6,2509.0,2,P3509
2026-08-15T09:35:39,LSVA0000DEMO00001,3,0.0,0.0,0.0,442.68,0.0,56.3,398.38,0.0,61.4,35.7,2541.0,2,P3509
2026-08-15T09:35:40,LSVA0000DEMO00001,3,0.0,0.0,0.0,442.33,0.0,56.5,398.43,0.0,61.4,35.6,2489.0,2,P3509
2026-08-15T09:35:41,LSVA0000DEMO00001,3,0.0,0.0,0.0,442.37,0.0,56.3,397.78,0.0,61.4,35.7,2504.0,2,P3509
2026-08-15T09:35:42,LSVA0000DEMO00001,3,0.0,0.0,0.0,442.03,0.0,56.2,398.06,0.0,61.4,35.5,2523.0,2,P3509
2026-08-15T09:35:43,LSVA0000DEMO00001,3,0.0,0.0,0.0,442.45,0.0,56.2,398.19,0.0,61.4,35.5,2522.0,2,P3509
2026-08-15T09:35:44,LSVA0000DEMO00001,3,0.0,0.0,0.0,439.98,0.0,55.9,397.84,0.0,61.4,35.6,2471.0,2,P3509
2026-08-15T09:35:45,LSVA0000DEMO00001,3,0.0,0.0,0.0,441.76,0.0,56.2,398.14,0.0,61.4,35.6,2500.0,2,P3509
2026-08-15T09:35:46,LSVA0000DEMO00001,3,0.0,0.0,0.0,442.19,0.0,56.1,398.05,0.0,61.4,35.6,2522.0,2,P3509
2026-08-15T09:35:47,LSVA0000DEMO00001,3,0.0,0.0,0.0,441.08,0.0,56.0,397.56,0.0,61.4,35.6,2543.0,2,P3509
2026-08-15T09:35:48,LSVA0000DEMO00001,3,0.0,0.0,0.0,442.31,0.0,56.3,398.14,0.0,61.4,35.5,2511.0,2,P3509
2026-08-15T09:35:49,LSVA0000DEMO00001,3,0.0,0.0,0.0,441.84,0.0,55.8,397.67,0.0,61.4,35.6,2494.0,2,P3509
2026-08-15T09:35:50,LSVA0000DEMO00001,3,0.0,0.0,0.0,443.4,0.0,55.9,398.28,0.0,61.4,35.6,2485.0,2,P3509
2026-08-15T09:35:51,LSVA0000DEMO00001,3,0.0,0.0,0.0,443.26,0.0,56.2,397.8,0.0,61.4,35.6,2533.0,2,P3509
2026-08-15T09:35:52,LSVA0000DEMO00001,3,0.0,0.0,0.0,441.63,0.0,56.0,397.95,0.0,61.4,35.6,2511.0,2,P3509
2026-08-15T09:35:53,LSVA0000DEMO00001,3,0.0,0.0,0.0,441.88,0.0,55.9,398.41,0.0,61.4,35.5,2487.0,2,P3509
2026-08-15T09:35:54,LSVA0000DEMO00001,3,0.0,0.0,0.0,441.94,0.0,55.9,398.15,0.0,61.4,35.7,2497.0,2,P3509
2026-08-15T09:35:55,LSVA0000DEMO00001,3,0.0,0.0,0.0,441.64,0.0,55.9,397.68,0.0,61.4,35.6,2505.0,2,P3509
2026-08-15T09:35:56,LSVA0000DEMO00001,3,0.0,0.0,0.0,442.16,0.0,55.5,397.7,0.0,61.4,35.8,2508.0,2,P3509
2026-08-15T09:35:57,LSVA0000DEMO00001,3,0.0,0.0,0.0,441.39,0.0,55.7,397.82,0.0,61.4,35.6,2487.0,2,P3509
2026-08-15T09:35:58,LSVA0000DEMO00001,3,0.0,0.0,0.0,441.1,0.0,56.1,398.12,0.0,61.4,35.5,2491.0,2,P3509
2026-08-15T09:35:59,LSVA0000DEMO00001,3,0.0,0.0,0.0,442.5,0.0,55.6,398.11,0.0,61.4,35.9,2475.0,2,P3509
2026-08-15T09:36:00,LSVA0000DEMO00001,3,0.0,0.0,0.0,442.5,0.0,55.7,397.75,0.0,61.4,35.6,2516.0,2,P3509
2026-08-15T09:36:01,LSVA0000DEMO00001,3,0.0,0.0,0.0,441.36,0.0,55.6,397.65,0.0,61.4,35.7,2495.0,2,P3509
2026-08-15T09:36:02,LSVA0000DEMO00001,3,0.0,0.0,0.0,442.72,0.0,55.7,398.08,0.0,61.4,35.7,2507.0,2,P3509
2026-08-15T09:36:03,LSVA0000DEMO00001,3,0.0,0.0,0.0,441.49,0.0,55.5,397.95,0.0,61.4,35.7,2521.0,2,P3509
2026-08-15T09:36:04,LSVA0000DEMO00001,3,0.0,0.0,0.0,442.2,0.0,55.7,398.65,0.0,61.4,35.7,2503.0,2,P3509
2026-08-15T09:36:05,LSVA0000DEMO00001,3,0.0,0.0,0.0,442.66,0.0,55.6,398.01,0.0,61.4,35.5,2498.0,2,P3509
2026-08-15T09:36:06,LSVA0000DEMO00001,3,0.0,0.0,0.0,441.97,0.0,55.7,398.54,0.0,61.4,35.6,2503.0,2,P3509
2026-08-15T09:36:07,LSVA0000DEMO00001,3,0.0,0.0,0.0,442.36,0.0,55.3,397.65,0.0,61.4,35.5,2501.0,2,P3509
2026-08-15T09:36:08,LSVA0000DEMO00001,3,0.0,0.0,0.0,441.59,0.0,55.5,397.53,0.0,61.4,35.6,2519.0,2,P3509
2026-08-15T09:36:09,LSVA0000DEMO00001,3,0.0,0.0,0.0,441.84,0.0,55.5,397.66,0.0,61.4,35.5,2505.0,2,P3509
2026-08-15T09:36:10,LSVA0000DEMO00001,3,0.0,0.0,0.0,441.84,0.0,55.6,398.36,0.0,61.4,35.7,2492.0,2,P3509
2026-08-15T09:36:11,LSVA0000DEMO00001,3,0.0,0.0,0.0,441.4,0.0,55.3,398.53,0.0,61.4,35.7,2516.0,2,P3509
2026-08-15T09:36:12,LSVA0000DEMO00001,3,0.0,0.0,0.0,441.86,0.0,55.6,397.77,0.0,61.4,35.7,2518.0,2,P3509
2026-08-15T09:36:13,LSVA0000DEMO00001,3,0.0,0.0,0.0,440.76,0.0,55.6,397.86,0.0,61.4,35.7,2480.0,2,P3509
2026-08-15T09:36:14,LSVA0000DEMO00001,3,0.0,0.0,0.0,441.61,0.0,55.2,397.65,0.0,61.4,35.6,2523.0,2,P3509
2026-08-15T09:36:15,LSVA0000DEMO00001,3,0.0,0.0,0.0,441.77,0.0,55.3,397.46,0.0,61.4,35.6,2505.0,2,P3509
2026-08-15T09:36:16,LSVA0000DEMO00001,3,0.0,0.0,0.0,441.8,0.0,55.2,398.22,0.0,61.4,35.7,2504.0,2,P3509
2026-08-15T09:36:17,LSVA0000DEMO00001,3,0.0,0.0,0.0,441.81,0.0,55.8,398.07,0.0,61.4,35.7,2515.0,2,P3509
2026-08-15T09:36:18,LSVA0000DEMO00001,3,0.0,0.0,0.0,441.95,0.0,55.2,398.0,0.0,61.4,35.5,2491.0,2,P3509
2026-08-15T09:36:19,LSVA0000DEMO00001,3,0.0,0.0,0.0,442.38,0.0,55.6,397.58,0.0,61.4,35.5,2514.0,2,P3509
2026-08-15T09:36:20,LSVA0000DEMO00001,3,0.0,0.0,0.0,442.7,0.0,55.0,398.49,0.0,61.4,35.6,2494.0,2,P3509
2026-08-15T09:36:21,LSVA0000DEMO00001,3,0.0,0.0,0.0,441.48,0.0,55.0,397.85,0.0,61.4,35.7,2478.0,2,P3509
2026-08-15T09:36:22,LSVA0000DEMO00001,3,0.0,0.0,0.0,441.04,0.0,55.0,398.16,0.0,61.4,35.8,2485.0,2,P3509
2026-08-15T09:36:23,LSVA0000DEMO00001,3,0.0,0.0,0.0,441.17,0.0,55.0,397.56,0.0,61.4,35.5,2509.0,2,P3509
2026-08-15T09:36:24,LSVA0000DEMO00001,3,0.0,0.0,0.0,441.61,0.0,55.1,397.94,0.0,61.4,35.7,2486.0,2,P3509
2026-08-15T09:36:25,LSVA0000DEMO00001,3,0.0,0.0,0.0,441.72,0.0,55.0,398.09,0.0,61.4,35.8,2524.0,2,P3509
2026-08-15T09:36:26,LSVA0000DEMO00001,3,0.0,0.0,0.0,441.38,0.0,54.9,398.1,0.0,61.4,35.7,2518.0,2,P3509
2026-08-15T09:36:27,LSVA0000DEMO00001,3,0.0,0.0,0.0,440.96,0.0,55.3,398.05,0.0,61.4,35.8,2520.0,2,P3509
2026-08-15T09:36:28,LSVA0000DEMO00001,3,0.0,0.0,0.0,441.64,0.0,55.3,398.15,0.0,61.4,35.7,2502.0,2,P3509
2026-08-15T09:36:29,LSVA0000DEMO00001,3,0.0,0.0,0.0,442.15,0.0,55.2,397.66,0.0,61.4,35.6,2504.0,2,P3509
2026-08-15T09:36:30,LSVA0000DEMO00001,3,0.0,0.0,0.0,442.48,0.0,55.1,398.06,0.0,61.4,35.6,2482.0,2,P3509
2026-08-15T09:36:31,LSVA0000DEMO00001,3,0.0,0.0,0.0,441.55,0.0,55.0,398.03,0.0,61.4,35.7,2515.0,2,P3509
2026-08-15T09:36:32,LSVA0000DEMO00001,3,0.0,0.0,0.0,441.67,0.0,54.8,398.07,0.0,61.4,35.7,2506.0,2,P3509
2026-08-15T09:36:33,LSVA0000DEMO00001,3,0.0,0.0,0.0,441.26,0.0,54.7,398.02,0.0,61.4,35.7,2509.0,2,P3509
2026-08-15T09:36:34,LSVA0000DEMO00001,3,0.0,0.0,0.0,441.97,0.0,55.0,397.62,0.0,61.4,35.7,2525.0,2,P3509
2026-08-15T09:36:35,LSVA0000DEMO00001,3,0.0,0.0,0.0,441.32,0.0,54.6,397.6,0.0,61.4,35.4,2491.0,2,P3509
2026-08-15T09:36:36,LSVA0000DEMO00001,3,0.0,0.0,0.0,442.46,0.0,54.6,397.34,0.0,61.4,35.5,2498.0,2,P3509
2026-08-15T09:36:37,LSVA0000DEMO00001,3,0.0,0.0,0.0,440.57,0.0,55.0,398.25,0.0,61.4,35.4,2505.0,2,P3509
2026-08-15T09:36:38,LSVA0000DEMO00001,3,0.0,0.0,0.0,441.71,0.0,55.2,398.25,0.0,61.4,35.7,2486.0,2,P3509
2026-08-15T09:36:39,LSVA0000DEMO00001,3,0.0,0.0,0.0,442.24,0.0,54.8,398.25,0.0,61.4,35.7,2497.0,2,P3509
2026-08-15T09:36:40,LSVA0000DEMO00001,3,0.0,0.0,0.0,442.15,0.0,55.0,398.09,0.0,61.4,35.7,2507.0,2,P3509
2026-08-15T09:36:41,LSVA0000DEMO00001,3,0.0,0.0,0.0,444.15,0.0,54.7,397.36,0.0,61.4,35.6,2495.0,2,P3509
2026-08-15T09:36:42,LSVA0000DEMO00001,3,0.0,0.0,0.0,442.28,0.0,54.4,397.69,0.0,61.4,35.7,2520.0,2,P3509
2026-08-15T09:36:43,LSVA0000DEMO00001,3,0.0,0.0,0.0,441.2,0.0,54.8,398.05,0.0,61.4,35.7,2477.0,2,P3509
2026-08-15T09:36:44,LSVA0000DEMO00001,3,0.0,0.0,0.0,441.92,0.0,54.8,398.04,0.0,61.4,35.5,2517.0,2,P3509
2026-08-15T09:36:45,LSVA0000DEMO00001,3,0.0,0.0,0.0,440.58,0.0,54.6,397.93,0.0,61.4,35.5,2510.0,2,P3509
2026-08-15T09:36:46,LSVA0000DEMO00001,3,0.0,0.0,0.0,441.94,0.0,54.5,398.11,0.0,61.4,35.7,2491.0,2,P3509
2026-08-15T09:36:47,LSVA0000DEMO00001,3,0.0,0.0,0.0,441.33,0.0,54.8,398.0,0.0,61.4,35.9,2486.0,2,P3509
2026-08-15T09:36:48,LSVA0000DEMO00001,3,0.0,0.0,0.0,442.73,0.0,54.4,398.04,0.0,61.4,35.8,2469.0,2,P3509
2026-08-15T09:36:49,LSVA0000DEMO00001,3,0.0,0.0,0.0,441.56,0.0,54.4,397.81,0.0,61.4,35.7,2488.0,2,P3509
2026-08-15T09:36:50,LSVA0000DEMO00001,3,0.0,0.0,0.0,441.91,0.0,54.3,398.29,0.0,61.4,35.6,2516.0,2,P3509
2026-08-15T09:36:51,LSVA0000DEMO00001,3,0.0,0.0,0.0,441.49,0.0,54.5,397.87,0.0,61.4,35.8,2499.0,2,P3509
2026-08-15T09:36:52,LSVA0000DEMO00001,3,0.0,0.0,0.0,443.39,0.0,54.2,397.6,0.0,61.4,35.6,2517.0,2,P3509
2026-08-15T09:36:53,LSVA0000DEMO00001,3,0.0,0.0,0.0,441.74,0.0,54.3,397.77,0.0,61.4,35.6,2491.0,2,P3509
2026-08-15T09:36:54,LSVA0000DEMO00001,3,0.0,0.0,0.0,443.47,0.0,54.3,397.9,0.0,61.4,35.5,2511.0,2,P3509
2026-08-15T09:36:55,LSVA0000DEMO00001,3,0.0,0.0,0.0,442.65,0.0,54.3,398.3,0.0,61.4,35.7,2489.0,2,P3509
2026-08-15T09:36:56,LSVA0000DEMO00001,3,0.0,0.0,0.0,442.39,0.0,54.1,397.99,0.0,61.4,35.6,2486.0,2,P3509
2026-08-15T09:36:57,LSVA0000DEMO00001,3,0.0,0.0,0.0,442.29,0.0,54.4,397.94,0.0,61.4,35.7,2498.0,2,P3509
2026-08-15T09:36:58,LSVA0000DEMO00001,3,0.0,0.0,0.0,442.32,0.0,54.6,397.63,0.0,61.4,35.5,2490.0,2,P3509
2026-08-15T09:36:59,LSVA0000DEMO00001,3,0.0,0.0,0.0,440.46,0.0,54.3,398.24,0.0,61.4,35.7,2477.0,2,P3509
2026-08-15T09:37:00,LSVA0000DEMO00001,3,0.0,0.0,0.0,441.78,0.0,54.6,397.8,0.0,61.4,35.5,2497.0,2,P3509
2026-08-15T09:37:01,LSVA0000DEMO00001,3,0.0,0.0,0.0,442.68,0.0,54.5,397.97,0.0,61.4,35.8,2502.0,2,P3509
2026-08-15T09:37:02,LSVA0000DEMO00001,3,0.0,0.0,0.0,441.96,0.0,54.4,398.44,0.0,61.4,35.8,2519.0,2,P3509
2026-08-15T09:37:03,LSVA0000DEMO00001,3,0.0,0.0,0.0,440.88,0.0,54.2,398.15,0.0,61.4,35.7,2514.0,2,P3509
2026-08-15T09:37:04,LSVA0000DEMO00001,3,0.0,0.0,0.0,441.96,0.0,54.2,397.51,0.0,61.4,35.8,2518.0,2,P3509
2026-08-15T09:37:05,LSVA0000DEMO00001,3,0.0,0.0,0.0,443.36,0.0,54.3,397.47,0.0,61.4,35.6,2511.0,2,P3509
2026-08-15T09:37:06,LSVA0000DEMO00001,3,0.0,0.0,0.0,443.0,0.0,54.0,397.98,0.0,61.4,35.7,2505.0,2,P3509
2026-08-15T09:37:07,LSVA0000DEMO00001,3,0.0,0.0,0.0,441.95,0.0,53.7,397.64,0.0,61.4,35.8,2482.0,2,P3509
2026-08-15T09:37:08,LSVA0000DEMO00001,3,0.0,0.0,0.0,442.76,0.0,54.2,398.19,0.0,61.4,35.4,2502.0,2,P3509
2026-08-15T09:37:09,LSVA0000DEMO00001,3,0.0,0.0,0.0,441.71,0.0,53.8,398.01,0.0,61.4,35.7,2509.0,2,P3509
2026-08-15T09:37:10,LSVA0000DEMO00001,3,0.0,0.0,0.0,440.64,0.0,53.8,398.05,0.0,61.4,35.7,2522.0,2,P3509
2026-08-15T09:37:11,LSVA0000DEMO00001,3,0.0,0.0,0.0,441.26,0.0,54.0,397.79,0.0,61.4,35.7,2510.0,2,P3509
2026-08-15T09:37:12,LSVA0000DEMO00001,3,0.0,0.0,0.0,443.25,0.0,54.0,398.52,0.0,61.4,35.9,2519.0,2,P3509
2026-08-15T09:37:13,LSVA0000DEMO00001,3,0.0,0.0,0.0,441.78,0.0,53.7,398.85,0.0,61.4,35.6,2485.0,2,P3509
2026-08-15T09:37:14,LSVA0000DEMO00001,3,0.0,0.0,0.0,441.81,0.0,54.0,397.92,0.0,61.4,35.7,2495.0,2,P3509
2026-08-15T09:37:15,LSVA0000DEMO00001,3,0.0,0.0,0.0,441.76,0.0,54.1,398.11,0.0,61.4,35.5,2506.0,2,P3509
2026-08-15T09:37:16,LSVA0000DEMO00001,3,0.0,0.0,0.0,443.52,0.0,53.7,398.03,0.0,61.4,35.9,2517.0,2,P3509
2026-08-15T09:37:17,LSVA0000DEMO00001,3,0.0,0.0,0.0,443.3,0.0,54.1,397.92,0.0,61.4,35.7,2498.0,2,P3509
2026-08-15T09:37:18,LSVA0000DEMO00001,3,0.0,0.0,0.0,443.78,0.0,53.5,397.75,0.0,61.4,35.7,2499.0,2,P3509
2026-08-15T09:37:19,LSVA0000DEMO00001,3,0.0,0.0,0.0,441.87,0.0,54.2,397.67,0.0,61.4,35.7,2510.0,2,P3509
2026-08-15T09:37:20,LSVA0000DEMO00001,3,0.0,0.0,0.0,442.24,0.0,53.7,397.66,0.0,61.4,35.8,2483.0,2,P3509
2026-08-15T09:37:21,LSVA0000DEMO00001,3,0.0,0.0,0.0,440.79,0.0,53.8,398.12,0.0,61.4,35.8,2524.0,2,P3509
2026-08-15T09:37:22,LSVA0000DEMO00001,3,0.0,0.0,0.0,443.18,0.0,53.4,397.84,0.0,61.4,36.0,2487.0,2,P3509
2026-08-15T09:37:23,LSVA0000DEMO00001,3,0.0,0.0,0.0,441.07,0.0,53.7,397.23,0.0,61.4,35.8,2471.0,2,P3509
2026-08-15T09:37:24,LSVA0000DEMO00001,3,0.0,0.0,0.0,442.17,0.0,53.7,398.13,0.0,61.4,35.7,2500.0,2,P3509
2026-08-15T09:37:25,LSVA0000DEMO00001,3,0.0,0.0,0.0,441.12,0.0,53.7,397.99,0.0,61.4,35.7,2525.0,2,P3509
2026-08-15T09:37:26,LSVA0000DEMO00001,3,0.0,0.0,0.0,441.53,0.0,53.5,398.4,0.0,61.4,35.7,2509.0,2,P3509
2026-08-15T09:37:27,LSVA0000DEMO00001,3,0.0,0.0,0.0,441.33,0.0,53.4,398.11,0.0,61.4,35.6,2511.0,2,P3509
2026-08-15T09:37:28,LSVA0000DEMO00001,3,0.0,0.0,0.0,441.51,0.0,53.8,397.56,0.0,61.4,35.8,2501.0,2,P3509
2026-08-15T09:37:29,LSVA0000DEMO00001,3,0.0,0.0,0.0,441.57,0.0,53.6,397.33,0.0,61.4,35.8,2498.0,2,P3509
2026-08-15T09:37:30,LSVA0000DEMO00001,3,0.0,0.0,0.0,441.56,0.0,53.9,397.78,0.0,61.4,35.7,2477.0,2,P3509
2026-08-15T09:37:31,LSVA0000DEMO00001,3,0.0,0.0,0.0,442.67,0.0,53.4,397.81,0.0,61.4,35.7,2466.0,2,P3509
2026-08-15T09:37:32,LSVA0000DEMO00001,3,0.0,0.0,0.0,441.12,0.0,53.4,398.28,0.0,61.4,35.9,2503.0,2,P3509
2026-08-15T09:37:33,LSVA0000DEMO00001,3,0.0,0.0,0.0,442.18,0.0,53.7,398.0,0.0,61.4,35.6,2520.0,2,P3509
2026-08-15T09:37:34,LSVA0000DEMO00001,3,0.0,0.0,0.0,442.97,0.0,53.2,398.34,0.0,61.4,35.5,2505.0,2,P3509
2026-08-15T09:37:35,LSVA0000DEMO00001,3,0.0,0.0,0.0,441.59,0.0,53.2,397.6,0.0,61.4,35.6,2509.0,2,P3509
2026-08-15T09:37:36,LSVA0000DEMO00001,3,0.0,0.0,0.0,441.43,0.0,53.6,398.29,0.0,61.4,35.6,2524.0,2,P3509
2026-08-15T09:37:37,LSVA0000DEMO00001,3,0.0,0.0,0.0,441.82,0.0,53.2,398.22,0.0,61.4,35.8,2505.0,2,P3509
2026-08-15T09:37:38,LSVA0000DEMO00001,3,0.0,0.0,0.0,442.94,0.0,53.0,397.39,0.0,61.4,35.7,2498.0,2,P3509
2026-08-15T09:37:39,LSVA0000DEMO00001,3,0.0,0.0,0.0,442.16,0.0,53.7,398.4,0.0,61.4,35.7,2488.0,2,P3509
2026-08-15T09:37:40,LSVA0000DEMO00001,3,0.0,0.0,0.0,441.58,0.0,53.1,398.03,0.0,61.4,35.9,2530.0,2,P3509
2026-08-15T09:37:41,LSVA0000DEMO00001,3,0.0,0.0,0.0,442.39,0.0,53.4,398.12,0.0,61.4,35.7,2508.0,2,P3509
2026-08-15T09:37:42,LSVA0000DEMO00001,3,0.0,0.0,0.0,441.12,0.0,53.3,397.74,0.0,61.4,35.8,2486.0,2,P3509
2026-08-15T09:37:43,LSVA0000DEMO00001,3,0.0,0.0,0.0,442.55,0.0,52.7,398.38,0.0,61.4,35.9,2482.0,2,P3509
2026-08-15T09:37:44,LSVA0000DEMO00001,3,0.0,0.0,0.0,442.33,0.0,53.2,397.64,0.0,61.4,35.7,2519.0,2,P3509
2026-08-15T09:37:45,LSVA0000DEMO00001,3,0.0,0.0,0.0,441.75,0.0,53.3,398.25,0.0,61.4,35.8,2484.0,2,P3509
2026-08-15T09:37:46,LSVA0000DEMO00001,3,0.0,0.0,0.0,441.33,0.0,53.3,398.25,0.0,61.4,35.8,2528.0,2,P3509
2026-08-15T09:37:47,LSVA0000DEMO00001,3,0.0,0.0,0.0,441.29,0.0,53.4,397.71,0.0,61.4,35.9,2459.0,2,P3509
2026-08-15T09:37:48,LSVA0000DEMO00001,3,0.0,0.0,0.0,442.43,0.0,53.1,398.6,0.0,61.4,35.6,2521.0,2,P3509
2026-08-15T09:37:49,LSVA0000DEMO00001,3,0.0,0.0,0.0,442.98,0.0,53.3,398.07,0.0,61.4,35.6,2507.0,2,P3509
2026-08-15T09:37:50,LSVA0000DEMO00001,3,0.0,0.0,0.0,441.49,0.0,53.0,398.2,0.0,61.4,35.7,2502.0,2,P3509
2026-08-15T09:37:51,LSVA0000DEMO00001,3,0.0,0.0,0.0,442.37,0.0,52.8,397.54,0.0,61.4,35.7,2497.0,2,P3509
2026-08-15T09:37:52,LSVA0000DEMO00001,3,0.0,0.0,0.0,440.33,0.0,52.8,398.64,0.0,61.4,35.7,2528.0,2,P3509
2026-08-15T09:37:53,LSVA0000DEMO00001,3,0.0,0.0,0.0,441.53,0.0,52.8,397.63,0.0,61.4,35.8,2511.0,2,P3509
2026-08-15T09:37:54,LSVA0000DEMO00001,3,0.0,0.0,0.0,441.98,0.0,53.2,398.31,0.0,61.4,35.9,2486.0,2,P3509
2026-08-15T09:37:55,LSVA0000DEMO00001,3,0.0,0.0,0.0,441.27,0.0,52.7,397.7,0.0,61.4,35.8,2474.0,2,P3509
2026-08-15T09:37:56,LSVA0000DEMO00001,3,0.0,0.0,0.0,441.25,0.0,53.0,397.81,0.0,61.4,35.7,2503.0,2,P3509
2026-08-15T09:37:57,LSVA0000DEMO00001,3,0.0,0.0,0.0,441.47,0.0,52.9,398.24,0.0,61.4,35.8,2500.0,2,P3509
2026-08-15T09:37:58,LSVA0000DEMO00001,3,0.0,0.0,0.0,442.23,0.0,52.9,398.31,0.0,61.4,35.7,2477.0,2,P3509
2026-08-15T09:37:59,LSVA0000DEMO00001,3,0.0,0.0,0.0,441.85,0.0,53.2,397.62,0.0,61.4,35.7,2499.0,2,P3509
2026-08-15T09:38:00,LSVA0000DEMO00001,3,0.0,0.0,0.0,440.21,0.0,52.8,398.33,0.0,61.4,35.6,2491.0,2,P3509
2026-08-15T09:38:01,LSVA0000DEMO00001,3,0.0,0.0,0.0,440.3,0.0,53.0,398.31,0.0,61.4,35.8,2500.0,2,P3509
2026-08-15T09:38:02,LSVA0000DEMO00001,3,0.0,0.0,0.0,441.51,0.0,52.9,397.72,0.0,61.4,35.7,2511.0,2,P3509
2026-08-15T09:38:03,LSVA0000DEMO00001,3,0.0,0.0,0.0,442.37,0.0,52.8,398.48,0.0,61.4,35.9,2522.0,2,P3509
2026-08-15T09:38:04,LSVA0000DEMO00001,3,0.0,0.0,0.0,439.8,0.0,53.3,397.56,0.0,61.4,35.7,2514.0,2,P3509
2026-08-15T09:38:05,LSVA0000DEMO00001,3,0.0,0.0,0.0,441.6,0.0,52.5,397.81,0.0,61.4,35.8,2489.0,2,P3509
2026-08-15T09:38:06,LSVA0000DEMO00001,3,0.0,0.0,0.0,441.58,0.0,53.0,398.14,0.0,61.4,36.0,2506.0,2,P3509
2026-08-15T09:38:07,LSVA0000DEMO00001,3,0.0,0.0,0.0,443.11,0.0,52.9,397.74,0.0,61.4,35.7,2501.0,2,P3509
2026-08-15T09:38:08,LSVA0000DEMO00001,3,0.0,0.0,0.0,441.69,0.0,52.6,398.08,0.0,61.4,35.8,2480.0,2,P3509
2026-08-15T09:38:09,LSVA0000DEMO00001,3,0.0,0.0,0.0,442.31,0.0,53.0,398.07,0.0,61.4,35.7,2506.0,2,P3509
2026-08-15T09:38:10,LSVA0000DEMO00001,3,0.0,0.0,0.0,442.11,0.0,52.3,397.94,0.0,61.4,35.7,2528.0,2,P3509
2026-08-15T09:38:11,LSVA0000DEMO00001,3,0.0,0.0,0.0,440.3,0.0,52.5,398.25,0.0,61.4,36.0,2500.0,2,P3509
2026-08-15T09:38:12,LSVA0000DEMO00001,3,0.0,0.0,0.0,442.61,0.0,52.4,397.93,0.0,61.4,35.8,2476.0,2,P3509
2026-08-15T09:38:13,LSVA0000DEMO00001,3,0.0,0.0,0.0,442.17,0.0,52.7,398.07,0.0,61.4,35.8,2500.0,2,P3509
2026-08-15T09:38:14,LSVA0000DEMO00001,3,0.0,0.0,0.0,442.41,0.0,52.4,398.34,0.0,61.4,35.7,2482.0,2,P3509
2026-08-15T09:38:15,LSVA0000DEMO00001,3,0.0,0.0,0.0,445.14,0.0,52.7,398.24,0.0,61.4,35.9,2513.0,2,P3509
2026-08-15T09:38:16,LSVA0000DEMO00001,3,0.0,0.0,0.0,440.33,0.0,52.5,398.24,0.0,61.4,35.9,2508.0,2,P3509
2026-08-15T09:38:17,LSVA0000DEMO00001,3,0.0,0.0,0.0,443.38,0.0,52.4,397.66,0.0,61.4,35.9,2497.0,2,P3509
2026-08-15T09:38:18,LSVA0000DEMO00001,3,0.0,0.0,0.0,441.77,0.0,52.6,398.16,0.0,61.4,35.9,2495.0,2,P3509
2026-08-15T09:38:19,LSVA0000DEMO00001,3,0.0,0.0,0.0,442.23,0.0,52.4,397.74,0.0,61.4,35.7,2497.0,2,P3509
2026-08-15T09:38:20,LSVA0000DEMO00001,3,0.0,0.0,0.0,441.96,0.0,52.2,397.62,0.0,61.4,35.9,2500.0,2,P3509
2026-08-15T09:38:21,LSVA0000DEMO00001,3,0.0,0.0,0.0,441.66,0.0,53.0,397.98,0.0,61.4,35.9,2488.0,2,P3509
2026-08-15T09:38:22,LSVA0000DEMO00001,3,0.0,0.0,0.0,441.54,0.0,52.3,397.73,0.0,61.4,35.7,2479.0,2,P3509
2026-08-15T09:38:23,LSVA0000DEMO00001,3,0.0,0.0,0.0,442.26,0.0,51.9,398.24,0.0,61.4,35.7,2517.0,2,P3509
2026-08-15T09:38:24,LSVA0000DEMO00001,3,0.0,0.0,0.0,440.79,0.0,52.2,398.24,0.0,61.4,35.9,2494.0,2,P3509
2026-08-15T09:38:25,LSVA0000DEMO00001,3,0.0,0.0,0.0,442.6,0.0,52.1,397.43,0.0,61.4,35.9,2503.0,2,P3509
2026-08-15T09:38:26,LSVA0000DEMO00001,3,0.0,0.0,0.0,441.67,0.0,52.5,397.75,0.0,61.4,35.7,2504.0,2,P3509
2026-08-15T09:38:27,LSVA0000DEMO00001,3,0.0,0.0,0.0,441.1,0.0,52.4,397.56,0.0,61.4,35.9,2505.0,2,P3509
2026-08-15T09:38:28,LSVA0000DEMO00001,3,0.0,0.0,0.0,441.64,0.0,52.4,397.86,0.0,61.4,35.9,2482.0,2,P3509
2026-08-15T09:38:29,LSVA0000DEMO00001,3,0.0,0.0,0.0,443.01,0.0,52.2,398.14,0.0,61.4,35.9,2475.0,2,P3509
2026-08-15T09:38:30,LSVA0000DEMO00001,3,0.0,0.0,0.0,441.57,0.0,52.2,397.93,0.0,61.4,35.8,2491.0,2,P3509
2026-08-15T09:38:31,LSVA0000DEMO00001,3,0.0,0.0,0.0,442.29,0.0,52.1,397.82,0.0,61.4,35.9,2506.0,2,P3509
2026-08-15T09:38:32,LSVA0000DEMO00001,3,0.0,0.0,0.0,441.42,0.0,52.2,398.39,0.0,61.4,35.9,2489.0,2,P3509
2026-08-15T09:38:33,LSVA0000DEMO00001,3,0.0,0.0,0.0,442.61,0.0,52.3,397.31,0.0,61.4,35.8,2495.0,2,P3509
2026-08-15T09:38:34,LSVA0000DEMO00001,3,0.0,0.0,0.0,442.55,0.0,52.2,398.37,0.0,61.4,35.9,2532.0,2,P3509
2026-08-15T09:38:35,LSVA0000DEMO00001,3,0.0,0.0,0.0,443.48,0.0,52.2,397.84,0.0,61.4,35.8,2472.0,2,P3509
2026-08-15T09:38:36,LSVA0000DEMO00001,3,0.0,0.0,0.0,441.86,0.0,52.2,397.98,0.0,61.4,36.0,2489.0,2,P3509
2026-08-15T09:38:37,LSVA0000DEMO00001,3,0.0,0.0,0.0,442.53,0.0,52.3,397.84,0.0,61.4,35.8,2528.0,2,P3509
2026-08-15T09:38:38,LSVA0000DEMO00001,3,0.0,0.0,0.0,442.08,0.0,52.1,398.46,0.0,61.4,35.8,2499.0,2,P3509
2026-08-15T09:38:39,LSVA0000DEMO00001,3,0.0,0.0,0.0,443.04,0.0,52.1,397.63,0.0,61.4,35.8,2489.0,2,P3509
2026-08-15T09:38:40,LSVA0000DEMO00001,3,0.0,0.0,0.0,441.42,0.0,52.3,398.0,0.0,61.4,35.9,2518.0,2,P3509
2026-08-15T09:38:41,LSVA0000DEMO00001,3,0.0,0.0,0.0,442.6,0.0,51.9,398.16,0.0,61.4,35.9,2501.0,2,P3509
2026-08-15T09:38:42,LSVA0000DEMO00001,3,0.0,0.0,0.0,441.84,0.0,51.8,397.52,0.0,61.4,35.7,2495.0,2,P3509
2026-08-15T09:38:43,LSVA0000DEMO00001,3,0.0,0.0,0.0,441.95,0.0,51.7,397.72,0.0,61.4,36.1,2503.0,2,P3509
2026-08-15T09:38:44,LSVA0000DEMO00001,3,0.0,0.0,0.0,442.07,0.0,52.0,397.96,0.0,61.4,35.9,2490.0,2,P3509
2026-08-15T09:38:45,LSVA0000DEMO00001,3,0.0,0.0,0.0,442.2,0.0,51.6,397.73,0.0,61.4,35.9,2485.0,2,P3509
2026-08-15T09:38:46,LSVA0000DEMO00001,3,0.0,0.0,0.0,441.91,0.0,52.0,397.76,0.0,61.4,35.9,2498.0,2,P3509
2026-08-15T09:38:47,LSVA0000DEMO00001,3,0.0,0.0,0.0,442.17,0.0,51.9,397.9,0.0,61.4,35.9,2485.0,2,P3509
2026-08-15T09:38:48,LSVA0000DEMO00001,3,0.0,0.0,0.0,443.26,0.0,52.1,398.19,0.0,61.4,35.9,2500.0,2,P3509
2026-08-15T09:38:49,LSVA0000DEMO00001,3,0.0,0.0,0.0,442.79,0.0,51.7,397.9,0.0,61.4,36.0,2505.0,2,P3509
2026-08-15T09:38:50,LSVA0000DEMO00001,3,0.0,0.0,0.0,442.7,0.0,51.8,398.32,0.0,61.4,35.9,2513.0,2,P3509
2026-08-15T09:38:51,LSVA0000DEMO00001,3,0.0,0.0,0.0,441.64,0.0,52.0,397.7,0.0,61.4,36.0,2517.0,2,P3509
2026-08-15T09:38:52,LSVA0000DEMO00001,3,0.0,0.0,0.0,441.29,0.0,52.1,397.62,0.0,61.4,35.8,2494.0,2,P3509
2026-08-15T09:38:53,LSVA0000DEMO00001,3,0.0,0.0,0.0,442.76,0.0,51.6,398.58,0.0,61.4,35.9,2507.0,2,P3509
2026-08-15T09:38:54,LSVA0000DEMO00001,3,0.0,0.0,0.0,442.7,0.0,51.8,397.8,0.0,61.4,35.8,2507.0,2,P3509
2026-08-15T09:38:55,LSVA0000DEMO00001,3,0.0,0.0,0.0,443.18,0.0,51.8,397.61,0.0,61.4,36.0,2505.0,2,P3509
2026-08-15T09:38:56,LSVA0000DEMO00001,3,0.0,0.0,0.0,441.52,0.0,51.8,397.48,0.0,61.4,35.8,2493.0,2,P3509
2026-08-15T09:38:57,LSVA0000DEMO00001,3,0.0,0.0,0.0,441.82,0.0,51.6,398.32,0.0,61.4,35.9,2485.0,2,P3509
2026-08-15T09:38:58,LSVA0000DEMO00001,3,0.0,0.0,0.0,440.69,0.0,51.9,397.9,0.0,61.4,35.9,2508.0,2,P3509
2026-08-15T09:38:59,LSVA0000DEMO00001,3,0.0,0.0,0.0,441.69,0.0,51.3,397.92,0.0,61.4,35.9,2474.0,2,P3509
2026-08-15T09:39:00,LSVA0000DEMO00001,3,0.0,0.0,0.0,442.8,0.0,51.5,397.95,0.0,61.4,36.0,2496.0,2,P3509
2026-08-15T09:39:01,LSVA0000DEMO00001,3,0.0,0.0,0.0,441.63,0.0,51.7,398.3,0.0,61.4,35.9,2462.0,2,P3509
2026-08-15T09:39:02,LSVA0000DEMO00001,3,0.0,0.0,0.0,442.51,0.0,51.7,397.95,0.0,61.4,36.0,2480.0,2,P3509
2026-08-15T09:39:03,LSVA0000DEMO00001,3,0.0,0.0,0.0,441.85,0.0,51.8,398.7,0.0,61.4,35.8,2487.0,2,P3509
2026-08-15T09:39:04,LSVA0000DEMO00001,3,0.0,0.0,0.0,442.26,0.0,51.8,398.04,0.0,61.4,35.9,2516.0,2,P3509
2026-08-15T09:39:05,LSVA0000DEMO00001,3,0.0,0.0,0.0,441.08,0.0,51.4,398.32,0.0,61.4,35.8,2510.0,2,P3509
2026-08-15T09:39:06,LSVA0000DEMO00001,3,0.0,0.0,0.0,442.07,0.0,51.7,398.24,0.0,61.4,36.0,2492.0,2,P3509
2026-08-15T09:39:07,LSVA0000DEMO00001,3,0.0,0.0,0.0,439.61,0.0,51.3,397.99,0.0,61.4,35.9,2511.0,2,P3509
2026-08-15T09:39:08,LSVA0000DEMO00001,3,0.0,0.0,0.0,441.85,0.0,51.6,397.82,0.0,61.4,35.9,2513.0,2,P3509
2026-08-15T09:39:09,LSVA0000DEMO00001,3,0.0,0.0,0.0,440.7,0.0,51.8,398.1,0.0,61.4,36.0,2498.0,2,P3509
2026-08-15T09:39:10,LSVA0000DEMO00001,3,0.0,0.0,0.0,442.96,0.0,51.6,398.15,0.0,61.4,35.9,2479.0,2,P3509
2026-08-15T09:39:11,LSVA0000DEMO00001,3,0.0,0.0,0.0,442.62,0.0,51.4,397.83,0.0,61.4,36.0,2497.0,2,P3509
2026-08-15T09:39:12,LSVA0000DEMO00001,3,0.0,0.0,0.0,442.37,0.0,51.3,398.05,0.0,61.4,35.8,2499.0,2,P3509
2026-08-15T09:39:13,LSVA0000DEMO00001,3,0.0,0.0,0.0,443.22,0.0,51.0,398.37,0.0,61.4,35.9,2482.0,2,P3509
2026-08-15T09:39:14,LSVA0000DEMO00001,3,0.0,0.0,0.0,441.24,0.0,51.4,398.62,0.0,61.4,35.8,2506.0,2,P3509
2026-08-15T09:39:15,LSVA0000DEMO00001,3,0.0,0.0,0.0,443.4,0.0,51.1,398.26,0.0,61.4,35.9,2504.0,2,P3509
2026-08-15T09:39:16,LSVA0000DEMO00001,3,0.0,0.0,0.0,442.75,0.0,51.1,398.56,0.0,61.4,35.9,2507.0,2,P3509
2026-08-15T09:39:17,LSVA0000DEMO00001,3,0.0,0.0,0.0,441.81,0.0,51.0,397.81,0.0,61.4,36.1,2504.0,2,P3509
2026-08-15T09:39:18,LSVA0000DEMO00001,3,0.0,0.0,0.0,442.91,0.0,51.1,398.21,0.0,61.4,35.9,2511.0,2,P3509
2026-08-15T09:39:19,LSVA0000DEMO00001,3,0.0,0.0,0.0,441.11,0.0,51.2,398.4,0.0,61.4,36.1,2497.0,2,P3509
2026-08-15T09:39:20,LSVA0000DEMO00001,3,0.0,0.0,0.0,441.34,0.0,51.3,397.73,0.0,61.4,36.0,2503.0,2,P3509
2026-08-15T09:39:21,LSVA0000DEMO00001,3,0.0,0.0,0.0,441.51,0.0,51.1,397.85,0.0,61.4,35.9,2494.0,2,P3509
2026-08-15T09:39:22,LSVA0000DEMO00001,3,0.0,0.0,0.0,441.58,0.0,51.4,398.52,0.0,61.4,36.1,2491.0,2,P3509
2026-08-15T09:39:23,LSVA0000DEMO00001,3,0.0,0.0,0.0,441.15,0.0,51.1,397.71,0.0,61.4,36.0,2520.0,2,P3509
2026-08-15T09:39:24,LSVA0000DEMO00001,3,0.0,0.0,0.0,442.98,0.0,51.0,397.6,0.0,61.4,35.9,2469.0,2,P3509
2026-08-15T09:39:25,LSVA0000DEMO00001,3,0.0,0.0,0.0,441.79,0.0,51.1,398.46,0.0,61.4,36.0,2513.0,2,P3509
2026-08-15T09:39:26,LSVA0000DEMO00001,3,0.0,0.0,0.0,442.28,0.0,51.5,398.36,0.0,61.4,35.9,2491.0,2,P3509
2026-08-15T09:39:27,LSVA0000DEMO00001,3,0.0,0.0,0.0,441.54,0.0,51.1,398.13,0.0,61.4,35.7,2489.0,2,P3509
2026-08-15T09:39:28,LSVA0000DEMO00001,3,0.0,0.0,0.0,440.54,0.0,51.0,397.99,0.0,61.4,36.0,2504.0,2,P3509
2026-08-15T09:39:29,LSVA0000DEMO00001,3,0.0,0.0,0.0,442.22,0.0,50.7,397.87,0.0,61.4,36.1,2478.0,2,P3509
2026-08-15T09:39:30,LSVA0000DEMO00001,3,0.0,0.0,0.0,440.47,0.0,51.0,398.08,0.0,61.4,36.1,2488.0,2,P3509
2026-08-15T09:39:31,LSVA0000DEMO00001,3,0.0,0.0,0.0,441.95,0.0,51.0,398.47,0.0,61.4,36.0,2487.0,2,P3509
2026-08-15T09:39:32,LSVA0000DEMO00001,3,0.0,0.0,0.0,440.91,0.0,50.9,398.07,0.0,61.4,35.9,2497.0,2,P3509
2026-08-15T09:39:33,LSVA0000DEMO00001,3,0.0,0.0,0.0,443.59,0.0,50.6,398.65,0.0,61.4,36.0,2488.0,2,P3509
2026-08-15T09:39:34,LSVA0000DEMO00001,3,0.0,0.0,0.0,442.73,0.0,50.7,397.73,0.0,61.4,36.0,2524.0,2,P3509
2026-08-15T09:39:35,LSVA0000DEMO00001,3,0.0,0.0,0.0,442.08,0.0,51.2,397.99,0.0,61.4,36.1,2527.0,2,P3509
2026-08-15T09:39:36,LSVA0000DEMO00001,3,0.0,0.0,0.0,443.01,0.0,51.2,397.89,0.0,61.4,36.0,2470.0,2,P3509
2026-08-15T09:39:37,LSVA0000DEMO00001,3,0.0,0.0,0.0,441.32,0.0,50.7,397.67,0.0,61.4,35.9,2508.0,2,P3509
2026-08-15T09:39:38,LSVA0000DEMO00001,3,0.0,0.0,0.0,442.43,0.0,51.0,397.95,0.0,61.4,35.9,2513.0,2,P3509
2026-08-15T09:39:39,LSVA0000DEMO00001,3,0.0,0.0,0.0,442.16,0.0,50.6,398.13,0.0,61.4,36.0,2508.0,2,P3509
2026-08-15T09:39:40,LSVA0000DEMO00001,3,0.0,0.0,0.0,442.21,0.0,51.1,398.16,0.0,61.4,35.8,2490.0,2,P3509
2026-08-15T09:39:41,LSVA0000DEMO00001,3,0.0,0.0,0.0,443.02,0.0,50.8,398.65,0.0,61.4,36.0,2496.0,2,P3509
2026-08-15T09:39:42,LSVA0000DEMO00001,3,0.0,0.0,0.0,442.59,0.0,51.0,398.14,0.0,61.4,36.0,2489.0,2,P3509
2026-08-15T09:39:43,LSVA0000DEMO00001,3,0.0,0.0,0.0,442.23,0.0,50.4,398.35,0.0,61.4,36.0,2494.0,2,P3509
2026-08-15T09:39:44,LSVA0000DEMO00001,3,0.0,0.0,0.0,440.68,0.0,50.9,398.02,0.0,61.4,36.0,2482.0,2,P3509
2026-08-15T09:39:45,LSVA0000DEMO00001,3,0.0,0.0,0.0,441.23,0.0,50.7,398.5,0.0,61.4,36.1,2498.0,2,P3509
2026-08-15T09:39:46,LSVA0000DEMO00001,3,0.0,0.0,0.0,441.9,0.0,50.9,398.72,0.0,61.4,36.1,2477.0,2,P3509
2026-08-15T09:39:47,LSVA0000DEMO00001,3,0.0,0.0,0.0,442.07,0.0,50.8,398.16,0.0,61.4,35.9,2497.0,2,P3509
2026-08-15T09:39:48,LSVA0000DEMO00001,3,0.0,0.0,0.0,441.1,0.0,50.7,397.7,0.0,61.4,35.9,2481.0,2,P3509
2026-08-15T09:39:49,LSVA0000DEMO00001,3,0.0,0.0,0.0,443.93,0.0,50.5,397.84,0.0,61.4,35.9,2503.0,2,P3509
2026-08-15T09:39:50,LSVA0000DEMO00001,3,0.0,0.0,0.0,443.21,0.0,50.8,398.08,0.0,61.4,36.0,2490.0,2,P3509
2026-08-15T09:39:51,LSVA0000DEMO00001,3,0.0,0.0,0.0,442.48,0.0,50.6,398.14,0.0,61.4,35.9,2504.0,2,P3509
2026-08-15T09:39:52,LSVA0000DEMO00001,3,0.0,0.0,0.0,442.06,0.0,50.4,398.21,0.0,61.4,36.1,2516.0,2,P3509
2026-08-15T09:39:53,LSVA0000DEMO00001,3,0.0,0.0,0.0,441.83,0.0,50.4,398.14,0.0,61.4,36.1,2524.0,2,P3509
2026-08-15T09:39:54,LSVA0000DEMO00001,3,0.0,0.0,0.0,441.24,0.0,50.2,398.0,0.0,61.4,35.9,2462.0,2,P3509
2026-08-15T09:39:55,LSVA0000DEMO00001,3,0.0,0.0,0.0,442.06,0.0,50.4,397.81,0.0,61.4,36.0,2487.0,2,P3509
2026-08-15T09:39:56,LSVA0000DEMO00001,3,0.0,0.0,0.0,442.21,0.0,50.7,398.12,0.0,61.4,36.0,2495.0,2,P3509
2026-08-15T09:39:57,LSVA0000DEMO00001,3,0.0,0.0,0.0,441.01,0.0,50.5,398.56,0.0,61.4,36.1,2507.0,2,P3509
2026-08-15T09:39:58,LSVA0000DEMO00001,3,0.0,0.0,0.0,442.27,0.0,50.3,398.31,0.0,61.4,36.2,2475.0,2,P3509
2026-08-15T09:39:59,LSVA0000DEMO00001,3,0.0,0.0,0.0,441.88,0.0,50.6,398.16,0.0,61.4,35.8,2485.0,2,P3509
