timestamp,vin,charge_status,ac_input_voltage,ac_input_current,obc_charge_power_kw,obc_output_voltage,obc_output_current,obc_temperature,pack_voltage,pack_current,soc,cell_temp_max,insulation_resistance,alarm_level,dtc_active
2026-08-16T14:00:00,LSVA0000DEMO00002,dc_charging,0,0,0,0,0,35.0,405.0,-110.0,55.0,34.0,3000.0,0,
2026-08-16T14:00:01,LSVA0000DEMO00002,dc_charging,0,0,0,0,0,35.0,405.06,-109.81,55.02,34.0,3004.8,0,
2026-08-16T14:00:02,LSVA0000DEMO00002,dc_charging,0,0,0,0,0,35.0,404.96,-109.66,55.04,34.1,3005.4,0,
2026-08-16T14:00:03,LSVA0000DEMO00002,dc_charging,0,0,0,0,0,35.0,404.88,-109.6,55.06,34.1,3005.8,0,
2026-08-16T14:00:04,LSVA0000DEMO00002,dc_charging,0,0,0,0,0,35.0,404.85,-109.64,55.09,34.0,3005.7,0,
2026-08-16T14:00:05,LSVA0000DEMO00002,dc_charging,0,0,0,0,0,35.0,404.89,-109.76,55.11,34.0,3005.2,0,
2026-08-16T14:00:06,LSVA0000DEMO00002,dc_charging,0,0,0,0,0,35.0,404.98,-109.94,55.13,34.0,3004.3,0,
2026-08-16T14:00:07,LSVA0000DEMO00002,dc_charging,0,0,0,0,0,35.0,405.08,-110.14,55.15,34.1,3003.0,0,
2026-08-16T14:00:08,LSVA0000DEMO00002,dc_charging,0,0,0,0,0,35.0,405.14,-110.3,55.17,34.1,3001.3,0,
2026-08-16T14:00:09,LSVA0000DEMO00002,dc_charging,0,0,0,0,0,35.0,405.13,-110.39,55.2,34.1,2999.3,0,
2026-08-16T14:00:10,LSVA0000DEMO00002,dc_charging,0,0,0,0,0,35.0,405.06,-110.38,55.22,34.1,2997.1,0,
2026-08-16T14:00:11,LSVA0000DEMO00002,dc_charging,0,0,0,0,0,35.0,404.95,-110.28,55.24,34.1,2994.8,0,
2026-08-16T14:00:12,LSVA0000DEMO00002,dc_charging,0,0,0,0,0,35.0,404.87,-110.11,55.26,34.1,2992.4,0,
2026-08-16T14:00:13,LSVA0000DEMO00002,dc_charging,0,0,0,0,0,35.0,404.84,-109.91,55.28,34.1,2990.0,0,
2026-08-16T14:00:14,LSVA0000DEMO00002,dc_charging,0,0,0,0,0,35.0,404.89,-109.74,55.3,34.1,2987.8,0,
2026-08-16T14:00:15,LSVA0000DEMO00002,dc_charging,0,0,0,0,0,35.0,404.98,-109.62,55.33,34.1,2985.9,0,
2026-08-16T14:00:16,LSVA0000DEMO00002,dc_charging,0,0,0,0,0,35.1,405.08,-109.6,55.35,34.1,2984.2,0,
2026-08-16T14:00:17,LSVA0000DEMO00002,dc_charging,0,0,0,0,0,35.1,405.14,-109.68,55.37,34.1,2982.9,0,
2026-08-16T14:00:18,LSVA0000DEMO00002,dc_charging,0,0,0,0,0,35.1,405.13,-109.84,55.39,34.1,2982.0,0,
2026-08-16T14:00:19,LSVA0000DEMO00002,dc_charging,0,0,0,0,0,35.1,405.05,-110.03,55.41,34.1,2981.5,0,
2026-08-16T14:00:20,LSVA0000DEMO00002,dc_charging,0,0,0,0,0,35.1,404.95,-110.22,55.43,34.1,2981.5,0,
2026-08-16T14:00:21,LSVA0000DEMO00002,dc_charging,0,0,0,0,0,35.1,404.86,-110.35,55.45,34.1,2981.8,0,
2026-08-16T14:00:22,LSVA0000DEMO00002,dc_charging,0,0,0,0,0,35.1,404.84,-110.4,55.48,34.2,2982.5,0,
2026-08-16T14:00:23,LSVA0000DEMO00002,dc_charging,0,0,0,0,0,35.1,404.89,-110.35,55.5,34.2,2983.4,0,
2026-08-16T14:00:24,LSVA0000DEMO00002,dc_charging,0,0,0,0,0,35.1,404.98,-110.21,55.52,34.2,2984.6,0,
2026-08-16T14:00:25,LSVA0000DEMO00002,dc_charging,0,0,0,0,0,35.1,405.08,-110.03,55.54,34.1,2985.8,0,
2026-08-16T14:00:26,LSVA0000DEMO00002,dc_charging,0,0,0,0,0,35.1,405.13,-109.83,55.56,34.1,2987.1,0,
2026-08-16T14:00:27,LSVA0000DEMO00002,dc_charging,0,0,0,0,0,35.1,405.12,-109.68,55.59,34.1,2988.3,0,
2026-08-16T14:00:28,LSVA0000DEMO00002,dc_charging,0,0,0,0,0,35.1,405.04,-109.6,55.61,34.2,2989.3,0,
2026-08-16T14:00:29,LSVA0000DEMO00002,dc_charging,0,0,0,0,0,35.1,404.94,-109.63,55.63,34.2,2990.1,0,
2026-08-16T14:00:30,LSVA0000DEMO00002,dc_charging,0,0,0,0,0,35.1,404.86,-109.74,55.65,34.2,2990.5,0,
2026-08-16T14:00:31,LSVA0000DEMO00002,dc_charging,0,0,0,0,0,35.1,404.84,-109.92,55.67,34.2,2990.6,0,
2026-08-16T14:00:32,LSVA0000DEMO00002,dc_charging,0,0,0,0,0,35.1,404.88,-110.12,55.69,34.2,2990.2,0,
2026-08-16T14:00:33,LSVA0000DEMO00002,dc_charging,0,0,0,0,0,35.1,404.98,-110.28,55.72,34.2,2989.4,0,
2026-08-16T14:00:34,LSVA0000DEMO00002,dc_charging,0,0,0,0,0,35.1,405.08,-110.38,55.74,34.2,2988.3,0,
2026-08-16T14:00:35,LSVA0000DEMO00002,dc_charging,0,0,0,0,0,35.1,405.13,-110.39,55.76,34.2,2986.7,0,
2026-08-16T14:00:36,LSVA0000DEMO00002,dc_charging,0,0,0,0,0,35.1,405.12,-110.3,55.78,34.3,2984.8,0,
2026-08-16T14:00:37,LSVA0000DEMO00002,dc_charging,0,0,0,0,0,35.1,405.04,-110.14,55.8,34.3,2982.7,0,
2026-08-16T14:00:38,LSVA0000DEMO00002,dc_charging,0,0,0,0,0,35.1,404.93,-109.94,55.82,34.3,2980.4,0,
2026-08-16T14:00:39,LSVA0000DEMO00002,dc_charging,0,0,0,0,0,35.1,404.85,-109.76,55.84,34.2,2978.0,0,
2026-08-16T14:00:40,LSVA0000DEMO00002,dc_charging,0,0,0,0,0,35.1,404.83,-109.63,55.87,34.2,2975.6,0,
2026-08-16T14:00:41,LSVA0000DEMO00002,dc_charging,0,0,0,0,0,35.1,404.88,-109.6,55.89,34.3,2973.4,0,
2026-08-16T14:00:42,LSVA0000DEMO00002,dc_charging,0,0,0,0,0,35.1,404.98,-109.67,55.91,34.3,2971.3,0,
2026-08-16T14:00:43,LSVA0000DEMO00002,dc_charging,0,0,0,0,0,35.1,405.07,-109.81,55.93,34.3,2969.5,0,
2026-08-16T14:00:44,LSVA0000DEMO00002,dc_charging,0,0,0,0,0,35.1,405.13,-110.0,55.95,34.3,2968.1,0,
2026-08-16T14:00:45,LSVA0000DEMO00002,dc_charging,0,0,0,0,0,35.1,405.11,-110.19,55.98,34.3,2967.1,0,
2026-08-16T14:00:46,LSVA0000DEMO00002,dc_charging,0,0,0,0,0,35.1,405.03,-110.34,56.0,34.3,2966.5,0,
2026-08-16T14:00:47,LSVA0000DEMO00002,dc_charging,0,0,0,0,0,35.1,404.93,-110.4,56.02,34.3,2966.3,0,
2026-08-16T14:00:48,LSVA0000DEMO00002,dc_charging,0,0,0,0,0,35.1,404.85,-110.36,56.04,34.3,2966.5,0,
2026-08-16T14:00:49,LSVA0000DEMO00002,dc_charging,0,0,0,0,0,35.2,404.83,-110.24,56.06,34.3,2967.1,0,
2026-08-16T14:00:50,LSVA0000DEMO00002,dc_charging,0,0,0,0,0,35.2,404.88,-110.05,56.08,34.4,2967.9,0,
2026-08-16T14:00:51,LSVA0000DEMO00002,dc_charging,0,0,0,0,0,35.2,404.98,-109.86,56.1,34.4,2969.0,0,
2026-08-16T14:00:52,LSVA0000DEMO00002,dc_charging,0,0,0,0,0,35.2,405.07,-109.69,56.13,34.4,2970.3,0,
2026-08-16T14:00:53,LSVA0000DEMO00002,dc_charging,0,0,0,0,0,35.2,405.12,-109.61,56.15,34.4,2971.5,0,
2026-08-16T14:00:54,LSVA0000DEMO00002,dc_charging,0,0,0,0,0,35.2,405.1,-109.62,56.17,34.3,2972.8,0,
2026-08-16T14:00:55,LSVA0000DEMO00002,dc_charging,0,0,0,0,0,35.2,405.02,-109.72,56.19,34.4,2973.9,0,
2026-08-16T14:00:56,LSVA0000DEMO00002,dc_charging,0,0,0,0,0,35.2,404.92,-109.89,56.21,34.4,2974.7,0,
2026-08-16T14:00:57,LSVA0000DEMO00002,dc_charging,0,0,0,0,0,35.2,404.84,-110.09,56.23,34.4,2975.2,0,
2026-08-16T14:00:58,LSVA0000DEMO00002,dc_charging,0,0,0,0,0,35.2,404.83,-110.27,56.26,34.4,2975.4,0,
2026-08-16T14:00:59,LSVA0000DEMO00002,dc_charging,0,0,0,0,0,35.2,404.88,-110.38,56.28,34.4,2975.2,0,
2026-08-16T14:01:00,LSVA0000DEMO00002,dc_charging,0,0,0,0,0,35.2,404.97,-110.4,56.3,34.4,2974.6,0,
2026-08-16T14:01:01,LSVA0000DEMO00002,dc_charging,0,0,0,0,0,35.2,405.07,-110.32,56.32,34.4,2973.5,0,
2026-08-16T14:01:02,LSVA0000DEMO00002,dc_charging,0,0,0,0,0,35.2,405.12,-110.16,56.34,34.4,2972.1,0,
2026-08-16T14:01:03,LSVA0000DEMO00002,dc_charging,0,0,0,0,0,35.2,405.1,-109.97,56.37,34.4,2970.3,0,
2026-08-16T14:01:04,LSVA0000DEMO00002,dc_charging,0,0,0,0,0,35.2,405.02,-109.78,56.39,34.5,2968.2,0,
2026-08-16T14:01:05,LSVA0000DEMO00002,dc_charging,0,0,0,0,0,35.2,404.91,-109.65,56.41,34.5,2965.9,0,
2026-08-16T14:01:06,LSVA0000DEMO00002,dc_charging,0,0,0,0,0,35.2,404.84,-109.6,56.43,34.4,2963.6,0,
2026-08-16T14:01:07,LSVA0000DEMO00002,dc_charging,0,0,0,0,0,35.2,404.82,-109.65,56.45,34.4,2961.2,0,
2026-08-16T14:01:08,LSVA0000DEMO00002,dc_charging,0,0,0,0,0,35.2,404.88,-109.79,56.47,34.4,2958.9,0,
2026-08-16T14:01:09,LSVA0000DEMO00002,dc_charging,0,0,0,0,0,35.2,404.97,-109.98,56.49,34.4,2956.7,0,
2026-08-16T14:01:10,LSVA0000DEMO00002,dc_charging,0,0,0,0,0,35.2,405.07,-110.17,56.52,34.5,2954.9,0,
2026-08-16T14:01:11,LSVA0000DEMO00002,dc_charging,0,0,0,0,0,35.2,405.12,-110.32,56.54,34.5,2953.3,0,
2026-08-16T14:01:12,LSVA0000DEMO00002,dc_charging,0,0,0,0,0,35.2,405.09,-110.4,56.56,34.5,2952.2,0,
2026-08-16T14:01:13,LSVA0000DEMO00002,dc_charging,0,0,0,0,0,35.2,405.01,-110.37,56.58,34.5,2951.4,0,
2026-08-16T14:01:14,LSVA0000DEMO00002,dc_charging,0,0,0,0,0,35.2,404.91,-110.26,56.6,34.5,2951.1,0,
2026-08-16T14:01:15,LSVA0000DEMO00002,dc_charging,0,0,0,0,0,35.2,404.83,-110.08,56.62,34.5,2951.2,0,
2026-08-16T14:01:16,LSVA0000DEMO00002,dc_charging,0,0,0,0,0,35.2,404.82,-109.88,56.65,34.5,2951.7,0,
2026-08-16T14:01:17,LSVA0000DEMO00002,dc_charging,0,0,0,0,0,35.2,404.87,-109.71,56.67,34.5,2952.4,0,
2026-08-16T14:01:18,LSVA0000DEMO00002,dc_charging,0,0,0,0,0,35.2,404.97,-109.61,56.69,34.5,2953.5,0,
2026-08-16T14:01:19,LSVA0000DEMO00002,dc_charging,0,0,0,0,0,35.2,405.07,-109.61,56.71,34.5,2954.7,0,
2026-08-16T14:01:20,LSVA0000DEMO00002,dc_charging,0,0,0,0,0,35.2,405.11,-109.7,56.73,34.5,2956.0,0,
2026-08-16T14:01:21,LSVA0000DEMO00002,dc_charging,0,0,0,0,0,35.2,405.09,-109.87,56.76,34.5,2957.2,0,
2026-08-16T14:01:22,LSVA0000DEMO00002,dc_charging,0,0,0,0,0,35.2,405.0,-110.06,56.78,34.5,2958.4,0,
2026-08-16T14:01:23,LSVA0000DEMO00002,dc_charging,0,0,0,0,0,35.2,404.9,-110.25,56.8,34.5,2959.3,0,
2026-08-16T14:01:24,LSVA0000DEMO00002,dc_charging,0,0,0,0,0,35.2,404.83,-110.37,56.82,34.6,2959.9,0,
2026-08-16T14:01:25,LSVA0000DEMO00002,dc_charging,0,0,0,0,0,35.2,404.81,-110.4,56.84,34.6,2960.2,0,
2026-08-16T14:01:26,LSVA0000DEMO00002,dc_charging,0,0,0,0,0,35.2,404.87,-110.33,56.86,34.6,2960.1,0,
2026-08-16T14:01:27,LSVA0000DEMO00002,dc_charging,0,0,0,0,0,35.2,404.97,-110.19,56.88,34.6,2959.6,0,
2026-08-16T14:01:28,LSVA0000DEMO00002,dc_charging,0,0,0,0,0,35.2,405.06,-109.99,56.91,34.6,2958.7,0,
2026-08-16T14:01:29,LSVA0000DEMO00002,dc_charging,0,0,0,0,0,35.3,405.11,-109.8,56.93,34.6,2957.4,0,
2026-08-16T14:01:30,LSVA0000DEMO00002,dc_charging,0,0,0,0,0,35.3,405.08,-109.66,56.95,34.6,2955.7,0,
2026-08-16T14:01:31,LSVA0000DEMO00002,dc_charging,0,0,0,0,0,35.3,405.0,-109.6,56.97,34.6,2953.7,0,
2026-08-16T14:01:32,LSVA0000DEMO00002,dc_charging,0,0,0,0,0,35.3,404.9,-109.64,56.99,34.6,2951.5,0,
2026-08-16T14:01:33,LSVA0000DEMO00002,dc_charging,0,0,0,0,0,35.3,404.82,-109.77,57.02,34.7,2949.1,0,
2026-08-16T14:01:34,LSVA0000DEMO00002,dc_charging,0,0,0,0,0,35.3,404.81,-109.95,57.04,34.6,2946.7,0,
2026-08-16T14:01:35,LSVA0000DEMO00002,dc_charging,0,0,0,0,0,35.3,404.87,-110.15,57.06,34.6,2944.4,0,
2026-08-16T14:01:36,LSVA0000DEMO00002,dc_charging,0,0,0,0,0,35.3,404.97,-110.31,57.08,34.6,2942.2,0,
2026-08-16T14:01:37,LSVA0000DEMO00002,dc_charging,0,0,0,0,0,35.3,405.06,-110.39,57.1,34.6,2940.3,0,
2026-08-16T14:01:38,LSVA0000DEMO00002,dc_charging,0,0,0,0,0,35.3,405.1,-110.38,57.12,34.7,2938.6,0,
2026-08-16T14:01:39,LSVA0000DEMO00002,dc_charging,0,0,0,0,0,35.3,405.08,-110.28,57.15,34.7,2937.3,0,
2026-08-16T14:01:40,LSVA0000DEMO00002,dc_charging,0,0,0,0,0,35.3,404.99,-110.1,57.17,34.7,2936.5,0,
2026-08-16T14:01:41,LSVA0000DEMO00002,dc_charging,0,0,0,0,0,35.3,404.89,-109.91,57.19,34.7,2936.0,0,
2026-08-16T14:01:42,LSVA0000DEMO00002,dc_charging,0,0,0,0,0,35.3,404.82,-109.73,57.21,34.7,2936.0,0,
2026-08-16T14:01:43,LSVA0000DEMO00002,dc_charging,0,0,0,0,0,35.3,404.81,-109.62,57.23,34.7,2936.3,0,
2026-08-16T14:01:44,LSVA0000DEMO00002,dc_charging,0,0,0,0,0,35.3,404.87,-109.61,57.25,34.7,2937.0,0,
2026-08-16T14:01:45,LSVA0000DEMO00002,dc_charging,0,0,0,0,0,35.3,404.97,-109.68,57.27,34.7,2938.0,0,
2026-08-16T14:01:46,LSVA0000DEMO00002,dc_charging,0,0,0,0,0,35.3,405.06,-109.84,57.3,34.8,2939.1,0,
2026-08-16T14:01:47,LSVA0000DEMO00002,dc_charging,0,0,0,0,0,35.3,405.1,-110.04,57.32,34.8,2940.4,0,
2026-08-16T14:01:48,LSVA0000DEMO00002,dc_charging,0,0,0,0,0,35.3,405.07,-110.22,57.34,34.7,2941.6,0,
2026-08-16T14:01:49,LSVA0000DEMO00002,dc_charging,0,0,0,0,0,35.3,404.99,-110.36,57.36,34.7,2942.8,0,
2026-08-16T14:01:50,LSVA0000DEMO00002,dc_charging,0,0,0,0,0,35.3,404.88,-110.4,57.38,34.7,2943.8,0,
2026-08-16T14:01:51,LSVA0000DEMO00002,dc_charging,0,0,0,0,0,35.3,404.81,-110.35,57.41,34.7,2944.6,0,
2026-08-16T14:01:52,LSVA0000DEMO00002,dc_charging,0,0,0,0,0,35.3,404.8,-110.21,57.43,34.8,2945.0,0,
2026-08-16T14:01:53,LSVA0000DEMO00002,dc_charging,0,0,0,0,0,35.3,404.87,-110.02,57.45,34.8,2945.0,0,
2026-08-16T14:01:54,LSVA0000DEMO00002,dc_charging,0,0,0,0,0,35.3,404.96,-109.83,57.47,34.8,2944.7,0,
2026-08-16T14:01:55,LSVA0000DEMO00002,dc_charging,0,0,0,0,0,35.3,405.06,-109.67,57.49,34.8,2943.9,0,
2026-08-16T14:01:56,LSVA0000DEMO00002,dc_charging,0,0,0,0,0,35.3,405.1,-109.6,57.51,34.7,2942.7,0,
2026-08-16T14:01:57,LSVA0000DEMO00002,dc_charging,0,0,0,0,0,35.3,405.07,-109.63,57.53,34.7,2941.1,0,
2026-08-16T14:01:58,LSVA0000DEMO00002,dc_charging,0,0,0,0,0,35.3,404.98,-109.75,57.56,34.8,2939.2,0,
2026-08-16T14:01:59,LSVA0000DEMO00002,dc_charging,0,0,0,0,0,35.3,404.88,-109.92,57.58,34.8,2937.0,0,
2026-08-16T14:02:00,LSVA0000DEMO00002,dc_charging,0,0,0,0,0,35.3,404.81,-110.12,57.6,34.8,2934.7,0,
2026-08-16T14:02:01,LSVA0000DEMO00002,dc_charging,0,0,0,0,0,35.3,404.8,-110.29,57.62,34.8,2932.3,0,
2026-08-16T14:02:02,LSVA0000DEMO00002,dc_charging,0,0,0,0,0,35.3,404.86,-110.39,57.64,34.8,2930.0,0,
2026-08-16T14:02:03,LSVA0000DEMO00002,dc_charging,0,0,0,0,0,35.3,404.96,-110.39,57.66,34.8,2927.7,0,
2026-08-16T14:02:04,LSVA0000DEMO00002,dc_charging,0,0,0,0,0,35.3,405.05,-110.3,57.69,34.8,2925.7,0,
2026-08-16T14:02:05,LSVA0000DEMO00002,dc_charging,0,0,0,0,0,35.3,405.09,-110.13,57.71,34.8,2923.9,0,
2026-08-16T14:02:06,LSVA0000DEMO00002,dc_charging,0,0,0,0,0,35.3,405.06,-109.93,57.73,34.8,2922.5,0,
2026-08-16T14:02:07,LSVA0000DEMO00002,dc_charging,0,0,0,0,0,35.3,404.97,-109.75,57.75,34.9,2921.5,0,
2026-08-16T14:02:08,LSVA0000DEMO00002,dc_charging,0,0,0,0,0,35.3,404.87,-109.63,57.77,34.9,2920.9,0,
2026-08-16T14:02:09,LSVA0000DEMO00002,dc_charging,0,0,0,0,0,35.3,404.8,-109.6,57.8,34.8,2920.8,0,
2026-08-16T14:02:10,LSVA0000DEMO00002,dc_charging,0,0,0,0,0,35.3,404.8,-109.67,57.82,34.8,2921.0,0,
2026-08-16T14:02:11,LSVA0000DEMO00002,dc_charging,0,0,0,0,0,35.3,404.86,-109.82,57.84,34.8,2921.6,0,
2026-08-16T14:02:12,LSVA0000DEMO00002,dc_charging,0,0,0,0,0,35.3,404.96,-110.01,57.86,34.9,2922.4,0,
2026-08-16T14:02:13,LSVA0000DEMO00002,dc_charging,0,0,0,0,0,35.3,405.05,-110.2,57.88,34.9,2923.5,0,
2026-08-16T14:02:14,LSVA0000DEMO00002,dc_charging,0,0,0,0,0,35.3,405.09,-110.34,57.9,34.9,2924.8,0,
2026-08-16T14:02:15,LSVA0000DEMO00002,dc_charging,0,0,0,0,0,35.3,405.05,-110.4,57.92,34.9,2926.1,0,
2026-08-16T14:02:16,LSVA0000DEMO00002,dc_charging,0,0,0,0,0,35.3,404.97,-110.36,57.95,34.9,2927.3,0,
2026-08-16T14:02:17,LSVA0000DEMO00002,dc_charging,0,0,0,0,0,35.3,404.86,-110.23,57.97,34.9,2928.4,0,
2026-08-16T14:02:18,LSVA0000DEMO00002,dc_charging,0,0,0,0,0,35.3,404.8,-110.05,57.99,34.9,2929.2,0,
2026-08-16T14:02:19,LSVA0000DEMO00002,dc_charging,0,0,0,0,0,35.3,404.79,-109.85,58.01,34.9,2929.7,0,
2026-08-16T14:02:20,LSVA0000DEMO00002,dc_charging,0,0,0,0,0,35.3,404.86,-109.69,58.03,35.0,2929.9,0,
2026-08-16T14:02:21,LSVA0000DEMO00002,dc_charging,0,0,0,0,0,35.3,404.96,-109.61,58.05,35.0,2929.7,0,
2026-08-16T14:02:22,LSVA0000DEMO00002,dc_charging,0,0,0,0,0,35.3,405.05,-109.62,58.08,35.0,2929.0,0,
2026-08-16T14:02:23,LSVA0000DEMO00002,dc_charging,0,0,0,0,0,35.3,405.08,-109.73,58.1,35.0,2927.9,0,
2026-08-16T14:02:24,LSVA0000DEMO00002,dc_charging,0,0,0,0,0,35.3,405.05,-109.9,58.12,35.0,2926.4,0,
2026-08-16T14:02:25,LSVA0000DEMO00002,dc_charging,0,0,0,0,0,35.3,404.96,-110.1,58.14,35.0,2924.6,0,
2026-08-16T14:02:26,LSVA0000DEMO00002,dc_charging,0,0,0,0,0,35.3,404.86,-110.27,58.16,35.0,2922.6,0,
2026-08-16T14:02:27,LSVA0000DEMO00002,dc_charging,0,0,0,0,0,35.3,404.79,-110.38,58.19,35.0,2920.3,0,
2026-08-16T14:02:28,LSVA0000DEMO00002,dc_charging,0,0,0,0,0,35.3,404.79,-110.39,58.21,35.0,2917.9,0,
2026-08-16T14:02:29,LSVA0000DEMO00002,dc_charging,0,0,0,0,0,35.3,404.86,-110.31,58.23,35.0,2915.5,0,
2026-08-16T14:02:30,LSVA0000DEMO00002,dc_charging,0,0,0,0,0,35.3,404.96,-110.16,58.25,35.0,2913.2,0,
2026-08-16T14:02:31,LSVA0000DEMO00002,dc_charging,0,0,0,0,0,35.3,405.05,-109.96,58.27,35.0,2911.1,0,
2026-08-16T14:02:32,LSVA0000DEMO00002,dc_charging,0,0,0,0,0,35.3,405.08,-109.77,58.29,35.0,2909.3,0,
2026-08-16T14:02:33,LSVA0000DEMO00002,dc_charging,0,0,0,0,0,35.3,405.04,-109.64,58.31,35.0,2907.8,0,
2026-08-16T14:02:34,LSVA0000DEMO00002,dc_charging,0,0,0,0,0,35.3,404.95,-109.6,58.34,35.1,2906.6,0,
2026-08-16T14:02:35,LSVA0000DEMO00002,dc_charging,0,0,0,0,0,35.3,404.85,-109.66,58.36,35.1,2905.9,0,
2026-08-16T14:02:36,LSVA0000DEMO00002,dc_charging,0,0,0,0,0,35.3,404.79,-109.79,58.38,35.1,2905.6,0,
2026-08-16T14:02:37,LSVA0000DEMO00002,dc_charging,0,0,0,0,0,35.3,404.79,-109.98,58.4,35.1,2905.7,0,
2026-08-16T14:02:38,LSVA0000DEMO00002,dc_charging,0,0,0,0,0,35.3,404.86,-110.18,58.42,35.0,2906.2,0,
2026-08-16T14:02:39,LSVA0000DEMO00002,dc_charging,0,0,0,0,0,35.3,404.96,-110.33,58.45,35.0,2907.0,0,
2026-08-16T14:02:40,LSVA0000DEMO00002,dc_charging,0,0,0,0,0,35.3,405.04,-110.4,58.47,35.1,2908.0,0,
2026-08-16T14:02:41,LSVA0000DEMO00002,dc_charging,0,0,0,0,0,35.3,405.08,-110.37,58.49,35.1,2909.2,0,
2026-08-16T14:02:42,LSVA0000DEMO00002,dc_charging,0,0,0,0,0,35.3,405.04,-110.25,58.51,35.1,2910.5,0,
2026-08-16T14:02:43,LSVA0000DEMO00002,dc_charging,0,0,0,0,0,35.3,404.95,-110.07,58.53,35.1,2911.7,0,
2026-08-16T14:02:44,LSVA0000DEMO00002,dc_charging,0,0,0,0,0,35.3,404.84,-109.87,58.55,35.1,2912.9,0,
2026-08-16T14:02:45,LSVA0000DEMO00002,dc_charging,0,0,0,0,0,35.3,404.78,-109.71,58.58,35.1,2913.8,0,
2026-08-16T14:02:46,LSVA0000DEMO00002,dc_charging,0,0,0,0,0,35.3,404.78,-109.61,58.6,35.1,2914.4,0,
2026-08-16T14:02:47,LSVA0000DEMO00002,dc_charging,0,0,0,0,0,35.3,404.85,-109.61,58.62,35.1,2914.7,0,
2026-08-16T14:02:48,LSVA0000DEMO00002,dc_charging,0,0,0,0,0,35.3,404.95,-109.71,58.64,35.1,2914.6,0,
2026-08-16T14:02:49,LSVA0000DEMO00002,dc_charging,0,0,0,0,0,35.3,405.04,-109.87,58.66,35.1,2914.1,0,
2026-08-16T14:02:50,LSVA0000DEMO00002,dc_charging,0,0,0,0,0,35.3,405.07,-110.07,58.68,35.1,2913.1,0,
2026-08-16T14:02:51,LSVA0000DEMO00002,dc_charging,0,0,0,0,0,35.3,405.03,-110.25,58.7,35.1,2911.8,0,
2026-08-16T14:02:52,LSVA0000DEMO00002,dc_charging,0,0,0,0,0,35.3,404.94,-110.37,58.73,35.1,2910.1,0,
2026-08-16T14:02:53,LSVA0000DEMO00002,dc_charging,0,0,0,0,0,35.3,404.84,-110.4,58.75,35.1,2908.1,0,
2026-08-16T14:02:54,LSVA0000DEMO00002,dc_charging,0,0,0,0,0,35.3,404.78,-110.33,58.77,35.1,2905.9,0,
2026-08-16T14:02:55,LSVA0000DEMO00002,dc_charging,0,0,0,0,0,35.3,404.78,-110.18,58.79,35.2,2903.5,0,
2026-08-16T14:02:56,LSVA0000DEMO00002,dc_charging,0,0,0,0,0,35.3,404.85,-109.99,58.81,35.2,2901.1,0,
2026-08-16T14:02:57,LSVA0000DEMO00002,dc_charging,0,0,0,0,0,35.3,404.95,-109.8,58.84,35.2,2898.8,0,
2026-08-16T14:02:58,LSVA0000DEMO00002,dc_charging,0,0,0,0,0,35.3,405.04,-109.66,58.86,35.2,2896.6,0,
2026-08-16T14:02:59,LSVA0000DEMO00002,dc_charging,0,0,0,0,0,35.3,405.07,-109.6,58.88,35.2,2894.7,0,
2026-08-16T14:03:00,LSVA0000DEMO00002,dc_charging,0,0,0,0,0,35.3,405.02,-109.64,58.9,35.2,2893.0,0,
2026-08-16T14:03:01,LSVA0000DEMO00002,dc_charging,0,0,0,0,0,35.3,404.93,-109.77,58.92,35.2,2891.8,0,
2026-08-16T14:03:02,LSVA0000DEMO00002,dc_charging,0,0,0,0,0,35.3,404.83,-109.96,58.94,35.2,2890.9,0,
2026-08-16T14:03:03,LSVA0000DEMO00002,dc_charging,0,0,0,0,0,35.3,404.77,-110.15,58.97,35.2,2890.5,0,
2026-08-16T14:03:04,LSVA0000DEMO00002,dc_charging,0,0,0,0,0,35.3,404.78,-110.31,58.99,35.2,2890.4,0,
2026-08-16T14:03:05,LSVA0000DEMO00002,dc_charging,0,0,0,0,0,35.3,404.85,-110.39,59.01,35.2,2890.8,0,
2026-08-16T14:03:06,LSVA0000DEMO00002,dc_charging,0,0,0,0,0,35.3,404.95,-110.38,59.03,35.2,2891.5,0,
2026-08-16T14:03:07,LSVA0000DEMO00002,dc_charging,0,0,0,0,0,35.3,405.04,-110.27,59.05,35.2,2892.5,0,
2026-08-16T14:03:08,LSVA0000DEMO00002,dc_charging,0,0,0,0,0,35.3,405.06,-110.1,59.07,35.2,2893.6,0,
2026-08-16T14:03:09,LSVA0000DEMO00002,dc_charging,0,0,0,0,0,35.3,405.02,-109.9,59.09,35.3,2894.9,0,
2026-08-16T14:03:10,LSVA0000DEMO00002,dc_charging,0,0,0,0,0,35.3,404.93,-109.73,59.12,35.3,2896.2,0,
2026-08-16T14:03:11,LSVA0000DEMO00002,dc_charging,0,0,0,0,0,35.3,404.83,-109.62,59.14,35.3,2897.4,0,
2026-08-16T14:03:12,LSVA0000DEMO00002,dc_charging,0,0,0,0,0,35.3,404.77,-109.61,59.16,35.3,2898.3,0,
2026-08-16T14:03:13,LSVA0000DEMO00002,dc_charging,0,0,0,0,0,35.3,404.77,-109.69,59.18,35.3,2899.1,0,
2026-08-16T14:03:14,LSVA0000DEMO00002,dc_charging,0,0,0,0,0,35.3,404.85,-109.85,59.2,35.3,2899.5,0,
2026-08-16T14:03:15,LSVA0000DEMO00002,dc_charging,0,0,0,0,0,35.3,404.95,-110.04,59.23,35.3,2899.5,0,
2026-08-16T14:03:16,LSVA0000DEMO00002,dc_charging,0,0,0,0,0,35.3,405.03,-110.23,59.25,35.3,2899.1,0,
2026-08-16T14:03:17,LSVA0000DEMO00002,dc_charging,0,0,0,0,0,35.3,405.06,-110.36,59.27,35.4,2898.3,0,
2026-08-16T14:03:18,LSVA0000DEMO00002,dc_charging,0,0,0,0,0,35.3,405.01,-110.4,59.29,35.4,2897.1,0,
2026-08-16T14:03:19,LSVA0000DEMO00002,dc_charging,0,0,0,0,0,35.3,404.92,-110.34,59.31,35.3,2895.5,0,
2026-08-16T14:03:20,LSVA0000DEMO00002,dc_charging,0,0,0,0,0,35.3,404.82,-110.2,59.33,35.3,2893.6,0,
2026-08-16T14:03:21,LSVA0000DEMO00002,dc_charging,0,0,0,0,0,35.3,404.76,-110.01,59.36,35.3,2891.4,0,
2026-08-16T14:03:22,LSVA0000DEMO00002,dc_charging,0,0,0,0,0,35.3,404.77,-109.82,59.38,35.4,2889.1,0,
2026-08-16T14:03:23,LSVA0000DEMO00002,dc_charging,0,0,0,0,0,35.3,404.85,-109.67,59.4,35.4,2886.7,0,
2026-08-16T14:03:24,LSVA0000DEMO00002,dc_charging,0,0,0,0,0,35.3,404.95,-109.6,59.42,35.4,2884.3,0,
2026-08-16T14:03:25,LSVA0000DEMO00002,dc_charging,0,0,0,0,0,35.3,405.03,-109.63,59.44,35.4,2882.1,0,
2026-08-16T14:03:26,LSVA0000DEMO00002,dc_charging,0,0,0,0,0,35.3,405.05,-109.75,59.46,35.4,2880.1,0,
2026-08-16T14:03:27,LSVA0000DEMO00002,dc_charging,0,0,0,0,0,35.3,405.01,-109.93,59.48,35.4,2878.3,0,
2026-08-16T14:03:28,LSVA0000DEMO00002,dc_charging,0,0,0,0,0,35.3,404.91,-110.13,59.51,35.4,2876.9,0,
2026-08-16T14:03:29,LSVA0000DEMO00002,dc_charging,0,0,0,0,0,35.3,404.81,-110.29,59.53,35.4,2876.0,0,
2026-08-16T14:03:30,LSVA0000DEMO00002,dc_charging,0,0,0,0,0,35.3,404.76,-110.39,59.55,35.4,2875.4,0,
2026-08-16T14:03:31,LSVA0000DEMO00002,dc_charging,0,0,0,0,0,35.3,404.77,-110.39,59.57,35.4,2875.2,0,
2026-08-16T14:03:32,LSVA0000DEMO00002,dc_charging,0,0,0,0,0,35.3,404.84,-110.29,59.59,35.4,2875.5,0,
2026-08-16T14:03:33,LSVA0000DEMO00002,dc_charging,0,0,0,0,0,35.3,404.95,-110.12,59.62,35.4,2876.1,0,
2026-08-16T14:03:34,LSVA0000DEMO00002,dc_charging,0,0,0,0,0,35.3,405.03,-109.93,59.64,35.4,2877.0,0,
2026-08-16T14:03:35,LSVA0000DEMO00002,dc_charging,0,0,0,0,0,35.3,405.05,-109.75,59.66,35.4,2878.1,0,
2026-08-16T14:03:36,LSVA0000DEMO00002,dc_charging,0,0,0,0,0,35.3,405.0,-109.63,59.68,35.4,2879.3,0,
2026-08-16T14:03:37,LSVA0000DEMO00002,dc_charging,0,0,0,0,0,35.3,404.91,-109.6,59.7,35.4,2880.6,0,
2026-08-16T14:03:38,LSVA0000DEMO00002,dc_charging,0,0,0,0,0,35.3,404.81,-109.67,59.72,35.5,2881.8,0,
2026-08-16T14:03:39,LSVA0000DEMO00002,dc_charging,0,0,0,0,0,35.3,404.75,-109.82,59.74,35.5,2882.9,0,
2026-08-16T14:03:40,LSVA0000DEMO00002,dc_charging,0,0,0,0,0,35.3,404.77,-110.02,59.77,35.4,2883.7,0,
2026-08-16T14:03:41,LSVA0000DEMO00002,dc_charging,0,0,0,0,0,35.3,404.84,-110.21,59.79,35.4,2884.2,0,
2026-08-16T14:03:42,LSVA0000DEMO00002,dc_charging,0,0,0,0,0,35.3,404.94,-110.35,59.81,35.4,2884.4,0,
2026-08-16T14:03:43,LSVA0000DEMO00002,dc_charging,0,0,0,0,0,35.3,405.02,-110.4,59.83,35.5,2884.1,0,
2026-08-16T14:03:44,LSVA0000DEMO00002,dc_charging,0,0,0,0,0,35.3,405.04,-110.36,59.85,35.5,2883.4,0,
2026-08-16T14:03:45,LSVA0000DEMO00002,dc_charging,0,0,0,0,0,35.3,404.99,-110.22,59.88,35.5,2882.3,0,
2026-08-16T14:03:46,LSVA0000DEMO00002,dc_charging,0,0,0,0,0,35.3,404.9,-110.04,59.9,35.5,2880.8,0,
2026-08-16T14:03:47,LSVA0000DEMO00002,dc_charging,0,0,0,0,0,35.3,404.8,-109.84,59.92,35.5,2879.0,0,
2026-08-16T14:03:48,LSVA0000DEMO00002,dc_charging,0,0,0,0,0,35.3,404.75,-109.69,59.94,35.5,2876.9,0,
2026-08-16T14:03:49,LSVA0000DEMO00002,dc_charging,0,0,0,0,0,35.3,404.76,-109.61,59.96,35.5,2874.7,0,
2026-08-16T14:03:50,LSVA0000DEMO00002,dc_charging,0,0,0,0,0,35.3,404.84,-109.62,59.98,35.5,2872.3,0,
2026-08-16T14:03:51,LSVA0000DEMO00002,dc_charging,0,0,0,0,0,35.3,404.94,-109.73,60.01,35.5,2869.9,0,
2026-08-16T14:03:52,LSVA0000DEMO00002,dc_charging,0,0,0,0,0,35.3,405.02,-109.91,60.03,35.6,2867.6,0,
2026-08-16T14:03:53,LSVA0000DEMO00002,dc_charging,0,0,0,0,0,35.3,405.04,-110.1,60.05,35.6,2865.5,0,
2026-08-16T14:03:54,LSVA0000DEMO00002,dc_charging,0,0,0,0,0,35.3,404.99,-110.28,60.07,35.6,2863.7,0,
2026-08-16T14:03:55,LSVA0000DEMO00002,dc_charging,0,0,0,0,0,35.3,404.89,-110.38,60.09,35.5,2862.2,0,
2026-08-16T14:03:56,LSVA0000DEMO00002,dc_charging,0,0,0,0,0,35.3,404.79,-110.39,60.11,35.6,2861.0,0,
2026-08-16T14:03:57,LSVA0000DEMO00002,dc_charging,0,0,0,0,0,35.3,404.74,-110.31,60.13,35.6,2860.3,0,
2026-08-16T14:03:58,LSVA0000DEMO00002,dc_charging,0,0,0,0,0,35.3,404.76,-110.15,60.16,35.6,2860.1,0,
2026-08-16T14:03:59,LSVA0000DEMO00002,dc_charging,0,0,0,0,0,35.3,404.84,-109.95,60.18,35.6,2860.2,0,
2026-08-16T14:04:00,LSVA0000DEMO00002,dc_charging,0,0,0,0,0,35.3,404.94,-109.77,60.2,35.6,2860.7,0,
2026-08-16T14:04:01,LSVA0000DEMO00002,dc_charging,0,0,0,0,0,35.2,405.02,-109.64,60.22,35.6,2861.5,0,
2026-08-16T14:04:02,LSVA0000DEMO00002,dc_charging,0,0,0,0,0,35.2,405.04,-109.6,60.24,35.6,2862.5,0,
2026-08-16T14:04:03,LSVA0000DEMO00002,dc_charging,0,0,0,0,0,35.2,404.98,-109.66,60.27,35.6,2863.7,0,
2026-08-16T14:04:04,LSVA0000DEMO00002,dc_charging,0,0,0,0,0,35.2,404.89,-109.8,60.29,35.6,2865.0,0,
2026-08-16T14:04:05,LSVA0000DEMO00002,dc_charging,0,0,0,0,0,35.2,404.79,-109.99,60.31,35.7,2866.3,0,
2026-08-16T14:04:06,LSVA0000DEMO00002,dc_charging,0,0,0,0,0,35.2,404.74,-110.18,60.33,35.7,2867.4,0,
2026-08-16T14:04:07,LSVA0000DEMO00002,dc_charging,0,0,0,0,0,35.2,404.76,-110.33,60.35,35.7,2868.3,0,
2026-08-16T14:04:08,LSVA0000DEMO00002,dc_charging,0,0,0,0,0,35.2,404.84,-110.4,60.37,35.7,2868.9,0,
2026-08-16T14:04:09,LSVA0000DEMO00002,dc_charging,0,0,0,0,0,35.2,404.94,-110.37,60.39,35.7,2869.2,0,
2026-08-16T14:04:10,LSVA0000DEMO00002,dc_charging,0,0,0,0,0,35.2,405.02,-110.25,60.42,35.7,2869.1,0,
2026-08-16T14:04:11,LSVA0000DEMO00002,dc_charging,0,0,0,0,0,35.2,405.03,-110.07,60.44,35.7,2868.5,0,
2026-08-16T14:04:12,LSVA0000DEMO00002,dc_charging,0,0,0,0,0,35.2,404.98,-109.87,60.46,35.7,2867.5,0,
2026-08-16T14:04:13,LSVA0000DEMO00002,dc_charging,0,0,0,0,0,35.2,404.88,-109.7,60.48,35.7,2866.2,0,
2026-08-16T14:04:14,LSVA0000DEMO00002,dc_charging,0,0,0,0,0,35.2,404.78,-109.61,60.5,35.7,2864.5,0,
2026-08-16T14:04:15,LSVA0000DEMO00002,dc_charging,0,0,0,0,0,35.2,404.73,-109.61,60.52,35.7,2862.4,0,
2026-08-16T14:04:16,LSVA0000DEMO00002,dc_charging,0,0,0,0,0,35.2,404.75,-109.71,60.55,35.7,2860.2,0,
2026-08-16T14:04:17,LSVA0000DEMO00002,dc_charging,0,0,0,0,0,35.2,404.83,-109.88,60.57,35.7,2857.9,0,
2026-08-16T14:04:18,LSVA0000DEMO00002,dc_charging,0,0,0,0,0,35.2,404.94,-110.08,60.59,35.7,2855.5,0,
2026-08-16T14:04:19,LSVA0000DEMO00002,dc_charging,0,0,0,0,0,35.2,405.01,-110.26,60.61,35.7,2853.1,0,
2026-08-16T14:04:20,LSVA0000DEMO00002,dc_charging,0,0,0,0,0,35.2,405.03,-110.37,60.63,35.8,2851.0,0,
2026-08-16T14:04:21,LSVA0000DEMO00002,dc_charging,0,0,0,0,0,35.2,404.97,-110.4,60.66,35.8,2849.0,0,
2026-08-16T14:04:22,LSVA0000DEMO00002,dc_charging,0,0,0,0,0,35.2,404.87,-110.32,60.68,35.7,2847.4,0,
2026-08-16T14:04:23,LSVA0000DEMO00002,dc_charging,0,0,0,0,0,35.2,404.78,-110.17,60.7,35.7,2846.2,0,
2026-08-16T14:04:24,LSVA0000DEMO00002,dc_charging,0,0,0,0,0,35.2,404.73,-109.98,60.72,35.7,2845.3,0,
2026-08-16T14:04:25,LSVA0000DEMO00002,dc_charging,0,0,0,0,0,35.2,404.75,-109.79,60.74,35.7,2844.9,0,
2026-08-16T14:04:26,LSVA0000DEMO00002,dc_charging,0,0,0,0,0,35.2,404.83,-109.65,60.76,35.8,2844.9,0,
2026-08-16T14:04:27,LSVA0000DEMO00002,dc_charging,0,0,0,0,0,35.2,404.94,-109.6,60.78,35.8,2845.3,0,
2026-08-16T14:04:28,LSVA0000DEMO00002,dc_charging,0,0,0,0,0,35.2,405.01,-109.65,60.81,35.8,2846.0,0,
2026-08-16T14:04:29,LSVA0000DEMO00002,dc_charging,0,0,0,0,0,35.2,405.02,-109.78,60.83,35.8,2847.0,0,
2026-08-16T14:04:30,LSVA0000DEMO00002,dc_charging,0,0,0,0,0,35.2,404.96,-109.96,60.85,35.8,2848.2,0,
2026-08-16T14:04:31,LSVA0000DEMO00002,dc_charging,0,0,0,0,0,35.2,404.87,-110.16,60.87,35.8,2849.4,0,
2026-08-16T14:04:32,LSVA0000DEMO00002,dc_charging,0,0,0,0,0,35.2,404.77,-110.32,60.89,35.8,2850.7,0,
2026-08-16T14:04:33,LSVA0000DEMO00002,dc_charging,0,0,0,0,0,35.2,404.72,-110.39,60.91,35.8,2851.9,0,
2026-08-16T14:04:34,LSVA0000DEMO00002,dc_charging,0,0,0,0,0,35.2,404.75,-110.38,60.94,35.8,2852.9,0,
2026-08-16T14:04:35,LSVA0000DEMO00002,dc_charging,0,0,0,0,0,35.2,404.83,-110.27,60.96,35.8,2853.6,0,
2026-08-16T14:04:36,LSVA0000DEMO00002,dc_charging,0,0,0,0,0,35.2,404.93,-110.09,60.98,35.8,2854.0,0,
2026-08-16T14:04:37,LSVA0000DEMO00002,dc_charging,0,0,0,0,0,35.2,405.01,-109.89,61.0,35.8,2854.0,0,
2026-08-16T14:04:38,LSVA0000DEMO00002,dc_charging,0,0,0,0,0,35.2,405.02,-109.72,61.02,35.8,2853.5,0,
2026-08-16T14:04:39,LSVA0000DEMO00002,dc_charging,0,0,0,0,0,35.2,404.96,-109.62,61.05,35.8,2852.7,0,
2026-08-16T14:04:40,LSVA0000DEMO00002,dc_charging,0,0,0,0,0,35.2,404.86,-109.61,61.07,35.9,2851.5,0,
2026-08-16T14:04:41,LSVA0000DEMO00002,dc_charging,0,0,0,0,0,35.2,404.76,-109.69,61.09,35.9,2849.9,0,
2026-08-16T14:04:42,LSVA0000DEMO00002,dc_charging,0,0,0,0,0,35.2,404.72,-109.85,61.11,35.9,2847.9,0,
2026-08-16T14:04:43,LSVA0000DEMO00002,dc_charging,0,0,0,0,0,35.1,404.75,-110.05,61.13,35.9,2845.8,0,
2026-08-16T14:04:44,LSVA0000DEMO00002,dc_charging,0,0,0,0,0,35.1,404.83,-110.24,61.15,35.9,2843.4,0,
2026-08-16T14:04:45,LSVA0000DEMO00002,dc_charging,0,0,0,0,0,35.1,404.93,-110.36,61.17,35.9,2841.1,0,
2026-08-16T14:04:46,LSVA0000DEMO00002,dc_charging,0,0,0,0,0,35.1,405.0,-110.4,61.2,35.9,2838.7,0,
2026-08-16T14:04:47,LSVA0000DEMO00002,dc_charging,0,0,0,0,0,35.1,405.01,-110.34,61.22,35.9,2836.5,0,
2026-08-16T14:04:48,LSVA0000DEMO00002,dc_charging,0,0,0,0,0,35.1,404.95,-110.2,61.24,36.0,2834.5,0,
2026-08-16T14:04:49,LSVA0000DEMO00002,dc_charging,0,0,0,0,0,35.1,404.85,-110.01,61.26,36.0,2832.7,0,
2026-08-16T14:04:50,LSVA0000DEMO00002,dc_charging,0,0,0,0,0,35.1,404.76,-109.81,61.28,35.9,2831.4,0,
2026-08-16T14:04:51,LSVA0000DEMO00002,dc_charging,0,0,0,0,0,35.1,404.72,-109.67,61.3,35.9,2830.4,0,
2026-08-16T14:04:52,LSVA0000DEMO00002,dc_charging,0,0,0,0,0,35.1,404.74,-109.6,61.33,35.9,2829.8,0,
2026-08-16T14:04:53,LSVA0000DEMO00002,dc_charging,0,0,0,0,0,35.1,404.83,-109.63,61.35,36.0,2829.7,0,
2026-08-16T14:04:54,LSVA0000DEMO00002,dc_charging,0,0,0,0,0,35.1,404.93,-109.76,61.37,36.0,2830.0,0,
2026-08-16T14:04:55,LSVA0000DEMO00002,dc_charging,0,0,0,0,0,35.1,405.0,-109.94,61.39,36.0,2830.6,0,
2026-08-16T14:04:56,LSVA0000DEMO00002,dc_charging,0,0,0,0,0,35.1,405.01,-110.14,61.41,36.0,2831.5,0,
2026-08-16T14:04:57,LSVA0000DEMO00002,dc_charging,0,0,0,0,0,35.1,404.95,-110.3,61.44,36.0,2832.6,0,
2026-08-16T14:04:58,LSVA0000DEMO00002,dc_charging,0,0,0,0,0,35.1,404.85,-110.39,61.46,36.0,2833.8,0,
2026-08-16T14:04:59,LSVA0000DEMO00002,dc_charging,0,0,0,0,0,35.1,404.75,-110.39,61.48,36.0,2835.1,0,
2026-08-16T14:05:00,LSVA0000DEMO00002,dc_charging,0,0,0,0,0,35.1,404.71,-110.29,61.5,36.0,2836.3,0,
2026-08-16T14:05:01,LSVA0000DEMO00002,dc_charging,0,0,0,0,0,35.1,404.74,-110.12,61.52,36.0,2837.4,0,
2026-08-16T14:05:02,LSVA0000DEMO00002,dc_charging,0,0,0,0,0,35.1,404.83,-109.92,61.54,36.1,2838.2,0,
2026-08-16T14:05:03,LSVA0000DEMO00002,dc_charging,0,0,0,0,0,35.1,404.93,-109.74,61.56,36.0,2838.7,0,
2026-08-16T14:05:04,LSVA0000DEMO00002,dc_charging,0,0,0,0,0,35.1,405.0,-109.63,61.59,36.0,2838.8,0,
2026-08-16T14:05:05,LSVA0000DEMO00002,dc_charging,0,0,0,0,0,35.1,405.0,-109.6,61.61,36.0,2838.6,0,
2026-08-16T14:05:06,LSVA0000DEMO00002,dc_charging,0,0,0,0,0,35.1,404.94,-109.68,61.63,36.0,2837.8,0,
2026-08-16T14:05:07,LSVA0000DEMO00002,dc_charging,0,0,0,0,0,35.1,404.84,-109.83,61.65,36.0,2836.7,0,
2026-08-16T14:05:08,LSVA0000DEMO00002,dc_charging,0,0,0,0,0,35.1,404.75,-110.02,61.67,36.1,2835.2,0,
2026-08-16T14:05:09,LSVA0000DEMO00002,dc_charging,0,0,0,0,0,35.1,404.71,-110.21,61.7,36.1,2833.4,0,
2026-08-16T14:05:10,LSVA0000DEMO00002,dc_charging,0,0,0,0,0,35.1,404.74,-110.35,61.72,36.1,2831.3,0,
2026-08-16T14:05:11,LSVA0000DEMO00002,dc_charging,0,0,0,0,0,35.1,404.82,-110.4,61.74,36.1,2829.0,0,
2026-08-16T14:05:12,LSVA0000DEMO00002,dc_charging,0,0,0,0,0,35.1,404.93,-110.35,61.76,36.0,2826.6,0,
2026-08-16T14:05:13,LSVA0000DEMO00002,dc_charging,0,0,0,0,0,35.1,404.99,-110.22,61.78,36.0,2824.3,0,
2026-08-16T14:05:14,LSVA0000DEMO00002,dc_charging,0,0,0,0,0,35.1,405.0,-110.03,61.8,36.1,2822.0,0,
2026-08-16T14:05:15,LSVA0000DEMO00002,dc_charging,0,0,0,0,0,35.1,404.93,-109.84,61.83,36.1,2819.9,0,
2026-08-16T14:05:16,LSVA0000DEMO00002,dc_charging,0,0,0,0,0,35.1,404.83,-109.68,61.85,36.1,2818.1,0,
2026-08-16T14:05:17,LSVA0000DEMO00002,dc_charging,0,0,0,0,0,35.1,404.74,-109.6,61.87,36.1,2816.6,0,
2026-08-16T14:05:18,LSVA0000DEMO00002,dc_charging,0,0,0,0,0,35.1,404.7,-109.62,61.89,36.1,2815.5,0,
2026-08-16T14:05:19,LSVA0000DEMO00002,dc_charging,0,0,0,0,0,35.0,404.74,-109.74,61.91,36.1,2814.8,0,
2026-08-16T14:05:20,LSVA0000DEMO00002,dc_charging,0,0,0,0,0,35.0,404.82,-109.91,61.93,36.1,2814.5,0,
2026-08-16T14:05:21,LSVA0000DEMO00002,dc_charging,0,0,0,0,0,35.0,404.92,-110.11,61.95,36.1,2814.7,0,
2026-08-16T14:05:22,LSVA0000DEMO00002,dc_charging,0,0,0,0,0,35.0,404.99,-110.28,61.98,36.1,2815.2,0,
2026-08-16T14:05:23,LSVA0000DEMO00002,dc_charging,0,0,0,0,0,35.0,404.99,-110.38,62.0,36.2,2816.0,0,
2026-08-16T14:05:24,LSVA0000DEMO00002,dc_charging,0,0,0,0,0,35.0,404.93,-110.39,62.02,36.2,2817.0,0,
2026-08-16T14:05:25,LSVA0000DEMO00002,dc_charging,0,0,0,0,0,35.0,404.83,-110.3,62.04,36.1,2818.3,0,
2026-08-16T14:05:26,LSVA0000DEMO00002,dc_charging,0,0,0,0,0,35.0,404.74,-110.14,62.06,36.1,2819.5,0,
2026-08-16T14:05:27,LSVA0000DEMO00002,dc_charging,0,0,0,0,0,35.0,404.7,-109.95,62.09,36.1,2820.8,0,
2026-08-16T14:05:28,LSVA0000DEMO00002,dc_charging,0,0,0,0,0,35.0,404.73,-109.76,62.11,36.2,2821.9,0,
2026-08-16T14:05:29,LSVA0000DEMO00002,dc_charging,0,0,0,0,0,35.0,404.82,-109.64,62.13,36.2,2822.8,0,
2026-08-16T14:05:30,LSVA0000DEMO00002,dc_charging,0,0,0,0,0,35.0,404.92,-109.6,62.15,36.2,2823.4,0,
2026-08-16T14:05:31,LSVA0000DEMO00002,dc_charging,0,0,0,0,0,35.0,404.99,-109.66,62.17,36.2,2823.7,0,
2026-08-16T14:05:32,LSVA0000DEMO00002,dc_charging,0,0,0,0,0,35.0,404.99,-109.81,62.19,36.2,2823.5,0,
2026-08-16T14:05:33,LSVA0000DEMO00002,dc_charging,0,0,0,0,0,35.0,404.92,-110.0,62.22,36.2,2822.9,0,
2026-08-16T14:05:34,LSVA0000DEMO00002,dc_charging,0,0,0,0,0,35.0,404.82,-110.19,62.24,36.2,2822.0,0,
2026-08-16T14:05:35,LSVA0000DEMO00002,dc_charging,0,0,0,0,0,35.0,404.73,-110.34,62.26,36.2,2820.6,0,
2026-08-16T14:05:36,LSVA0000DEMO00002,dc_charging,0,0,0,0,0,35.0,404.69,-110.4,62.28,36.3,2818.8,0,
2026-08-16T14:05:37,LSVA0000DEMO00002,dc_charging,0,0,0,0,0,35.0,404.73,-110.36,62.3,36.3,2816.8,0,
2026-08-16T14:05:38,LSVA0000DEMO00002,dc_charging,0,0,0,0,0,35.0,404.82,-110.24,62.32,36.3,2814.6,0,
2026-08-16T14:05:39,LSVA0000DEMO00002,dc_charging,0,0,0,0,0,35.0,404.92,-110.06,62.34,36.3,2812.2,0,
2026-08-16T14:05:40,LSVA0000DEMO00002,dc_charging,0,0,0,0,0,35.0,404.98,-109.86,62.37,36.3,2809.8,0,
2026-08-16T14:05:41,LSVA0000DEMO00002,dc_charging,0,0,0,0,0,35.0,404.98,-109.7,62.39,36.3,2807.5,0,
2026-08-16T14:05:42,LSVA0000DEMO00002,dc_charging,0,0,0,0,0,35.0,404.91,-109.61,62.41,36.3,2805.4,0,
2026-08-16T14:05:43,LSVA0000DEMO00002,dc_charging,0,0,0,0,0,35.0,404.81,-109.62,62.43,36.3,2803.4,0,
2026-08-16T14:05:44,LSVA0000DEMO00002,dc_charging,0,0,0,0,0,35.0,404.72,-109.72,62.45,36.3,2801.8,0,
2026-08-16T14:05:45,LSVA0000DEMO00002,dc_charging,0,0,0,0,0,35.0,404.69,-109.89,62.48,36.3,2800.6,0,
2026-08-16T14:05:46,LSVA0000DEMO00002,dc_charging,0,0,0,0,0,35.0,404.73,-110.08,62.5,36.3,2799.8,0,
2026-08-16T14:05:47,LSVA0000DEMO00002,dc_charging,0,0,0,0,0,35.0,404.82,-110.26,62.52,36.3,2799.4,0,
2026-08-16T14:05:48,LSVA0000DEMO00002,dc_charging,0,0,0,0,0,35.0,404.92,-110.37,62.54,36.3,2799.4,0,
2026-08-16T14:05:49,LSVA0000DEMO00002,dc_charging,0,0,0,0,0,35.0,404.98,-110.4,62.56,36.3,2799.8,0,
2026-08-16T14:05:50,LSVA0000DEMO00002,dc_charging,0,0,0,0,0,35.0,404.98,-110.32,62.58,36.4,2800.5,0,
2026-08-16T14:05:51,LSVA0000DEMO00002,dc_charging,0,0,0,0,0,35.0,404.91,-110.17,62.6,36.4,2801.5,0,
2026-08-16T14:05:52,LSVA0000DEMO00002,dc_charging,0,0,0,0,0,35.0,404.81,-109.97,62.63,36.4,2802.7,0,
2026-08-16T14:05:53,LSVA0000DEMO00002,dc_charging,0,0,0,0,0,35.0,404.72,-109.78,62.65,36.3,2804.0,0,
2026-08-16T14:05:54,LSVA0000DEMO00002,dc_charging,0,0,0,0,0,35.0,404.69,-109.65,62.67,36.3,2805.2,0,
2026-08-16T14:05:55,LSVA0000DEMO00002,dc_charging,0,0,0,0,0,35.0,404.73,-109.6,62.69,36.3,2806.4,0,
2026-08-16T14:05:56,LSVA0000DEMO00002,dc_charging,0,0,0,0,0,34.9,404.82,-109.65,62.71,36.4,2807.4,0,
2026-08-16T14:05:57,LSVA0000DEMO00002,dc_charging,0,0,0,0,0,34.9,404.92,-109.78,62.73,36.4,2808.1,0,
2026-08-16T14:05:58,LSVA0000DEMO00002,dc_charging,0,0,0,0,0,34.9,404.98,-109.97,62.76,36.4,2808.4,0,
2026-08-16T14:05:59,LSVA0000DEMO00002,dc_charging,0,0,0,0,0,34.9,404.97,-110.17,62.78,36.4,2808.4,0,
2026-08-16T14:06:00,LSVA0000DEMO00002,dc_charging,0,0,0,0,0,34.9,404.9,-110.32,62.8,36.4,2808.0,0,
2026-08-16T14:06:01,LSVA0000DEMO00002,dc_charging,0,0,0,0,0,34.9,404.8,-110.4,62.82,36.4,2807.1,0,
2026-08-16T14:06:02,LSVA0000DEMO00002,dc_charging,0,0,0,0,0,34.9,404.71,-110.37,62.84,36.4,2805.9,0,
2026-08-16T14:06:03,LSVA0000DEMO00002,dc_charging,0,0,0,0,0,34.9,404.68,-110.26,62.87,36.4,2804.3,0,
2026-08-16T14:06:04,LSVA0000DEMO00002,dc_charging,0,0,0,0,0,34.9,404.72,-110.08,62.89,36.4,2802.3,0,
2026-08-16T14:06:05,LSVA0000DEMO00002,dc_charging,0,0,0,0,0,34.9,404.81,-109.89,62.91,36.4,2800.1,0,
2026-08-16T14:06:06,LSVA0000DEMO00002,dc_charging,0,0,0,0,0,34.9,404.91,-109.72,62.93,36.4,2797.8,0,
2026-08-16T14:06:07,LSVA0000DEMO00002,dc_charging,0,0,0,0,0,34.9,404.97,-109.62,62.95,36.4,2795.4,0,
2026-08-16T14:06:08,LSVA0000DEMO00002,dc_charging,0,0,0,0,0,34.9,404.97,-109.61,62.97,36.4,2793.1,0,
2026-08-16T14:06:09,LSVA0000DEMO00002,dc_charging,0,0,0,0,0,34.9,404.89,-109.7,62.99,36.4,2790.8,0,
2026-08-16T14:06:10,LSVA0000DEMO00002,dc_charging,0,0,0,0,0,34.9,404.79,-109.86,63.02,36.4,2788.8,0,
2026-08-16T14:06:11,LSVA0000DEMO00002,dc_charging,0,0,0,0,0,34.9,404.71,-110.06,63.04,36.5,2787.1,0,
2026-08-16T14:06:12,LSVA0000DEMO00002,dc_charging,0,0,0,0,0,34.9,404.68,-110.24,63.06,36.5,2785.8,0,
2026-08-16T14:06:13,LSVA0000DEMO00002,dc_charging,0,0,0,0,0,34.9,404.72,-110.36,63.08,36.5,2784.8,0,
2026-08-16T14:06:14,LSVA0000DEMO00002,dc_charging,0,0,0,0,0,34.9,404.81,-110.4,63.1,36.5,2784.3,0,
2026-08-16T14:06:15,LSVA0000DEMO00002,dc_charging,0,0,0,0,0,34.9,404.91,-110.34,63.12,36.5,2784.2,0,
2026-08-16T14:06:16,LSVA0000DEMO00002,dc_charging,0,0,0,0,0,34.9,404.97,-110.19,63.15,36.5,2784.4,0,
2026-08-16T14:06:17,LSVA0000DEMO00002,dc_charging,0,0,0,0,0,34.9,404.96,-110.0,63.17,36.5,2785.1,0,
2026-08-16T14:06:18,LSVA0000DEMO00002,dc_charging,0,0,0,0,0,34.9,404.89,-109.81,63.19,36.5,2786.0,0,
2026-08-16T14:06:19,LSVA0000DEMO00002,dc_charging,0,0,0,0,0,34.9,404.79,-109.66,63.21,36.6,2787.1,0,
2026-08-16T14:06:20,LSVA0000DEMO00002,dc_charging,0,0,0,0,0,34.9,404.7,-109.6,63.23,36.5,2788.4,0,
2026-08-16T14:06:21,LSVA0000DEMO00002,dc_charging,0,0,0,0,0,34.9,404.67,-109.64,63.26,36.5,2789.7,0,
2026-08-16T14:06:22,LSVA0000DEMO00002,dc_charging,0,0,0,0,0,34.9,404.72,-109.76,63.28,36.5,2790.9,0,
2026-08-16T14:06:23,LSVA0000DEMO00002,dc_charging,0,0,0,0,0,34.9,404.81,-109.95,63.3,36.5,2791.9,0,
2026-08-16T14:06:24,LSVA0000DEMO00002,dc_charging,0,0,0,0,0,34.9,404.91,-110.14,63.32,36.6,2792.7,0,
2026-08-16T14:06:25,LSVA0000DEMO00002,dc_charging,0,0,0,0,0,34.9,404.97,-110.3,63.34,36.6,2793.2,0,
2026-08-16T14:06:26,LSVA0000DEMO00002,dc_charging,0,0,0,0,0,34.9,404.96,-110.39,63.36,36.6,2793.3,0,
2026-08-16T14:06:27,LSVA0000DEMO00002,dc_charging,0,0,0,0,0,34.9,404.88,-110.38,63.38,36.6,2793.0,0,
2026-08-16T14:06:28,LSVA0000DEMO00002,dc_charging,0,0,0,0,0,34.9,404.78,-110.28,63.41,36.6,2792.3,0,
2026-08-16T14:06:29,LSVA0000DEMO00002,dc_charging,0,0,0,0,0,34.9,404.7,-110.11,63.43,36.6,2791.1,0,
2026-08-16T14:06:30,LSVA0000DEMO00002,dc_charging,0,0,0,0,0,34.9,404.67,-109.91,63.45,36.6,2789.6,0,
2026-08-16T14:06:31,LSVA0000DEMO00002,dc_charging,0,0,0,0,0,34.9,404.72,-109.74,63.47,36.6,2787.8,0,
2026-08-16T14:06:32,LSVA0000DEMO00002,dc_charging,0,0,0,0,0,34.9,404.81,-109.62,63.49,36.7,2785.7,0,
2026-08-16T14:06:33,LSVA0000DEMO00002,dc_charging,0,0,0,0,0,34.9,404.91,-109.6,63.52,36.7,2783.4,0,
2026-08-16T14:06:34,LSVA0000DEMO00002,dc_charging,0,0,0,0,0,34.9,404.96,-109.68,63.54,36.7,2781.0,0,
2026-08-16T14:06:35,LSVA0000DEMO00002,dc_charging,0,0,0,0,0,34.9,404.95,-109.84,63.56,36.6,2778.6,0,
2026-08-16T14:06:36,LSVA0000DEMO00002,dc_charging,0,0,0,0,0,34.9,404.88,-110.03,63.58,36.6,2776.3,0,
2026-08-16T14:06:37,LSVA0000DEMO00002,dc_charging,0,0,0,0,0,34.9,404.77,-110.22,63.6,36.6,2774.3,0,
2026-08-16T14:06:38,LSVA0000DEMO00002,dc_charging,0,0,0,0,0,34.9,404.69,-110.35,63.62,36.7,2772.5,0,
2026-08-16T14:06:39,LSVA0000DEMO00002,dc_charging,0,0,0,0,0,34.9,404.67,-110.4,63.64,36.7,2771.0,0,
2026-08-16T14:06:40,LSVA0000DEMO00002,dc_charging,0,0,0,0,0,34.9,404.71,-110.35,63.67,36.7,2769.9,0,
2026-08-16T14:06:41,LSVA0000DEMO00002,dc_charging,0,0,0,0,0,34.9,404.81,-110.21,63.69,36.7,2769.2,0,
2026-08-16T14:06:42,LSVA0000DEMO00002,dc_charging,0,0,0,0,0,34.8,404.91,-110.02,63.71,36.7,2769.0,0,
2026-08-16T14:06:43,LSVA0000DEMO00002,dc_charging,0,0,0,0,0,34.8,404.96,-109.83,63.73,36.7,2769.1,0,
2026-08-16T14:06:44,LSVA0000DEMO00002,dc_charging,0,0,0,0,0,34.8,404.95,-109.68,63.75,36.7,2769.7,0,
2026-08-16T14:06:45,LSVA0000DEMO00002,dc_charging,0,0,0,0,0,34.8,404.87,-109.6,63.77,36.7,2770.5,0,
2026-08-16T14:06:46,LSVA0000DEMO00002,dc_charging,0,0,0,0,0,34.8,404.77,-109.63,63.8,36.7,2771.6,0,
2026-08-16T14:06:47,LSVA0000DEMO00002,dc_charging,0,0,0,0,0,34.8,404.68,-109.74,63.82,36.7,2772.8,0,
2026-08-16T14:06:48,LSVA0000DEMO00002,dc_charging,0,0,0,0,0,34.8,404.66,-109.92,63.84,36.7,2774.1,0,
2026-08-16T14:06:49,LSVA0000DEMO00002,dc_charging,0,0,0,0,0,34.8,404.71,-110.12,63.86,36.7,2775.3,0,
2026-08-16T14:06:50,LSVA0000DEMO00002,dc_charging,0,0,0,0,0,34.8,404.81,-110.29,63.88,36.7,2776.4,0,
2026-08-16T14:06:51,LSVA0000DEMO00002,dc_charging,0,0,0,0,0,34.8,404.9,-110.39,63.91,36.7,2777.3,0,
2026-08-16T14:06:52,LSVA0000DEMO00002,dc_charging,0,0,0,0,0,34.8,404.96,-110.39,63.93,36.7,2777.9,0,
2026-08-16T14:06:53,LSVA0000DEMO00002,dc_charging,0,0,0,0,0,34.8,404.94,-110.3,63.95,36.8,2778.1,0,
2026-08-16T14:06:54,LSVA0000DEMO00002,dc_charging,0,0,0,0,0,34.8,404.86,-110.14,63.97,36.8,2778.0,0,
2026-08-16T14:06:55,LSVA0000DEMO00002,dc_charging,0,0,0,0,0,34.8,404.76,-109.94,63.99,36.8,2777.4,0,
2026-08-16T14:06:56,LSVA0000DEMO00002,dc_charging,0,0,0,0,0,34.8,404.68,-109.76,64.01,36.7,2776.4,0,
2026-08-16T14:06:57,LSVA0000DEMO00002,dc_charging,0,0,0,0,0,34.8,404.66,-109.63,64.03,36.7,2775.0,0,
2026-08-16T14:06:58,LSVA0000DEMO00002,dc_charging,0,0,0,0,0,34.8,404.71,-109.6,64.06,36.7,2773.2,0,
2026-08-16T14:06:59,LSVA0000DEMO00002,dc_charging,0,0,0,0,0,34.8,404.8,-109.67,64.08,36.8,2771.2,0,
2026-08-16T14:07:00,LSVA0000DEMO00002,dc_charging,0,0,0,0,0,34.8,404.9,-109.81,64.1,36.8,2768.9,0,
2026-08-16T14:07:01,LSVA0000DEMO00002,dc_charging,0,0,0,0,0,34.8,404.95,-110.01,64.12,36.8,2766.6,0,
2026-08-16T14:07:02,LSVA0000DEMO00002,dc_charging,0,0,0,0,0,34.8,404.93,-110.2,64.14,36.8,2764.2,0,
2026-08-16T14:07:03,LSVA0000DEMO00002,dc_charging,0,0,0,0,0,34.8,404.86,-110.34,64.16,36.8,2761.9,0,
2026-08-16T14:07:04,LSVA0000DEMO00002,dc_charging,0,0,0,0,0,34.8,404.75,-110.4,64.19,36.8,2759.7,0,
2026-08-16T14:07:05,LSVA0000DEMO00002,dc_charging,0,0,0,0,0,34.8,404.67,-110.36,64.21,36.8,2757.8,0,
2026-08-16T14:07:06,LSVA0000DEMO00002,dc_charging,0,0,0,0,0,34.8,404.66,-110.24,64.23,36.8,2756.2,0,
2026-08-16T14:07:07,LSVA0000DEMO00002,dc_charging,0,0,0,0,0,34.8,404.71,-110.05,64.25,36.9,2755.0,0,
2026-08-16T14:07:08,LSVA0000DEMO00002,dc_charging,0,0,0,0,0,34.8,404.8,-109.85,64.27,36.9,2754.2,0,
2026-08-16T14:07:09,LSVA0000DEMO00002,dc_charging,0,0,0,0,0,34.8,404.9,-109.69,64.3,36.9,2753.8,0,
2026-08-16T14:07:10,LSVA0000DEMO00002,dc_charging,0,0,0,0,0,34.8,404.95,-109.61,64.32,36.9,2753.9,0,
2026-08-16T14:07:11,LSVA0000DEMO00002,dc_charging,0,0,0,0,0,34.8,404.93,-109.62,64.34,36.9,2754.3,0,
2026-08-16T14:07:12,LSVA0000DEMO00002,dc_charging,0,0,0,0,0,34.8,404.85,-109.72,64.36,36.9,2755.0,0,
2026-08-16T14:07:13,LSVA0000DEMO00002,dc_charging,0,0,0,0,0,34.8,404.75,-109.89,64.38,36.9,2756.0,0,
2026-08-16T14:07:14,LSVA0000DEMO00002,dc_charging,0,0,0,0,0,34.8,404.67,-110.09,64.4,36.9,2757.2,0,
2026-08-16T14:07:15,LSVA0000DEMO00002,dc_charging,0,0,0,0,0,34.8,404.65,-110.27,64.42,36.9,2758.5,0,
2026-08-16T14:07:16,LSVA0000DEMO00002,dc_charging,0,0,0,0,0,34.8,404.7,-110.38,64.45,36.9,2759.7,0,
2026-08-16T14:07:17,LSVA0000DEMO00002,dc_charging,0,0,0,0,0,34.8,404.8,-110.39,64.47,36.9,2760.9,0,
2026-08-16T14:07:18,LSVA0000DEMO00002,dc_charging,0,0,0,0,0,34.8,404.9,-110.32,64.49,36.9,2761.9,0,
2026-08-16T14:07:19,LSVA0000DEMO00002,dc_charging,0,0,0,0,0,34.8,404.95,-110.16,64.51,36.9,2762.6,0,
2026-08-16T14:07:20,LSVA0000DEMO00002,dc_charging,0,0,0,0,0,34.8,404.92,-109.96,64.53,37.0,2762.9,0,
2026-08-16T14:07:21,LSVA0000DEMO00002,dc_charging,0,0,0,0,0,34.8,404.84,-109.78,64.56,37.0,2762.9,0,
2026-08-16T14:07:22,LSVA0000DEMO00002,dc_charging,0,0,0,0,0,34.8,404.74,-109.65,64.58,37.0,2762.4,0,
2026-08-16T14:07:23,LSVA0000DEMO00002,dc_charging,0,0,0,0,0,34.8,404.66,-109.6,64.6,37.0,2761.6,0,
2026-08-16T14:07:24,LSVA0000DEMO00002,dc_charging,0,0,0,0,0,34.8,404.65,-109.65,64.62,37.0,2760.3,0,
2026-08-16T14:07:25,LSVA0000DEMO00002,dc_charging,0,0,0,0,0,34.8,404.7,-109.79,64.64,37.0,2758.6,0,
2026-08-16T14:07:26,LSVA0000DEMO00002,dc_charging,0,0,0,0,0,34.8,404.8,-109.98,64.66,37.0,2756.7,0,
2026-08-16T14:07:27,LSVA0000DEMO00002,dc_charging,0,0,0,0,0,34.8,404.89,-110.17,64.69,37.0,2754.5,0,
2026-08-16T14:07:28,LSVA0000DEMO00002,dc_charging,0,0,0,0,0,34.8,404.94,-110.32,64.71,37.0,2752.2,0,
2026-08-16T14:07:29,LSVA0000DEMO00002,dc_charging,0,0,0,0,0,34.8,404.92,-110.4,64.73,37.0,2749.8,0,
2026-08-16T14:07:30,LSVA0000DEMO00002,dc_charging,0,0,0,0,0,34.8,404.84,-110.37,64.75,37.0,2747.4,0,
2026-08-16T14:07:31,LSVA0000DEMO00002,dc_charging,0,0,0,0,0,34.8,404.73,-110.26,64.77,37.0,2745.2,0,
2026-08-16T14:07:32,LSVA0000DEMO00002,dc_charging,0,0,0,0,0,34.8,404.66,-110.08,64.79,37.0,2743.2,0,
2026-08-16T14:07:33,LSVA0000DEMO00002,dc_charging,0,0,0,0,0,34.8,404.64,-109.88,64.81,37.0,2741.5,0,
2026-08-16T14:07:34,LSVA0000DEMO00002,dc_charging,0,0,0,0,0,34.8,404.7,-109.71,64.84,37.0,2740.2,0,
2026-08-16T14:07:35,LSVA0000DEMO00002,dc_charging,0,0,0,0,0,34.8,404.8,-109.61,64.86,37.1,2739.3,0,
2026-08-16T14:07:36,LSVA0000DEMO00002,dc_charging,0,0,0,0,0,34.8,404.89,-109.61,64.88,37.1,2738.7,0,
2026-08-16T14:07:37,LSVA0000DEMO00002,dc_charging,0,0,0,0,0,34.8,404.94,-109.7,64.9,37.0,2738.6,0,
2026-08-16T14:07:38,LSVA0000DEMO00002,dc_charging,0,0,0,0,0,34.8,404.91,-109.87,64.92,37.0,2738.9,0,
2026-08-16T14:07:39,LSVA0000DEMO00002,dc_charging,0,0,0,0,0,34.8,404.83,-110.07,64.94,37.0,2739.6,0,
2026-08-16T14:07:40,LSVA0000DEMO00002,dc_charging,0,0,0,0,0,34.8,404.73,-110.25,64.97,37.0,2740.5,0,
2026-08-16T14:07:41,LSVA0000DEMO00002,dc_charging,0,0,0,0,0,34.8,404.65,-110.37,64.99,37.1,2741.6,0,
2026-08-16T14:07:42,LSVA0000DEMO00002,dc_charging,0,0,0,0,0,34.8,404.64,-110.4,65.01,37.1,2742.9,0,
2026-08-16T14:07:43,LSVA0000DEMO00002,dc_charging,0,0,0,0,0,34.8,404.7,-110.33,65.03,37.1,2744.2,0,
2026-08-16T14:07:44,LSVA0000DEMO00002,dc_charging,0,0,0,0,0,34.8,404.8,-110.18,65.05,37.1,2745.4,0,
2026-08-16T14:07:45,LSVA0000DEMO00002,dc_charging,0,0,0,0,0,34.8,404.89,-109.99,65.08,37.1,2746.4,0,
2026-08-16T14:07:46,LSVA0000DEMO00002,dc_charging,0,0,0,0,0,34.8,404.93,-109.8,65.1,37.1,2747.2,0,
2026-08-16T14:07:47,LSVA0000DEMO00002,dc_charging,0,0,0,0,0,34.8,404.91,-109.66,65.12,37.1,2747.7,0,
2026-08-16T14:07:48,LSVA0000DEMO00002,dc_charging,0,0,0,0,0,34.8,404.82,-109.6,65.14,37.1,2747.8,0,
2026-08-16T14:07:49,LSVA0000DEMO00002,dc_charging,0,0,0,0,0,34.8,404.72,-109.64,65.16,37.1,2747.4,0,
2026-08-16T14:07:50,LSVA0000DEMO00002,dc_charging,0,0,0,0,0,34.8,404.65,-109.77,65.18,37.1,2746.7,0,
2026-08-16T14:07:51,LSVA0000DEMO00002,dc_charging,0,0,0,0,0,34.8,404.64,-109.95,65.2,37.1,2745.6,0,
2026-08-16T14:07:52,LSVA0000DEMO00002,dc_charging,0,0,0,0,0,34.8,404.7,-110.15,65.23,37.1,2744.0,0,
2026-08-16T14:07:53,LSVA0000DEMO00002,dc_charging,0,0,0,0,0,34.8,404.79,-110.31,65.25,37.1,2742.2,0,
2026-08-16T14:07:54,LSVA0000DEMO00002,dc_charging,0,0,0,0,0,34.8,404.89,-110.39,65.27,37.1,2740.0,0,
2026-08-16T14:07:55,LSVA0000DEMO00002,dc_charging,0,0,0,0,0,34.8,404.93,-110.38,65.29,37.2,2737.7,0,
2026-08-16T14:07:56,LSVA0000DEMO00002,dc_charging,0,0,0,0,0,34.8,404.9,-110.28,65.31,37.2,2735.4,0,
2026-08-16T14:07:57,LSVA0000DEMO00002,dc_charging,0,0,0,0,0,34.8,404.82,-110.1,65.34,37.2,2733.0,0,
2026-08-16T14:07:58,LSVA0000DEMO00002,dc_charging,0,0,0,0,0,34.8,404.71,-109.91,65.36,37.2,2730.7,0,
2026-08-16T14:07:59,LSVA0000DEMO00002,dc_charging,0,0,0,0,0,34.8,404.64,-109.73,65.38,37.2,2728.6,0,
2026-08-16T14:08:00,LSVA0000DEMO00002,dc_charging,0,0,0,0,0,34.8,404.63,-109.62,65.4,37.2,2726.9,0,
2026-08-16T14:08:01,LSVA0000DEMO00002,dc_charging,0,0,0,0,0,34.8,404.69,-109.61,65.42,37.2,2725.4,0,
2026-08-16T14:08:02,LSVA0000DEMO00002,dc_charging,0,0,0,0,0,34.8,404.79,-109.69,65.44,37.2,2724.3,0,
2026-08-16T14:08:03,LSVA0000DEMO00002,dc_charging,0,0,0,0,0,34.8,404.88,-109.84,65.47,37.3,2723.7,0,
2026-08-16T14:08:04,LSVA0000DEMO00002,dc_charging,0,0,0,0,0,34.8,404.93,-110.04,65.49,37.3,2723.5,0,
2026-08-16T14:08:05,LSVA0000DEMO00002,dc_charging,0,0,0,0,0,34.8,404.9,-110.22,65.51,37.3,2723.6,0,
2026-08-16T14:08:06,LSVA0000DEMO00002,dc_charging,0,0,0,0,0,34.8,404.81,-110.36,65.53,37.2,2724.2,0,
2026-08-16T14:08:07,LSVA0000DEMO00002,dc_charging,0,0,0,0,0,34.8,404.71,-110.4,65.55,37.2,2725.0,0,
2026-08-16T14:08:08,LSVA0000DEMO00002,dc_charging,0,0,0,0,0,34.8,404.64,-110.35,65.57,37.3,2726.1,0,
2026-08-16T14:08:09,LSVA0000DEMO00002,dc_charging,0,0,0,0,0,34.8,404.63,-110.21,65.59,37.3,2727.3,0,
2026-08-16T14:08:10,LSVA0000DEMO00002,dc_charging,0,0,0,0,0,34.8,404.69,-110.02,65.62,37.3,2728.6,0,
2026-08-16T14:08:11,LSVA0000DEMO00002,dc_charging,0,0,0,0,0,34.8,404.79,-109.82,65.64,37.3,2729.8,0,
2026-08-16T14:08:12,LSVA0000DEMO00002,dc_charging,0,0,0,0,0,34.8,404.88,-109.67,65.66,37.3,2730.9,0,
2026-08-16T14:08:13,LSVA0000DEMO00002,dc_charging,0,0,0,0,0,34.8,404.92,-109.6,65.68,37.3,2731.8,0,
2026-08-16T14:08:14,LSVA0000DEMO00002,dc_charging,0,0,0,0,0,34.8,404.89,-109.63,65.7,37.3,2732.4,0,
2026-08-16T14:08:15,LSVA0000DEMO00002,dc_charging,0,0,0,0,0,34.8,404.8,-109.75,65.72,37.3,2732.6,0,
2026-08-16T14:08:16,LSVA0000DEMO00002,dc_charging,0,0,0,0,0,34.8,404.7,-109.93,65.75,37.3,2732.4,0,
2026-08-16T14:08:17,LSVA0000DEMO00002,dc_charging,0,0,0,0,0,34.8,404.63,-110.12,65.77,37.3,2731.8,0,
2026-08-16T14:08:18,LSVA0000DEMO00002,dc_charging,0,0,0,0,0,34.8,404.63,-110.29,65.79,37.4,2730.8,0,
2026-08-16T14:08:19,LSVA0000DEMO00002,dc_charging,0,0,0,0,0,34.8,404.69,-110.39,65.81,37.3,2729.4,0,
2026-08-16T14:08:20,LSVA0000DEMO00002,dc_charging,0,0,0,0,0,34.8,404.79,-110.39,65.83,37.3,2727.6,0,
2026-08-16T14:08:21,LSVA0000DEMO00002,dc_charging,0,0,0,0,0,34.8,404.88,-110.29,65.86,37.3,2725.6,0,
2026-08-16T14:08:22,LSVA0000DEMO00002,dc_charging,0,0,0,0,0,34.8,404.92,-110.13,65.88,37.3,2723.3,0,
2026-08-16T14:08:23,LSVA0000DEMO00002,dc_charging,0,0,0,0,0,34.8,404.88,-109.93,65.9,37.4,2720.9,0,
2026-08-16T14:08:24,LSVA0000DEMO00002,dc_charging,0,0,0,0,0,34.8,404.8,-109.75,65.92,37.4,2718.6,0,
2026-08-16T14:08:25,LSVA0000DEMO00002,dc_charging,0,0,0,0,0,34.8,404.69,-109.63,65.94,37.4,2716.2,0,
2026-08-16T14:08:26,LSVA0000DEMO00002,dc_charging,0,0,0,0,0,34.8,404.63,-109.6,65.96,37.4,2714.1,0,
2026-08-16T14:08:27,LSVA0000DEMO00002,dc_charging,0,0,0,0,0,34.8,404.62,-109.67,65.98,37.3,2712.2,0,
2026-08-16T14:08:28,LSVA0000DEMO00002,dc_charging,0,0,0,0,0,34.8,404.69,-109.82,66.01,37.3,2710.6,0,
2026-08-16T14:08:29,LSVA0000DEMO00002,dc_charging,0,0,0,0,0,34.8,404.79,-110.01,66.03,37.4,2709.5,0,
2026-08-16T14:08:30,LSVA0000DEMO00002,dc_charging,0,0,0,0,0,34.8,404.88,-110.2,66.05,37.4,2708.7,0,
2026-08-16T14:08:31,LSVA0000DEMO00002,dc_charging,0,0,0,0,0,34.8,404.91,-110.34,66.07,37.4,2708.3,0,
2026-08-16T14:08:32,LSVA0000DEMO00002,dc_charging,0,0,0,0,0,34.8,404.88,-110.4,66.09,37.4,2708.4,0,
2026-08-16T14:08:33,LSVA0000DEMO00002,dc_charging,0,0,0,0,0,34.8,404.79,-110.36,66.11,37.4,2708.8,0,
2026-08-16T14:08:34,LSVA0000DEMO00002,dc_charging,0,0,0,0,0,34.8,404.69,-110.23,66.14,37.4,2709.5,0,
2026-08-16T14:08:35,LSVA0000DEMO00002,dc_charging,0,0,0,0,0,34.8,404.62,-110.04,66.16,37.4,2710.6,0,
2026-08-16T14:08:36,LSVA0000DEMO00002,dc_charging,0,0,0,0,0,34.8,404.62,-109.85,66.18,37.4,2711.7,0,
2026-08-16T14:08:37,LSVA0000DEMO00002,dc_charging,0,0,0,0,0,34.8,404.69,-109.69,66.2,37.4,2713.0,0,
2026-08-16T14:08:38,LSVA0000DEMO00002,dc_charging,0,0,0,0,0,34.8,404.79,-109.61,66.22,37.5,2714.3,0,
2026-08-16T14:08:39,LSVA0000DEMO00002,dc_charging,0,0,0,0,0,34.8,404.87,-109.62,66.25,37.5,2715.4,0,
2026-08-16T14:08:40,LSVA0000DEMO00002,dc_charging,0,0,0,0,0,34.8,404.91,-109.73,66.27,37.5,2716.4,0,
2026-08-16T14:08:41,LSVA0000DEMO00002,dc_charging,0,0,0,0,0,34.8,404.87,-109.9,66.29,37.4,2717.1,0,
2026-08-16T14:08:42,LSVA0000DEMO00002,dc_charging,0,0,0,0,0,34.8,404.78,-110.1,66.31,37.4,2717.4,0,
2026-08-16T14:08:43,LSVA0000DEMO00002,dc_charging,0,0,0,0,0,34.8,404.68,-110.27,66.33,37.5,2717.3,0,
2026-08-16T14:08:44,LSVA0000DEMO00002,dc_charging,0,0,0,0,0,34.8,404.62,-110.38,66.35,37.5,2716.9,0,
2026-08-16T14:08:45,LSVA0000DEMO00002,dc_charging,0,0,0,0,0,34.8,404.62,-110.39,66.38,37.5,2716.0,0,
2026-08-16T14:08:46,LSVA0000DEMO00002,dc_charging,0,0,0,0,0,34.8,404.68,-110.31,66.4,37.5,2714.7,0,
2026-08-16T14:08:47,LSVA0000DEMO00002,dc_charging,0,0,0,0,0,34.9,404.78,-110.15,66.42,37.5,2713.0,0,
2026-08-16T14:08:48,LSVA0000DEMO00002,dc_charging,0,0,0,0,0,34.9,404.87,-109.96,66.44,37.5,2711.1,0,
2026-08-16T14:08:49,LSVA0000DEMO00002,dc_charging,0,0,0,0,0,34.9,404.91,-109.77,66.46,37.5,2708.9,0,
2026-08-16T14:08:50,LSVA0000DEMO00002,dc_charging,0,0,0,0,0,34.9,404.87,-109.64,66.48,37.5,2706.5,0,
2026-08-16T14:08:51,LSVA0000DEMO00002,dc_charging,0,0,0,0,0,34.9,404.78,-109.6,66.5,37.6,2704.1,0,
2026-08-16T14:08:52,LSVA0000DEMO00002,dc_charging,0,0,0,0,0,34.9,404.68,-109.66,66.53,37.6,2701.8,0,
2026-08-16T14:08:53,LSVA0000DEMO00002,dc_charging,0,0,0,0,0,34.9,404.61,-109.8,66.55,37.6,2699.6,0,
2026-08-16T14:08:54,LSVA0000DEMO00002,dc_charging,0,0,0,0,0,34.9,404.61,-109.99,66.57,37.6,2697.6,0,
2026-08-16T14:08:55,LSVA0000DEMO00002,dc_charging,0,0,0,0,0,34.9,404.68,-110.18,66.59,37.6,2695.9,0,
2026-08-16T14:08:56,LSVA0000DEMO00002,dc_charging,0,0,0,0,0,34.9,404.78,-110.33,66.61,37.6,2694.6,0,
2026-08-16T14:08:57,LSVA0000DEMO00002,dc_charging,0,0,0,0,0,34.9,404.87,-110.4,66.64,37.6,2693.7,0,
2026-08-16T14:08:58,LSVA0000DEMO00002,dc_charging,0,0,0,0,0,34.9,404.9,-110.37,66.66,37.6,2693.2,0,
2026-08-16T14:08:59,LSVA0000DEMO00002,dc_charging,0,0,0,0,0,34.9,404.86,-110.25,66.68,37.6,2693.1,0,
2026-08-16T14:09:00,LSVA0000DEMO00002,dc_charging,0,0,0,0,0,34.9,404.77,-110.07,66.7,37.6,2693.4,0,
2026-08-16T14:09:01,LSVA0000DEMO00002,dc_charging,0,0,0,0,0,34.9,404.67,-109.87,66.72,37.6,2694.1,0,
2026-08-16T14:09:02,LSVA0000DEMO00002,dc_charging,0,0,0,0,0,34.9,404.61,-109.71,66.74,37.6,2695.0,0,
2026-08-16T14:09:03,LSVA0000DEMO00002,dc_charging,0,0,0,0,0,34.9,404.61,-109.61,66.77,37.6,2696.2,0,
2026-08-16T14:09:04,LSVA0000DEMO00002,dc_charging,0,0,0,0,0,34.9,404.68,-109.61,66.79,37.6,2697.4,0,
2026-08-16T14:09:05,LSVA0000DEMO00002,dc_charging,0,0,0,0,0,34.9,404.78,-109.71,66.81,37.7,2698.7,0,
2026-08-16T14:09:06,LSVA0000DEMO00002,dc_charging,0,0,0,0,0,34.9,404.87,-109.87,66.83,37.7,2699.9,0,
2026-08-16T14:09:07,LSVA0000DEMO00002,dc_charging,0,0,0,0,0,34.9,404.9,-110.07,66.85,37.7,2700.9,0,
2026-08-16T14:09:08,LSVA0000DEMO00002,dc_charging,0,0,0,0,0,34.9,404.86,-110.25,66.87,37.7,2701.7,0,
2026-08-16T14:09:09,LSVA0000DEMO00002,dc_charging,0,0,0,0,0,34.9,404.76,-110.37,66.89,37.6,2702.2,0,
2026-08-16T14:09:10,LSVA0000DEMO00002,dc_charging,0,0,0,0,0,34.9,404.66,-110.4,66.92,37.6,2702.2,0,
2026-08-16T14:09:11,LSVA0000DEMO00002,dc_charging,0,0,0,0,0,34.9,404.6,-110.33,66.94,37.7,2701.9,0,
2026-08-16T14:09:12,LSVA0000DEMO00002,dc_charging,0,0,0,0,0,34.9,404.61,-110.18,66.96,37.7,2701.1,0,
2026-08-16T14:09:13,LSVA0000DEMO00002,dc_charging,0,0,0,0,0,34.9,404.68,-109.98,66.98,37.7,2700.0,0,
2026-08-16T14:09:14,LSVA0000DEMO00002,dc_charging,0,0,0,0,0,34.9,404.78,-109.79,67.0,37.7,2698.4,0,
2026-08-16T14:09:15,LSVA0000DEMO00002,dc_charging,0,0,0,0,0,34.9,404.86,-109.66,67.03,37.7,2696.5,0,
2026-08-16T14:09:16,LSVA0000DEMO00002,dc_charging,0,0,0,0,0,34.9,404.89,-109.6,67.05,37.7,2694.4,0,
2026-08-16T14:09:17,LSVA0000DEMO00002,dc_charging,0,0,0,0,0,34.9,404.85,-109.64,67.07,37.7,2692.1,0,
2026-08-16T14:09:18,LSVA0000DEMO00002,dc_charging,0,0,0,0,0,34.9,404.76,-109.77,67.09,37.7,2689.7,0,
2026-08-16T14:09:19,LSVA0000DEMO00002,dc_charging,0,0,0,0,0,34.9,404.66,-109.96,67.11,37.7,2687.4,0,
2026-08-16T14:09:20,LSVA0000DEMO00002,dc_charging,0,0,0,0,0,34.9,404.6,-110.16,67.13,37.7,2685.1,0,
2026-08-16T14:09:21,LSVA0000DEMO00002,dc_charging,0,0,0,0,0,34.9,404.6,-110.31,67.16,37.7,2683.0,0,
2026-08-16T14:09:22,LSVA0000DEMO00002,dc_charging,0,0,0,0,0,34.9,404.68,-110.39,67.18,37.7,2681.2,0,
2026-08-16T14:09:23,LSVA0000DEMO00002,dc_charging,0,0,0,0,0,34.9,404.78,-110.38,67.2,37.7,2679.8,0,
2026-08-16T14:09:24,LSVA0000DEMO00002,dc_charging,0,0,0,0,0,34.9,404.86,-110.27,67.22,37.7,2678.8,0,
2026-08-16T14:09:25,LSVA0000DEMO00002,dc_charging,0,0,0,0,0,34.9,404.89,-110.1,67.24,37.7,2678.1,0,
2026-08-16T14:09:26,LSVA0000DEMO00002,dc_charging,0,0,0,0,0,34.9,404.84,-109.9,67.26,37.8,2677.9,0,
2026-08-16T14:09:27,LSVA0000DEMO00002,dc_charging,0,0,0,0,0,34.9,404.75,-109.73,67.28,37.8,2678.1,0,
2026-08-16T14:09:28,LSVA0000DEMO00002,dc_charging,0,0,0,0,0,34.9,404.65,-109.62,67.31,37.8,2678.7,0,
2026-08-16T14:09:29,LSVA0000DEMO00002,dc_charging,0,0,0,0,0,34.9,404.59,-109.61,67.33,37.8,2679.5,0,
2026-08-16T14:09:30,LSVA0000DEMO00002,dc_charging,0,0,0,0,0,34.9,404.6,-109.69,67.35,37.8,2680.6,0,
2026-08-16T14:09:31,LSVA0000DEMO00002,dc_charging,0,0,0,0,0,35.0,404.67,-109.85,67.37,37.8,2681.8,0,
2026-08-16T14:09:32,LSVA0000DEMO00002,dc_charging,0,0,0,0,0,35.0,404.78,-110.05,67.39,37.8,2683.1,0,
2026-08-16T14:09:33,LSVA0000DEMO00002,dc_charging,0,0,0,0,0,35.0,404.86,-110.23,67.41,37.8,2684.4,0,
2026-08-16T14:09:34,LSVA0000DEMO00002,dc_charging,0,0,0,0,0,35.0,404.88,-110.36,67.44,37.9,2685.4,0,
2026-08-16T14:09:35,LSVA0000DEMO00002,dc_charging,0,0,0,0,0,35.0,404.84,-110.4,67.46,37.9,2686.3,0,
2026-08-16T14:09:36,LSVA0000DEMO00002,dc_charging,0,0,0,0,0,35.0,404.74,-110.34,67.48,37.8,2686.9,0,
2026-08-16T14:09:37,LSVA0000DEMO00002,dc_charging,0,0,0,0,0,35.0,404.64,-110.2,67.5,37.8,2687.1,0,
2026-08-16T14:09:38,LSVA0000DEMO00002,dc_charging,0,0,0,0,0,35.0,404.59,-110.01,67.52,37.8,2686.9,0,
2026-08-16T14:09:39,LSVA0000DEMO00002,dc_charging,0,0,0,0,0,35.0,404.6,-109.82,67.55,37.9,2686.2,0,
2026-08-16T14:09:40,LSVA0000DEMO00002,dc_charging,0,0,0,0,0,35.0,404.67,-109.67,67.57,37.9,2685.2,0,
2026-08-16T14:09:41,LSVA0000DEMO00002,dc_charging,0,0,0,0,0,35.0,404.77,-109.6,67.59,37.9,2683.8,0,
2026-08-16T14:09:42,LSVA0000DEMO00002,dc_charging,0,0,0,0,0,35.0,404.86,-109.63,67.61,37.9,2682.0,0,
2026-08-16T14:09:43,LSVA0000DEMO00002,dc_charging,0,0,0,0,0,35.0,404.88,-109.75,67.63,37.9,2679.9,0,
2026-08-16T14:09:44,LSVA0000DEMO00002,dc_charging,0,0,0,0,0,35.0,404.83,-109.93,67.65,37.9,2677.7,0,
2026-08-16T14:09:45,LSVA0000DEMO00002,dc_charging,0,0,0,0,0,35.0,404.74,-110.13,67.67,37.9,2675.3,0,
2026-08-16T14:09:46,LSVA0000DEMO00002,dc_charging,0,0,0,0,0,35.0,404.64,-110.3,67.7,37.9,2672.9,0,
2026-08-16T14:09:47,LSVA0000DEMO00002,dc_charging,0,0,0,0,0,35.0,404.58,-110.39,67.72,37.9,2670.6,0,
2026-08-16T14:09:48,LSVA0000DEMO00002,dc_charging,0,0,0,0,0,35.0,404.59,-110.39,67.74,38.0,2668.5,0,
2026-08-16T14:09:49,LSVA0000DEMO00002,dc_charging,0,0,0,0,0,35.0,404.67,-110.29,67.76,38.0,2666.6,0,
2026-08-16T14:09:50,LSVA0000DEMO00002,dc_charging,0,0,0,0,0,35.0,404.77,-110.12,67.78,37.9,2665.1,0,
2026-08-16T14:09:51,LSVA0000DEMO00002,dc_charging,0,0,0,0,0,35.0,404.85,-109.92,67.81,37.9,2663.9,0,
2026-08-16T14:09:52,LSVA0000DEMO00002,dc_charging,0,0,0,0,0,35.0,404.87,-109.75,67.83,37.9,2663.1,0,
2026-08-16T14:09:53,LSVA0000DEMO00002,dc_charging,0,0,0,0,0,35.0,404.83,-109.63,67.85,38.0,2662.8,0,
2026-08-16T14:09:54,LSVA0000DEMO00002,dc_charging,0,0,0,0,0,35.0,404.73,-109.6,67.87,38.0,2662.8,0,
2026-08-16T14:09:55,LSVA0000DEMO00002,dc_charging,0,0,0,0,0,35.0,404.63,-109.67,67.89,38.0,2663.3,0,
2026-08-16T14:09:56,LSVA0000DEMO00002,dc_charging,0,0,0,0,0,35.0,404.58,-109.83,67.91,38.0,2664.0,0,
2026-08-16T14:09:57,LSVA0000DEMO00002,dc_charging,0,0,0,0,0,35.0,404.59,-110.02,67.94,38.0,2665.1,0,
2026-08-16T14:09:58,LSVA0000DEMO00002,dc_charging,0,0,0,0,0,35.0,404.67,-110.21,67.96,38.0,2666.3,0,
2026-08-16T14:09:59,LSVA0000DEMO00002,dc_charging,0,0,0,0,0,35.0,404.77,-110.35,67.98,38.0,2667.5,0,
2026-08-16T14:10:00,LSVA0000DEMO00002,dc_charging,0,0,0,0,0,35.0,404.85,-110.4,68.0,38.0,2668.8,0,
2026-08-16T14:10:01,LSVA0000DEMO00002,dc_charging,0,0,0,0,0,35.0,404.87,-110.32,68.01,38.0,2669.9,0,
2026-08-16T14:10:02,LSVA0000DEMO00002,dc_charging,0,0,0,0,0,35.0,404.82,-110.16,68.03,38.0,2670.9,0,
2026-08-16T14:10:03,LSVA0000DEMO00002,dc_charging,0,0,0,0,0,35.0,404.72,-109.94,68.04,38.0,2671.6,0,
2026-08-16T14:10:04,LSVA0000DEMO00002,dc_charging,0,0,0,0,0,35.0,404.63,-109.72,68.05,38.0,2671.9,0,
2026-08-16T14:10:05,LSVA0000DEMO00002,dc_charging,0,0,0,0,0,35.1,404.57,-109.53,68.06,38.0,2671.8,0,
2026-08-16T14:10:06,LSVA0000DEMO00002,dc_charging,0,0,0,0,0,35.1,404.59,-109.42,68.08,38.0,2671.3,0,
2026-08-16T14:10:07,LSVA0000DEMO00002,dc_charging,0,0,0,0,0,35.1,404.67,-109.4,68.09,38.0,2670.4,0,
2026-08-16T14:10:08,LSVA0000DEMO00002,dc_charging,0,0,0,0,0,35.1,404.77,-109.48,68.1,38.0,2669.1,0,
2026-08-16T14:10:09,LSVA0000DEMO00002,dc_charging,0,0,0,0,0,35.1,404.85,-109.63,68.11,38.0,2667.4,0,
2026-08-16T14:10:10,LSVA0000DEMO00002,dc_charging,0,0,0,0,0,35.1,404.87,-109.79,68.12,38.0,2665.4,0,
2026-08-16T14:10:11,LSVA0000DEMO00002,dc_charging,0,0,0,0,0,35.1,404.81,-109.93,68.14,38.0,2663.2,0,
2026-08-16T14:10:12,LSVA0000DEMO00002,dc_charging,0,0,0,0,0,35.1,404.72,-110.01,68.15,38.0,2660.9,0,
2026-08-16T14:10:13,LSVA0000DEMO00002,dc_charging,0,0,0,0,0,35.1,404.62,-109.99,68.16,38.0,2658.5,0,
2026-08-16T14:10:14,LSVA0000DEMO00002,dc_charging,0,0,0,0,0,35.1,404.57,-109.87,68.17,38.0,2656.2,0,
2026-08-16T14:10:15,LSVA0000DEMO00002,dc_charging,0,0,0,0,0,35.1,404.59,-109.68,68.19,38.0,2654.0,0,
2026-08-16T14:10:16,LSVA0000DEMO00002,dc_charging,0,0,0,0,0,35.1,404.66,-109.45,68.2,38.0,2652.0,0,
2026-08-16T14:10:17,LSVA0000DEMO00002,dc_charging,0,0,0,0,0,35.1,404.77,-109.24,68.21,38.0,2650.3,0,
2026-08-16T14:10:18,LSVA0000DEMO00002,dc_charging,0,0,0,0,0,35.1,404.84,-109.08,68.22,38.0,2649.0,0,
2026-08-16T14:10:19,LSVA0000DEMO00002,dc_charging,0,0,0,0,0,35.1,404.86,-109.01,68.24,38.0,2648.1,0,
2026-08-16T14:10:20,LSVA0000DEMO00002,dc_charging,0,0,0,0,0,35.1,404.81,-109.03,68.25,38.0,2647.7,0,
2026-08-16T14:10:21,LSVA0000DEMO00002,dc_charging,0,0,0,0,0,35.1,404.71,-109.15,68.26,38.0,2647.6,0,
2026-08-16T14:10:22,LSVA0000DEMO00002,dc_charging,0,0,0,0,0,35.1,404.61,-109.31,68.28,38.0,2647.9,0,
2026-08-16T14:10:23,LSVA0000DEMO00002,dc_charging,0,0,0,0,0,35.1,404.56,-109.47,68.29,38.0,2648.6,0,
2026-08-16T14:10:24,LSVA0000DEMO00002,dc_charging,0,0,0,0,0,35.1,404.58,-109.58,68.3,38.0,2649.5,0,
2026-08-16T14:10:25,LSVA0000DEMO00002,dc_charging,0,0,0,0,0,35.1,404.66,-109.62,68.31,38.0,2650.7,0,
2026-08-16T14:10:26,LSVA0000DEMO00002,dc_charging,0,0,0,0,0,35.1,404.77,-109.55,68.33,38.0,2652.0,0,
2026-08-16T14:10:27,LSVA0000DEMO00002,dc_charging,0,0,0,0,0,35.1,404.84,-109.4,68.34,38.0,2653.2,0,
2026-08-16T14:10:28,LSVA0000DEMO00002,dc_charging,0,0,0,0,0,35.1,404.86,-109.19,68.35,38.0,2654.4,0,
2026-08-16T14:10:29,LSVA0000DEMO00002,dc_charging,0,0,0,0,0,35.1,404.8,-108.96,68.36,38.0,2655.4,0,
2026-08-16T14:10:30,LSVA0000DEMO00002,dc_charging,0,0,0,0,0,35.1,404.7,-108.76,68.38,38.1,2656.2,0,
2026-08-16T14:10:31,LSVA0000DEMO00002,dc_charging,0,0,0,0,0,35.1,404.61,-108.64,68.39,38.0,2656.6,0,
2026-08-16T14:10:32,LSVA0000DEMO00002,dc_charging,0,0,0,0,0,35.1,404.56,-108.61,68.4,38.0,2656.7,0,
2026-08-16T14:10:33,LSVA0000DEMO00002,dc_charging,0,0,0,0,0,35.1,404.58,-108.68,68.41,38.0,2656.3,0,
2026-08-16T14:10:34,LSVA0000DEMO00002,dc_charging,0,0,0,0,0,35.1,404.66,-108.82,68.42,38.0,2655.6,0,
2026-08-16T14:10:35,LSVA0000DEMO00002,dc_charging,0,0,0,0,0,35.1,404.76,-108.99,68.44,38.0,2654.4,0,
2026-08-16T14:10:36,LSVA0000DEMO00002,dc_charging,0,0,0,0,0,35.2,404.84,-109.13,68.45,38.0,2652.8,0,
2026-08-16T14:10:37,LSVA0000DEMO00002,dc_charging,0,0,0,0,0,35.2,404.85,-109.22,68.46,38.1,2650.9,0,
2026-08-16T14:10:38,LSVA0000DEMO00002,dc_charging,0,0,0,0,0,35.2,404.8,-109.21,68.47,38.0,2648.8,0,
2026-08-16T14:10:39,LSVA0000DEMO00002,dc_charging,0,0,0,0,0,35.2,404.7,-109.1,68.49,38.0,2646.5,0,
2026-08-16T14:10:40,LSVA0000DEMO00002,dc_charging,0,0,0,0,0,35.2,404.6,-108.92,68.5,38.0,2644.1,0,
2026-08-16T14:10:41,LSVA0000DEMO00002,dc_charging,0,0,0,0,0,35.2,404.55,-108.7,68.51,38.0,2641.7,0,
2026-08-16T14:10:42,LSVA0000DEMO00002,dc_charging,0,0,0,0,0,35.2,404.58,-108.48,68.53,38.0,2639.5,0,
2026-08-16T14:10:43,LSVA0000DEMO00002,dc_charging,0,0,0,0,0,35.2,404.66,-108.31,68.54,38.0,2637.4,0,
2026-08-16T14:10:44,LSVA0000DEMO00002,dc_charging,0,0,0,0,0,35.2,404.76,-108.23,68.55,38.0,2635.6,0,
2026-08-16T14:10:45,LSVA0000DEMO00002,dc_charging,0,0,0,0,0,35.2,404.84,-108.24,68.56,38.0,2634.2,0,
2026-08-16T14:10:46,LSVA0000DEMO00002,dc_charging,0,0,0,0,0,35.2,404.85,-108.34,68.58,38.0,2633.2,0,
2026-08-16T14:10:47,LSVA0000DEMO00002,dc_charging,0,0,0,0,0,35.2,404.79,-108.5,68.59,38.0,2632.6,0,
2026-08-16T14:10:48,LSVA0000DEMO00002,dc_charging,0,0,0,0,0,35.2,404.69,-108.66,68.6,38.0,2632.4,0,
2026-08-16T14:10:49,LSVA0000DEMO00002,dc_charging,0,0,0,0,0,35.2,404.6,-108.79,68.61,38.0,2632.6,0,
2026-08-16T14:10:50,LSVA0000DEMO00002,dc_charging,0,0,0,0,0,35.2,404.55,-108.83,68.62,38.0,2633.2,0,
2026-08-16T14:10:51,LSVA0000DEMO00002,dc_charging,0,0,0,0,0,35.2,404.57,-108.78,68.64,38.0,2634.0,0,
2026-08-16T14:10:52,LSVA0000DEMO00002,dc_charging,0,0,0,0,0,35.2,404.66,-108.64,68.65,38.0,2635.1,0,
2026-08-16T14:10:53,LSVA0000DEMO00002,dc_charging,0,0,0,0,0,35.2,404.76,-108.43,68.66,38.0,2636.4,0,
2026-08-16T14:10:54,LSVA0000DEMO00002,dc_charging,0,0,0,0,0,35.2,404.83,-108.2,68.67,38.0,2637.7,0,
2026-08-16T14:10:55,LSVA0000DEMO00002,dc_charging,0,0,0,0,0,35.2,404.84,-108.0,68.69,38.0,2638.9,0,
2026-08-16T14:10:56,LSVA0000DEMO00002,dc_charging,0,0,0,0,0,35.2,404.78,-107.87,68.7,38.0,2640.0,0,
2026-08-16T14:10:57,LSVA0000DEMO00002,dc_charging,0,0,0,0,0,35.2,404.68,-107.83,68.71,38.0,2640.8,0,
2026-08-16T14:10:58,LSVA0000DEMO00002,dc_charging,0,0,0,0,0,35.2,404.59,-107.88,68.72,38.0,2641.4,0,
2026-08-16T14:10:59,LSVA0000DEMO00002,dc_charging,0,0,0,0,0,35.2,404.55,-108.01,68.74,38.0,2641.5,0,
2026-08-16T14:11:00,LSVA0000DEMO00002,dc_charging,0,0,0,0,0,35.2,404.57,-108.18,68.75,38.0,2641.3,0,
2026-08-16T14:11:01,LSVA0000DEMO00002,dc_charging,0,0,0,0,0,35.2,404.66,-108.33,68.76,38.0,2640.7,0,
2026-08-16T14:11:02,LSVA0000DEMO00002,dc_charging,0,0,0,0,0,35.2,404.76,-108.42,68.78,38.0,2639.6,0,
2026-08-16T14:11:03,LSVA0000DEMO00002,dc_charging,0,0,0,0,0,35.2,404.83,-108.43,68.79,38.0,2638.2,0,
2026-08-16T14:11:04,LSVA0000DEMO00002,dc_charging,0,0,0,0,0,35.2,404.84,-108.34,68.8,38.0,2636.4,0,
2026-08-16T14:11:05,LSVA0000DEMO00002,dc_charging,0,0,0,0,0,35.2,404.78,-108.16,68.81,38.1,2634.3,0,
2026-08-16T14:11:06,LSVA0000DEMO00002,dc_charging,0,0,0,0,0,35.2,404.68,-107.94,68.83,38.1,2632.0,0,
2026-08-16T14:11:07,LSVA0000DEMO00002,dc_charging,0,0,0,0,0,35.2,404.58,-107.72,68.84,38.0,2629.7,0,
2026-08-16T14:11:08,LSVA0000DEMO00002,dc_charging,0,0,0,0,0,35.2,404.54,-107.54,68.85,38.0,2627.3,0,
2026-08-16T14:11:09,LSVA0000DEMO00002,dc_charging,0,0,0,0,0,35.3,404.57,-107.45,68.86,38.0,2625.0,0,
2026-08-16T14:11:10,LSVA0000DEMO00002,dc_charging,0,0,0,0,0,35.3,404.65,-107.45,68.88,38.0,2622.9,0,
2026-08-16T14:11:11,LSVA0000DEMO00002,dc_charging,0,0,0,0,0,35.3,404.76,-107.54,68.89,38.1,2621.0,0,
2026-08-16T14:11:12,LSVA0000DEMO00002,dc_charging,0,0,0,0,0,35.3,404.83,-107.69,68.9,38.1,2619.5,0,
2026-08-16T14:11:13,LSVA0000DEMO00002,dc_charging,0,0,0,0,0,35.3,404.83,-107.86,68.91,38.1,2618.3,0,
2026-08-16T14:11:14,LSVA0000DEMO00002,dc_charging,0,0,0,0,0,35.3,404.77,-107.99,68.92,38.1,2617.6,0,
2026-08-16T14:11:15,LSVA0000DEMO00002,dc_charging,0,0,0,0,0,35.3,404.67,-108.05,68.94,38.1,2617.2,0,
2026-08-16T14:11:16,LSVA0000DEMO00002,dc_charging,0,0,0,0,0,35.3,404.58,-108.01,68.95,38.1,2617.3,0,
2026-08-16T14:11:17,LSVA0000DEMO00002,dc_charging,0,0,0,0,0,35.3,404.54,-107.88,68.96,38.1,2617.8,0,
2026-08-16T14:11:18,LSVA0000DEMO00002,dc_charging,0,0,0,0,0,35.3,404.57,-107.68,68.97,38.1,2618.6,0,
2026-08-16T14:11:19,LSVA0000DEMO00002,dc_charging,0,0,0,0,0,35.3,404.65,-107.45,68.99,38.1,2619.6,0,
2026-08-16T14:11:20,LSVA0000DEMO00002,dc_charging,0,0,0,0,0,35.3,404.75,-107.24,69.0,38.1,2620.8,0,
2026-08-16T14:11:21,LSVA0000DEMO00002,dc_charging,0,0,0,0,0,35.3,404.82,-107.09,69.01,38.1,2622.1,0,
2026-08-16T14:11:22,LSVA0000DEMO00002,dc_charging,0,0,0,0,0,35.3,404.83,-107.04,69.03,38.1,2623.3,0,
2026-08-16T14:11:23,LSVA0000DEMO00002,dc_charging,0,0,0,0,0,35.3,404.76,-107.08,69.04,38.1,2624.5,0,
2026-08-16T14:11:24,LSVA0000DEMO00002,dc_charging,0,0,0,0,0,35.3,404.66,-107.21,69.05,38.1,2625.4,0,
2026-08-16T14:11:25,LSVA0000DEMO00002,dc_charging,0,0,0,0,0,35.3,404.57,-107.37,69.06,38.1,2626.0,0,
2026-08-16T14:11:26,LSVA0000DEMO00002,dc_charging,0,0,0,0,0,35.3,404.53,-107.53,69.08,38.1,2626.3,0,
2026-08-16T14:11:27,LSVA0000DEMO00002,dc_charging,0,0,0,0,0,35.3,404.56,-107.63,69.09,38.1,2626.3,0,
2026-08-16T14:11:28,LSVA0000DEMO00002,dc_charging,0,0,0,0,0,35.3,404.65,-107.65,69.1,38.1,2625.7,0,
2026-08-16T14:11:29,LSVA0000DEMO00002,dc_charging,0,0,0,0,0,35.3,404.75,-107.57,69.11,38.1,2624.8,0,
2026-08-16T14:11:30,LSVA0000DEMO00002,dc_charging,0,0,0,0,0,35.3,404.82,-107.41,69.12,38.1,2623.5,0,
2026-08-16T14:11:31,LSVA0000DEMO00002,dc_charging,0,0,0,0,0,35.3,404.82,-107.19,69.14,38.1,2621.8,0,
2026-08-16T14:11:32,LSVA0000DEMO00002,dc_charging,0,0,0,0,0,35.3,404.76,-106.96,69.15,38.1,2619.8,0,
2026-08-16T14:11:33,LSVA0000DEMO00002,dc_charging,0,0,0,0,0,35.3,404.66,-106.77,69.16,38.2,2617.6,0,
2026-08-16T14:11:34,LSVA0000DEMO00002,dc_charging,0,0,0,0,0,35.3,404.57,-106.67,69.17,38.1,2615.3,0,
2026-08-16T14:11:35,LSVA0000DEMO00002,dc_charging,0,0,0,0,0,35.3,404.53,-106.66,69.19,38.1,2612.9,0,
2026-08-16T14:11:36,LSVA0000DEMO00002,dc_charging,0,0,0,0,0,35.3,404.56,-106.74,69.2,38.1,2610.5,0,
2026-08-16T14:11:37,LSVA0000DEMO00002,dc_charging,0,0,0,0,0,35.3,404.65,-106.88,69.21,38.1,2608.3,0,
2026-08-16T14:11:38,LSVA0000DEMO00002,dc_charging,0,0,0,0,0,35.3,404.75,-107.05,69.22,38.1,2606.4,0,
2026-08-16T14:11:39,LSVA0000DEMO00002,dc_charging,0,0,0,0,0,35.3,404.82,-107.19,69.24,38.2,2604.7,0,
2026-08-16T14:11:40,LSVA0000DEMO00002,dc_charging,0,0,0,0,0,35.3,404.82,-107.26,69.25,38.2,2603.4,0,
2026-08-16T14:11:41,LSVA0000DEMO00002,dc_charging,0,0,0,0,0,35.3,404.75,-107.23,69.26,38.2,2602.6,0,
2026-08-16T14:11:42,LSVA0000DEMO00002,dc_charging,0,0,0,0,0,35.3,404.65,-107.12,69.28,38.1,2602.1,0,
2026-08-16T14:11:43,LSVA0000DEMO00002,dc_charging,0,0,0,0,0,35.3,404.56,-106.92,69.29,38.1,2602.1,0,
2026-08-16T14:11:44,LSVA0000DEMO00002,dc_charging,0,0,0,0,0,35.3,404.52,-106.69,69.3,38.1,2602.4,0,
2026-08-16T14:11:45,LSVA0000DEMO00002,dc_charging,0,0,0,0,0,35.3,404.56,-106.48,69.31,38.2,2603.1,0,
2026-08-16T14:11:46,LSVA0000DEMO00002,dc_charging,0,0,0,0,0,35.4,404.65,-106.32,69.33,38.2,2604.1,0,
2026-08-16T14:11:47,LSVA0000DEMO00002,dc_charging,0,0,0,0,0,35.4,404.75,-106.26,69.34,38.2,2605.2,0,
2026-08-16T14:11:48,LSVA0000DEMO00002,dc_charging,0,0,0,0,0,35.4,404.81,-106.29,69.35,38.2,2606.5,0,
2026-08-16T14:11:49,LSVA0000DEMO00002,dc_charging,0,0,0,0,0,35.4,404.81,-106.4,69.36,38.2,2607.8,0,
2026-08-16T14:11:50,LSVA0000DEMO00002,dc_charging,0,0,0,0,0,35.4,404.74,-106.56,69.38,38.2,2608.9,0,
2026-08-16T14:11:51,LSVA0000DEMO00002,dc_charging,0,0,0,0,0,35.4,404.64,-106.72,69.39,38.2,2610.0,0,
2026-08-16T14:11:52,LSVA0000DEMO00002,dc_charging,0,0,0,0,0,35.4,404.55,-106.84,69.4,38.2,2610.7,0,
2026-08-16T14:11:53,LSVA0000DEMO00002,dc_charging,0,0,0,0,0,35.4,404.52,-106.87,69.41,38.2,2611.1,0,
2026-08-16T14:11:54,LSVA0000DEMO00002,dc_charging,0,0,0,0,0,35.4,404.56,-106.8,69.42,38.2,2611.2,0,
2026-08-16T14:11:55,LSVA0000DEMO00002,dc_charging,0,0,0,0,0,35.4,404.65,-106.65,69.44,38.2,2610.8,0,
2026-08-16T14:11:56,LSVA0000DEMO00002,dc_charging,0,0,0,0,0,35.4,404.75,-106.43,69.45,38.2,2610.0,0,
2026-08-16T14:11:57,LSVA0000DEMO00002,dc_charging,0,0,0,0,0,35.4,404.81,-106.2,69.46,38.2,2608.8,0,
2026-08-16T14:11:58,LSVA0000DEMO00002,dc_charging,0,0,0,0,0,35.4,404.81,-106.01,69.47,38.2,2607.2,0,
2026-08-16T14:11:59,LSVA0000DEMO00002,dc_charging,0,0,0,0,0,35.4,404.74,-105.89,69.49,38.3,2605.3,0,
2026-08-16T14:12:00,LSVA0000DEMO00002,dc_charging,0,0,0,0,0,35.4,404.64,-105.87,69.5,38.3,2603.1,0,
2026-08-16T14:12:01,LSVA0000DEMO00002,dc_charging,0,0,0,0,0,35.4,404.55,-105.94,69.51,38.3,2600.8,0,
2026-08-16T14:12:02,LSVA0000DEMO00002,dc_charging,0,0,0,0,0,35.4,404.52,-106.08,69.53,38.3,2598.4,0,
2026-08-16T14:12:03,LSVA0000DEMO00002,dc_charging,0,0,0,0,0,35.4,404.55,-106.24,69.54,38.3,2596.1,0,
2026-08-16T14:12:04,LSVA0000DEMO00002,dc_charging,0,0,0,0,0,35.4,404.64,-106.39,69.55,38.3,2593.8,0,
2026-08-16T14:12:05,LSVA0000DEMO00002,dc_charging,0,0,0,0,0,35.4,404.74,-106.47,69.56,38.3,2591.8,0,
2026-08-16T14:12:06,LSVA0000DEMO00002,dc_charging,0,0,0,0,0,35.4,404.81,-106.46,69.58,38.3,2590.0,0,
2026-08-16T14:12:07,LSVA0000DEMO00002,dc_charging,0,0,0,0,0,35.4,404.8,-106.35,69.59,38.4,2588.6,0,
2026-08-16T14:12:08,LSVA0000DEMO00002,dc_charging,0,0,0,0,0,35.4,404.73,-106.16,69.6,38.4,2587.6,0,
2026-08-16T14:12:09,LSVA0000DEMO00002,dc_charging,0,0,0,0,0,35.4,404.63,-105.94,69.61,38.4,2587.0,0,
2026-08-16T14:12:10,LSVA0000DEMO00002,dc_charging,0,0,0,0,0,35.4,404.54,-105.72,69.62,38.3,2586.9,0,
2026-08-16T14:12:11,LSVA0000DEMO00002,dc_charging,0,0,0,0,0,35.4,404.51,-105.55,69.64,38.3,2587.1,0,
2026-08-16T14:12:12,LSVA0000DEMO00002,dc_charging,0,0,0,0,0,35.4,404.55,-105.48,69.65,38.3,2587.7,0,
2026-08-16T14:12:13,LSVA0000DEMO00002,dc_charging,0,0,0,0,0,35.4,404.64,-105.49,69.66,38.4,2588.6,0,
2026-08-16T14:12:14,LSVA0000DEMO00002,dc_charging,0,0,0,0,0,35.4,404.74,-105.6,69.67,38.4,2589.7,0,
2026-08-16T14:12:15,LSVA0000DEMO00002,dc_charging,0,0,0,0,0,35.4,404.8,-105.75,69.69,38.4,2590.9,0,
2026-08-16T14:12:16,LSVA0000DEMO00002,dc_charging,0,0,0,0,0,35.4,404.8,-105.92,69.7,38.4,2592.2,0,
2026-08-16T14:12:17,LSVA0000DEMO00002,dc_charging,0,0,0,0,0,35.4,404.73,-106.04,69.71,38.4,2593.4,0,
2026-08-16T14:12:18,LSVA0000DEMO00002,dc_charging,0,0,0,0,0,35.4,404.62,-106.08,69.72,38.4,2594.5,0,
2026-08-16T14:12:19,LSVA0000DEMO00002,dc_charging,0,0,0,0,0,35.4,404.54,-106.03,69.74,38.4,2595.3,0,
2026-08-16T14:12:20,LSVA0000DEMO00002,dc_charging,0,0,0,0,0,35.4,404.51,-105.89,69.75,38.4,2595.8,0,
2026-08-16T14:12:21,LSVA0000DEMO00002,dc_charging,0,0,0,0,0,35.4,404.55,-105.68,69.76,38.5,2596.0,0,
2026-08-16T14:12:22,LSVA0000DEMO00002,dc_charging,0,0,0,0,0,35.4,404.64,-105.45,69.78,38.5,2595.8,0,
2026-08-16T14:12:23,LSVA0000DEMO00002,dc_charging,0,0,0,0,0,35.4,404.74,-105.25,69.79,38.5,2595.1,0,
2026-08-16T14:12:24,LSVA0000DEMO00002,dc_charging,0,0,0,0,0,35.4,404.8,-105.12,69.8,38.4,2594.0,0,
2026-08-16T14:12:25,LSVA0000DEMO00002,dc_charging,0,0,0,0,0,35.4,404.79,-105.08,69.81,38.4,2592.6,0,
2026-08-16T14:12:26,LSVA0000DEMO00002,dc_charging,0,0,0,0,0,35.4,404.72,-105.14,69.83,38.4,2590.8,0,
2026-08-16T14:12:27,LSVA0000DEMO00002,dc_charging,0,0,0,0,0,35.4,404.62,-105.27,69.84,38.5,2588.7,0,
2026-08-16T14:12:28,LSVA0000DEMO00002,dc_charging,0,0,0,0,0,35.4,404.53,-105.43,69.85,38.5,2586.4,0,
2026-08-16T14:12:29,LSVA0000DEMO00002,dc_charging,0,0,0,0,0,35.4,404.5,-105.59,69.86,38.5,2584.0,0,
2026-08-16T14:12:30,LSVA0000DEMO00002,dc_charging,0,0,0,0,0,35.4,404.55,-105.68,69.88,38.5,2581.6,0,
2026-08-16T14:12:31,LSVA0000DEMO00002,dc_charging,0,0,0,0,0,35.4,404.64,-105.68,69.89,38.5,2579.4,0,
2026-08-16T14:12:32,LSVA0000DEMO00002,dc_charging,0,0,0,0,0,35.4,404.74,-105.58,69.9,38.5,2577.2,0,
2026-08-16T14:12:33,LSVA0000DEMO00002,dc_charging,0,0,0,0,0,35.4,404.8,-105.41,69.91,38.5,2575.4,0,
2026-08-16T14:12:34,LSVA0000DEMO00002,dc_charging,0,0,0,0,0,35.4,404.79,-105.18,69.92,38.5,2573.9,0,
2026-08-16T14:12:35,LSVA0000DEMO00002,dc_charging,0,0,0,0,0,35.4,404.71,-104.96,69.94,38.6,2572.7,0,
2026-08-16T14:12:36,LSVA0000DEMO00002,dc_charging,0,0,0,0,0,35.4,404.61,-104.79,69.95,38.6,2572.0,0,
2026-08-16T14:12:37,LSVA0000DEMO00002,dc_charging,0,0,0,0,0,35.4,404.53,-104.69,69.96,38.6,2571.7,0,
2026-08-16T14:12:38,LSVA0000DEMO00002,dc_charging,0,0,0,0,0,35.4,404.5,-104.7,69.97,38.6,2571.8,0,
2026-08-16T14:12:39,LSVA0000DEMO00002,dc_charging,0,0,0,0,0,35.4,404.54,-104.79,69.99,38.6,2572.3,0,
2026-08-16T14:12:40,LSVA0000DEMO00002,dc_charging,0,0,0,0,0,35.4,404.64,-104.95,70.0,38.6,2573.1,0,
2026-08-16T14:12:41,LSVA0000DEMO00002,dc_charging,0,0,0,0,0,35.4,404.74,-105.11,70.01,38.6,2574.1,0,
2026-08-16T14:12:42,LSVA0000DEMO00002,dc_charging,0,0,0,0,0,35.4,404.79,-105.24,70.03,38.7,2575.3,0,
2026-08-16T14:12:43,LSVA0000DEMO00002,dc_charging,0,0,0,0,0,35.4,404.78,-105.3,70.04,38.7,2576.6,0,
2026-08-16T14:12:44,LSVA0000DEMO00002,dc_charging,0,0,0,0,0,35.4,404.71,-105.26,70.05,38.7,2577.8,0,
2026-08-16T14:12:45,LSVA0000DEMO00002,dc_charging,0,0,0,0,0,35.4,404.6,-105.12,70.06,38.7,2579.0,0,
2026-08-16T14:12:46,LSVA0000DEMO00002,dc_charging,0,0,0,0,0,35.4,404.52,-104.92,70.08,38.7,2579.9,0,
2026-08-16T14:12:47,LSVA0000DEMO00002,dc_charging,0,0,0,0,0,35.4,404.5,-104.69,70.09,38.7,2580.5,0,
2026-08-16T14:12:48,LSVA0000DEMO00002,dc_charging,0,0,0,0,0,35.4,404.54,-104.48,70.1,38.7,2580.8,0,
2026-08-16T14:12:49,LSVA0000DEMO00002,dc_charging,0,0,0,0,0,35.4,404.64,-104.34,70.11,38.8,2580.7,0,
2026-08-16T14:12:50,LSVA0000DEMO00002,dc_charging,0,0,0,0,0,35.5,404.73,-104.29,70.12,38.8,2580.2,0,
2026-08-16T14:12:51,LSVA0000DEMO00002,dc_charging,0,0,0,0,0,35.5,404.79,-104.34,70.14,38.8,2579.2,0,
2026-08-16T14:12:52,LSVA0000DEMO00002,dc_charging,0,0,0,0,0,35.5,404.78,-104.46,70.15,38.8,2577.9,0,
2026-08-16T14:12:53,LSVA0000DEMO00002,dc_charging,0,0,0,0,0,35.5,404.7,-104.63,70.16,38.8,2576.2,0,
2026-08-16T14:12:54,LSVA0000DEMO00002,dc_charging,0,0,0,0,0,35.5,404.6,-104.78,70.17,38.8,2574.2,0,
2026-08-16T14:12:55,LSVA0000DEMO00002,dc_charging,0,0,0,0,0,35.5,404.51,-104.88,70.19,38.8,2572.0,0,
2026-08-16T14:12:56,LSVA0000DEMO00002,dc_charging,0,0,0,0,0,35.5,404.49,-104.9,70.2,38.9,2569.6,0,
2026-08-16T14:12:57,LSVA0000DEMO00002,dc_charging,0,0,0,0,0,35.5,404.54,-104.82,70.21,38.9,2567.2,0,
2026-08-16T14:12:58,LSVA0000DEMO00002,dc_charging,0,0,0,0,0,35.5,404.63,-104.65,70.22,38.9,2564.9,0,
2026-08-16T14:12:59,LSVA0000DEMO00002,dc_charging,0,0,0,0,0,35.5,404.73,-104.43,70.24,38.9,2562.7,0,
2026-08-16T14:13:00,LSVA0000DEMO00002,dc_charging,0,0,0,0,0,35.5,404.79,-104.2,70.25,38.9,2560.8,0,
2026-08-16T14:13:01,LSVA0000DEMO00002,dc_charging,0,0,0,0,0,35.5,404.77,-104.02,70.26,38.9,2559.1,0,
2026-08-16T14:13:02,LSVA0000DEMO00002,dc_charging,0,0,0,0,0,35.5,404.69,-103.92,70.28,38.9,2557.9,0,
2026-08-16T14:13:03,LSVA0000DEMO00002,dc_charging,0,0,0,0,0,35.5,404.59,-103.91,70.29,39.0,2557.0,0,
2026-08-16T14:13:04,LSVA0000DEMO00002,dc_charging,0,0,0,0,0,35.5,404.51,-103.99,70.3,39.0,2556.6,0,
2026-08-16T14:13:05,LSVA0000DEMO00002,dc_charging,0,0,0,0,0,35.5,404.49,-104.14,70.31,39.0,2556.5,0,
2026-08-16T14:13:06,LSVA0000DEMO00002,dc_charging,0,0,0,0,0,35.5,404.54,-104.31,70.33,39.0,2556.9,0,
2026-08-16T14:13:07,LSVA0000DEMO00002,dc_charging,0,0,0,0,0,35.5,404.63,-104.44,70.34,39.0,2557.6,0,
2026-08-16T14:13:08,LSVA0000DEMO00002,dc_charging,0,0,0,0,0,35.5,404.73,-104.51,70.35,39.0,2558.6,0,
2026-08-16T14:13:09,LSVA0000DEMO00002,dc_charging,0,0,0,0,0,35.5,404.78,-104.48,70.36,39.0,2559.7,0,
2026-08-16T14:13:10,LSVA0000DEMO00002,dc_charging,0,0,0,0,0,35.5,404.77,-104.36,70.38,39.1,2561.0,0,
2026-08-16T14:13:11,LSVA0000DEMO00002,dc_charging,0,0,0,0,0,35.5,404.69,-104.16,70.39,39.1,2562.3,0,
2026-08-16T14:13:12,LSVA0000DEMO00002,dc_charging,0,0,0,0,0,35.5,404.58,-103.94,70.4,39.1,2563.5,0,
2026-08-16T14:13:13,LSVA0000DEMO00002,dc_charging,0,0,0,0,0,35.5,404.5,-103.72,70.41,39.1,2564.5,0,
2026-08-16T14:13:14,LSVA0000DEMO00002,dc_charging,0,0,0,0,0,35.5,404.48,-103.57,70.42,39.1,2565.2,0,
2026-08-16T14:13:15,LSVA0000DEMO00002,dc_charging,0,0,0,0,0,35.5,404.53,-103.51,70.44,39.1,2565.6,0,
2026-08-16T14:13:16,LSVA0000DEMO00002,dc_charging,0,0,0,0,0,35.5,404.63,-103.54,70.45,39.1,2565.6,0,
2026-08-16T14:13:17,LSVA0000DEMO00002,dc_charging,0,0,0,0,0,35.5,404.73,-103.66,70.46,39.2,2565.2,0,
2026-08-16T14:13:18,LSVA0000DEMO00002,dc_charging,0,0,0,0,0,35.5,404.78,-103.82,70.47,39.2,2564.4,0,
2026-08-16T14:13:19,LSVA0000DEMO00002,dc_charging,0,0,0,0,0,35.5,404.76,-103.98,70.49,39.2,2563.2,0,
2026-08-16T14:13:20,LSVA0000DEMO00002,dc_charging,0,0,0,0,0,35.5,404.68,-104.09,70.5,39.2,2561.6,0,
2026-08-16T14:13:21,LSVA0000DEMO00002,dc_charging,0,0,0,0,0,35.5,404.58,-104.12,70.51,39.2,2559.7,0,
2026-08-16T14:13:22,LSVA0000DEMO00002,dc_charging,0,0,0,0,0,35.5,404.5,-104.05,70.53,39.2,2557.5,0,
2026-08-16T14:13:23,LSVA0000DEMO00002,dc_charging,0,0,0,0,0,35.5,404.48,-103.89,70.54,39.3,2555.2,0,
2026-08-16T14:13:24,LSVA0000DEMO00002,dc_charging,0,0,0,0,0,35.5,404.53,-103.67,70.55,39.3,2552.8,0,
2026-08-16T14:13:25,LSVA0000DEMO00002,dc_charging,0,0,0,0,0,35.5,404.63,-103.45,70.56,39.3,2550.4,0,
2026-08-16T14:13:26,LSVA0000DEMO00002,dc_charging,0,0,0,0,0,35.5,404.73,-103.26,70.58,39.3,2548.2,0,
2026-08-16T14:13:27,LSVA0000DEMO00002,dc_charging,0,0,0,0,0,35.5,404.77,-103.14,70.59,39.3,2546.2,0,
2026-08-16T14:13:28,LSVA0000DEMO00002,dc_charging,0,0,0,0,0,35.5,404.75,-103.12,70.6,39.3,2544.4,0,
2026-08-16T14:13:29,LSVA0000DEMO00002,dc_charging,0,0,0,0,0,35.5,404.67,-103.19,70.61,39.4,2543.1,0,
2026-08-16T14:13:30,LSVA0000DEMO00002,dc_charging,0,0,0,0,0,35.5,404.57,-103.33,70.62,39.4,2542.1,0,
2026-08-16T14:13:31,LSVA0000DEMO00002,dc_charging,0,0,0,0,0,35.5,404.49,-103.5,70.64,39.5,2541.5,0,
2026-08-16T14:13:32,LSVA0000DEMO00002,dc_charging,0,0,0,0,0,35.5,404.48,-103.64,70.65,39.5,2541.3,0,
2026-08-16T14:13:33,LSVA0000DEMO00002,dc_charging,0,0,0,0,0,35.5,404.53,-103.72,70.66,39.5,2541.6,0,
2026-08-16T14:13:34,LSVA0000DEMO00002,dc_charging,0,0,0,0,0,35.5,404.63,-103.71,70.67,39.5,2542.2,0,
2026-08-16T14:13:35,LSVA0000DEMO00002,dc_charging,0,0,0,0,0,35.4,404.72,-103.6,70.69,39.5,2543.1,0,
2026-08-16T14:13:36,LSVA0000DEMO00002,dc_charging,0,0,0,0,0,35.4,404.77,-103.41,70.7,39.5,2544.2,0,
2026-08-16T14:13:37,LSVA0000DEMO00002,dc_charging,0,0,0,0,0,35.4,404.75,-103.18,70.71,39.6,2545.4,0,
2026-08-16T14:13:38,LSVA0000DEMO00002,dc_charging,0,0,0,0,0,35.4,404.67,-102.96,70.72,39.6,2546.7,0,
2026-08-16T14:13:39,LSVA0000DEMO00002,dc_charging,0,0,0,0,0,35.4,404.56,-102.8,70.74,39.7,2547.9,0,
2026-08-16T14:13:40,LSVA0000DEMO00002,dc_charging,0,0,0,0,0,35.4,404.49,-102.73,70.75,39.7,2549.0,0,
2026-08-16T14:13:41,LSVA0000DEMO00002,dc_charging,0,0,0,0,0,35.4,404.47,-102.75,70.76,39.7,2549.8,0,
2026-08-16T14:13:42,LSVA0000DEMO00002,dc_charging,0,0,0,0,0,35.4,404.53,-102.85,70.78,39.7,2550.3,0,
2026-08-16T14:13:43,LSVA0000DEMO00002,dc_charging,0,0,0,0,0,35.4,404.63,-103.01,70.79,39.7,2550.5,0,
2026-08-16T14:13:44,LSVA0000DEMO00002,dc_charging,0,0,0,0,0,35.4,404.72,-103.17,70.8,39.8,2550.2,0,
2026-08-16T14:13:45,LSVA0000DEMO00002,dc_charging,0,0,0,0,0,35.4,404.77,-103.29,70.81,39.8,2549.5,0,
2026-08-16T14:13:46,LSVA0000DEMO00002,dc_charging,0,0,0,0,0,35.4,404.74,-103.33,70.83,39.8,2548.4,0,
2026-08-16T14:13:47,LSVA0000DEMO00002,dc_charging,0,0,0,0,0,35.4,404.66,-103.28,70.84,39.8,2547.0,0,
2026-08-16T14:13:48,LSVA0000DEMO00002,dc_charging,0,0,0,0,0,35.4,404.56,-103.13,70.85,39.8,2545.1,0,
2026-08-16T14:13:49,LSVA0000DEMO00002,dc_charging,0,0,0,0,0,35.4,404.48,-102.92,70.86,39.8,2543.0,0,
2026-08-16T14:13:50,LSVA0000DEMO00002,dc_charging,0,0,0,0,0,35.4,404.47,-102.69,70.88,39.9,2540.8,0,
2026-08-16T14:13:51,LSVA0000DEMO00002,dc_charging,0,0,0,0,0,35.4,404.53,-102.49,70.89,39.9,2538.4,0,
2026-08-16T14:13:52,LSVA0000DEMO00002,dc_charging,0,0,0,0,0,35.4,404.62,-102.36,70.9,40.0,2536.0,0,
2026-08-16T14:13:53,LSVA0000DEMO00002,dc_charging,0,0,0,0,0,35.4,404.72,-102.33,70.91,40.0,2533.7,0,
2026-08-16T14:13:54,LSVA0000DEMO00002,dc_charging,0,0,0,0,0,35.4,404.76,-102.39,70.92,40.0,2531.6,0,
2026-08-16T14:13:55,LSVA0000DEMO00002,dc_charging,0,0,0,0,0,35.4,404.74,-102.53,70.94,40.0,2529.8,0,
2026-08-16T14:13:56,LSVA0000DEMO00002,dc_charging,0,0,0,0,0,35.4,404.65,-102.69,70.95,40.0,2528.3,0,
2026-08-16T14:13:57,LSVA0000DEMO00002,dc_charging,0,0,0,0,0,35.4,404.55,-102.84,70.96,40.0,2527.2,0,
2026-08-16T14:13:58,LSVA0000DEMO00002,dc_charging,0,0,0,0,0,35.4,404.48,-102.93,70.97,40.1,2526.4,0,
2026-08-16T14:13:59,LSVA0000DEMO00002,dc_charging,0,0,0,0,0,35.4,404.47,-102.93,70.99,40.1,2526.2,0,
2026-08-16T14:14:00,LSVA0000DEMO00002,dc_charging,0,0,0,0,0,35.4,404.52,-102.83,71.0,40.1,2526.3,0,
2026-08-16T14:14:01,LSVA0000DEMO00002,dc_charging,0,0,0,0,0,35.4,404.62,-102.65,71.01,40.2,2526.8,0,
2026-08-16T14:14:02,LSVA0000DEMO00002,dc_charging,0,0,0,0,0,35.4,404.72,-102.43,71.03,40.2,2527.6,0,
2026-08-16T14:14:03,LSVA0000DEMO00002,dc_charging,0,0,0,0,0,35.4,404.76,-102.21,71.04,40.2,2528.6,0,
2026-08-16T14:14:04,LSVA0000DEMO00002,dc_charging,0,0,0,0,0,35.4,404.73,-102.03,71.05,40.2,2529.8,0,
2026-08-16T14:14:05,LSVA0000DEMO00002,dc_charging,0,0,0,0,0,35.4,404.65,-101.94,71.06,40.3,2531.1,0,
2026-08-16T14:14:06,LSVA0000DEMO00002,dc_charging,0,0,0,0,0,35.4,404.54,-101.95,71.08,40.3,2532.4,0,
2026-08-16T14:14:07,LSVA0000DEMO00002,dc_charging,0,0,0,0,0,35.4,404.47,-102.05,71.09,40.3,2533.5,0,
2026-08-16T14:14:08,LSVA0000DEMO00002,dc_charging,0,0,0,0,0,35.4,404.46,-102.2,71.1,40.3,2534.4,0,
2026-08-16T14:14:09,LSVA0000DEMO00002,dc_charging,0,0,0,0,0,35.4,404.52,-102.37,71.11,40.3,2535.0,0,
2026-08-16T14:14:10,LSVA0000DEMO00002,dc_charging,0,0,0,0,0,35.4,404.62,-102.5,71.12,40.4,2535.3,0,
2026-08-16T14:14:11,LSVA0000DEMO00002,dc_charging,0,0,0,0,0,35.4,404.71,-102.55,71.14,40.4,2535.2,0,
2026-08-16T14:14:12,LSVA0000DEMO00002,dc_charging,0,0,0,0,0,35.4,404.76,-102.51,71.15,40.4,2534.6,0,
2026-08-16T14:14:13,LSVA0000DEMO00002,dc_charging,0,0,0,0,0,35.4,404.73,-102.37,71.16,40.5,2533.7,0,
2026-08-16T14:14:14,LSVA0000DEMO00002,dc_charging,0,0,0,0,0,35.4,404.64,-102.16,71.17,40.5,2532.3,0,
2026-08-16T14:14:15,LSVA0000DEMO00002,dc_charging,0,0,0,0,0,35.4,404.54,-101.93,71.19,40.5,2530.6,0,
2026-08-16T14:14:16,LSVA0000DEMO00002,dc_charging,0,0,0,0,0,35.4,404.47,-101.73,71.2,40.5,2528.6,0,
2026-08-16T14:14:17,LSVA0000DEMO00002,dc_charging,0,0,0,0,0,35.4,404.46,-101.59,71.21,40.6,2526.3,0,
2026-08-16T14:14:18,LSVA0000DEMO00002,dc_charging,0,0,0,0,0,35.4,404.52,-101.54,71.22,40.6,2524.0,0,
2026-08-16T14:14:19,LSVA0000DEMO00002,dc_charging,0,0,0,0,0,35.4,404.62,-101.59,71.24,40.7,2521.6,0,
2026-08-16T14:14:20,LSVA0000DEMO00002,dc_charging,0,0,0,0,0,35.4,404.71,-101.72,71.25,40.7,2519.3,0,
2026-08-16T14:14:21,LSVA0000DEMO00002,dc_charging,0,0,0,0,0,35.4,404.75,-101.88,71.26,40.8,2517.1,0,
2026-08-16T14:14:22,LSVA0000DEMO00002,dc_charging,0,0,0,0,0,35.4,404.72,-102.04,71.28,40.8,2515.2,0,
2026-08-16T14:14:23,LSVA0000DEMO00002,dc_charging,0,0,0,0,0,35.4,404.63,-102.14,71.29,40.8,2513.5,0,
2026-08-16T14:14:24,LSVA0000DEMO00002,dc_charging,0,0,0,0,0,35.4,404.53,-102.15,71.3,40.8,2512.3,0,
2026-08-16T14:14:25,LSVA0000DEMO00002,dc_charging,0,0,0,0,0,35.4,404.46,-102.06,71.31,40.9,2511.5,0,
2026-08-16T14:14:26,LSVA0000DEMO00002,dc_charging,0,0,0,0,0,35.4,404.46,-101.89,71.33,40.9,2511.0,0,
2026-08-16T14:14:27,LSVA0000DEMO00002,dc_charging,0,0,0,0,0,35.4,404.52,-101.67,71.34,41.0,2511.0,0,
2026-08-16T14:14:28,LSVA0000DEMO00002,dc_charging,0,0,0,0,0,35.4,404.62,-101.45,71.35,41.0,2511.4,0,
2026-08-16T14:14:29,LSVA0000DEMO00002,dc_charging,0,0,0,0,0,35.4,404.71,-101.27,71.36,41.0,2512.1,0,
2026-08-16T14:14:30,LSVA0000DEMO00002,dc_charging,0,0,0,0,0,35.4,404.75,-101.16,71.38,41.0,2513.1,0,
2026-08-16T14:14:31,LSVA0000DEMO00002,dc_charging,0,0,0,0,0,35.4,404.72,-101.16,71.39,41.0,2514.3,0,
2026-08-16T14:14:32,LSVA0000DEMO00002,dc_charging,0,0,0,0,0,35.4,404.63,-101.25,71.4,41.1,2515.5,0,
2026-08-16T14:14:33,LSVA0000DEMO00002,dc_charging,0,0,0,0,0,35.4,404.53,-101.4,71.41,41.2,2516.8,0,
2026-08-16T14:14:34,LSVA0000DEMO00002,dc_charging,0,0,0,0,0,35.4,404.46,-101.56,71.42,41.2,2518.0,0,
2026-08-16T14:14:35,LSVA0000DEMO00002,dc_charging,0,0,0,0,0,35.4,404.45,-101.7,71.44,41.2,2519.0,0,
2026-08-16T14:14:36,LSVA0000DEMO00002,dc_charging,0,0,0,0,0,35.4,404.52,-101.76,71.45,41.3,2519.7,0,
2026-08-16T14:14:37,LSVA0000DEMO00002,dc_charging,0,0,0,0,0,35.4,404.62,-101.73,71.46,41.3,2520.1,0,
2026-08-16T14:14:38,LSVA0000DEMO00002,dc_charging,0,0,0,0,0,35.4,404.71,-101.61,71.47,41.3,2520.1,0,
2026-08-16T14:14:39,LSVA0000DEMO00002,dc_charging,0,0,0,0,0,35.4,404.74,-101.41,71.49,41.3,2519.7,0,
2026-08-16T14:14:40,LSVA0000DEMO00002,dc_charging,0,0,0,0,0,35.4,404.71,-101.18,71.5,41.4,2518.8,0,
2026-08-16T14:14:41,LSVA0000DEMO00002,dc_charging,0,0,0,0,0,35.3,404.62,-100.97,71.51,41.5,2517.6,0,
2026-08-16T14:14:42,LSVA0000DEMO00002,dc_charging,0,0,0,0,0,35.3,404.52,-100.82,71.53,41.5,2516.0,0,
2026-08-16T14:14:43,LSVA0000DEMO00002,dc_charging,0,0,0,0,0,35.3,404.45,-100.76,71.54,41.5,2514.1,0,
2026-08-16T14:14:44,LSVA0000DEMO00002,dc_charging,0,0,0,0,0,35.3,404.45,-100.8,71.55,41.5,2511.9,0,
2026-08-16T14:14:45,LSVA0000DEMO00002,dc_charging,0,0,0,0,0,35.3,404.51,-100.91,71.56,41.5,2509.6,0,
2026-08-16T14:14:46,LSVA0000DEMO00002,dc_charging,0,0,0,0,0,35.3,404.61,-101.08,71.58,41.6,2507.2,0,
2026-08-16T14:14:47,LSVA0000DEMO00002,dc_charging,0,0,0,0,0,35.3,404.7,-101.24,71.59,41.6,2504.8,0,
2026-08-16T14:14:48,LSVA0000DEMO00002,dc_charging,0,0,0,0,0,35.3,404.74,-101.34,71.6,41.7,2502.6,0,
2026-08-16T14:14:49,LSVA0000DEMO00002,dc_charging,0,0,0,0,0,35.3,404.7,-101.37,71.61,41.7,2500.6,0,
2026-08-16T14:14:50,LSVA0000DEMO00002,dc_charging,0,0,0,0,0,35.3,404.61,-101.3,71.62,41.7,2498.8,0,
2026-08-16T14:14:51,LSVA0000DEMO00002,dc_charging,0,0,0,0,0,35.3,404.51,-101.13,71.64,41.8,2497.5,0,
2026-08-16T14:14:52,LSVA0000DEMO00002,dc_charging,0,0,0,0,0,35.3,404.45,-100.92,71.65,41.8,2496.5,0,
2026-08-16T14:14:53,LSVA0000DEMO00002,dc_charging,0,0,0,0,0,35.3,404.45,-100.69,71.66,41.8,2495.9,0,
2026-08-16T14:14:54,LSVA0000DEMO00002,dc_charging,0,0,0,0,0,35.3,404.51,-100.5,71.67,41.9,2495.8,0,
2026-08-16T14:14:55,LSVA0000DEMO00002,dc_charging,0,0,0,0,0,35.3,404.61,-100.39,71.69,42.0,2496.1,0,
2026-08-16T14:14:56,LSVA0000DEMO00002,dc_charging,0,0,0,0,0,35.3,404.7,-100.37,71.7,42.0,2496.7,0,
2026-08-16T14:14:57,LSVA0000DEMO00002,dc_charging,0,0,0,0,0,35.3,404.73,-100.45,71.71,42.0,2497.6,0,
2026-08-16T14:14:58,LSVA0000DEMO00002,dc_charging,0,0,0,0,0,35.3,404.7,-100.59,71.72,42.0,2498.7,0,
2026-08-16T14:14:59,LSVA0000DEMO00002,dc_charging,0,0,0,0,0,35.3,404.61,-100.76,71.74,42.1,2500.0,0,
2026-08-16T14:15:00,LSVA0000DEMO00002,dc_charging,0,0,0,0,0,35.3,404.51,-100.9,71.75,42.1,2501.2,0,
2026-08-16T14:15:01,LSVA0000DEMO00002,dc_charging,0,0,0,0,0,35.3,404.44,-100.97,71.76,42.2,2502.4,0,
2026-08-16T14:15:02,LSVA0000DEMO00002,dc_charging,0,0,0,0,0,35.3,404.44,-100.96,71.78,42.2,2503.5,0,
2026-08-16T14:15:03,LSVA0000DEMO00002,dc_charging,0,0,0,0,0,35.3,404.51,-100.84,71.79,42.3,2504.3,0,
2026-08-16T14:15:04,LSVA0000DEMO00002,dc_charging,0,0,0,0,0,35.3,404.61,-100.65,71.8,42.3,2504.8,0,
2026-08-16T14:15:05,LSVA0000DEMO00002,dc_charging,0,0,0,0,0,35.3,404.7,-100.42,71.81,42.3,2504.9,0,
2026-08-16T14:15:06,LSVA0000DEMO00002,dc_charging,0,0,0,0,0,35.3,404.73,-100.21,71.83,42.4,2504.7,0,
2026-08-16T14:15:07,LSVA0000DEMO00002,dc_charging,0,0,0,0,0,35.3,404.69,-100.05,71.84,42.4,2504.0,0,
2026-08-16T14:15:08,LSVA0000DEMO00002,dc_charging,0,0,0,0,0,35.3,404.6,-99.98,71.85,42.5,2502.8,0,
2026-08-16T14:15:09,LSVA0000DEMO00002,dc_charging,0,0,0,0,0,35.3,404.5,-100.0,71.86,42.6,2501.3,0,
2026-08-16T14:15:10,LSVA0000DEMO00002,dc_charging,0,0,0,0,0,35.3,404.44,-100.11,71.88,42.6,2499.5,0,
2026-08-16T14:15:11,LSVA0000DEMO00002,dc_charging,0,0,0,0,0,35.3,404.44,-100.27,71.89,42.6,2497.4,0,
2026-08-16T14:15:12,LSVA0000DEMO00002,dc_charging,0,0,0,0,0,35.3,404.51,-100.43,71.9,42.6,2495.1,0,
2026-08-16T14:15:13,LSVA0000DEMO00002,dc_charging,0,0,0,0,0,35.3,404.61,-100.55,71.91,42.7,2492.8,0,
2026-08-16T14:15:14,LSVA0000DEMO00002,dc_charging,0,0,0,0,0,35.3,404.7,-100.59,71.92,42.8,2490.4,0,
2026-08-16T14:15:15,LSVA0000DEMO00002,dc_charging,0,0,0,0,0,35.3,404.73,-100.52,71.94,42.8,2488.1,0,
2026-08-16T14:15:16,LSVA0000DEMO00002,dc_charging,0,0,0,0,0,35.3,404.69,-100.37,71.95,42.9,2486.0,0,
2026-08-16T14:15:17,LSVA0000DEMO00002,dc_charging,0,0,0,0,0,35.3,404.59,-100.16,71.96,42.9,2484.2,0,
2026-08-16T14:15:18,LSVA0000DEMO00002,dc_charging,0,0,0,0,0,35.3,404.49,-99.93,71.97,43.0,2482.7,0,
2026-08-16T14:15:19,LSVA0000DEMO00002,dc_charging,0,0,0,0,0,35.3,404.43,-99.74,71.99,43.0,2481.6,0,
2026-08-16T14:15:20,LSVA0000DEMO00002,dc_charging,0,0,0,0,0,35.3,404.44,-99.61,72.0,43.0,2480.9,0,
2026-08-16T14:15:21,LSVA0000DEMO00002,dc_charging,0,0,0,0,0,35.2,404.51,-99.58,72.01,43.1,2480.6,0,
2026-08-16T14:15:22,LSVA0000DEMO00002,dc_charging,0,0,0,0,0,35.2,404.61,-99.65,72.03,43.2,2480.8,0,
2026-08-16T14:15:23,LSVA0000DEMO00002,dc_charging,0,0,0,0,0,35.2,404.69,-99.78,72.04,43.2,2481.3,0,
2026-08-16T14:15:24,LSVA0000DEMO00002,dc_charging,0,0,0,0,0,35.2,404.72,-99.95,72.05,43.3,2482.1,0,
2026-08-16T14:15:25,LSVA0000DEMO00002,dc_charging,0,0,0,0,0,35.2,404.68,-100.1,72.06,43.3,2483.2,0,
2026-08-16T14:15:26,LSVA0000DEMO00002,dc_charging,0,0,0,0,0,35.2,404.59,-100.18,72.08,43.3,2484.4,0,
2026-08-16T14:15:27,LSVA0000DEMO00002,dc_charging,0,0,0,0,0,35.2,404.49,-100.18,72.09,43.4,2485.7,0,
2026-08-16T14:15:28,LSVA0000DEMO00002,dc_charging,0,0,0,0,0,35.2,404.43,-100.08,72.1,43.4,2486.9,0,
2026-08-16T14:15:29,LSVA0000DEMO00002,dc_charging,0,0,0,0,0,35.2,404.43,-99.89,72.11,43.5,2488.0,0,
2026-08-16T14:15:30,LSVA0000DEMO00002,dc_charging,0,0,0,0,0,35.2,404.5,-99.67,72.12,43.6,2488.9,0,
2026-08-16T14:15:31,LSVA0000DEMO00002,dc_charging,0,0,0,0,0,35.2,404.61,-99.45,72.14,43.6,2489.5,0,
2026-08-16T14:15:32,LSVA0000DEMO00002,dc_charging,0,0,0,0,0,35.2,404.69,-99.28,72.15,43.6,2489.8,0,
2026-08-16T14:15:33,LSVA0000DEMO00002,dc_charging,0,0,0,0,0,35.2,404.72,-99.19,72.16,43.7,2489.6,0,
2026-08-16T14:15:34,LSVA0000DEMO00002,dc_charging,0,0,0,0,0,35.2,404.67,-99.21,72.17,43.7,2489.1,0,
2026-08-16T14:15:35,LSVA0000DEMO00002,dc_charging,0,0,0,0,0,35.2,404.58,-99.31,72.19,43.8,2488.1,0,
2026-08-16T14:15:36,LSVA0000DEMO00002,dc_charging,0,0,0,0,0,35.2,404.48,-99.46,72.2,43.8,2486.7,0,
2026-08-16T14:15:37,LSVA0000DEMO00002,dc_charging,0,0,0,0,0,35.2,404.42,-99.63,72.21,43.9,2485.0,0,
2026-08-16T14:15:38,LSVA0000DEMO00002,dc_charging,0,0,0,0,0,35.2,404.43,-99.75,72.22,44.0,2482.9,0,
2026-08-16T14:15:39,LSVA0000DEMO00002,dc_charging,0,0,0,0,0,35.2,404.5,-99.8,72.24,44.0,2480.7,0,
2026-08-16T14:15:40,LSVA0000DEMO00002,dc_charging,0,0,0,0,0,35.2,404.6,-99.75,72.25,44.0,2478.3,0,
2026-08-16T14:15:41,LSVA0000DEMO00002,dc_charging,0,0,0,0,0,35.2,404.69,-99.61,72.26,44.1,2475.9,0,
2026-08-16T14:15:42,LSVA0000DEMO00002,dc_charging,0,0,0,0,0,35.2,404.71,-99.41,72.28,44.1,2473.6,0,
2026-08-16T14:15:43,LSVA0000DEMO00002,dc_charging,0,0,0,0,0,35.2,404.67,-99.18,72.29,44.2,2471.5,0,
2026-08-16T14:15:44,LSVA0000DEMO00002,dc_charging,0,0,0,0,0,35.2,404.57,-98.97,72.3,44.3,2469.5,0,
2026-08-16T14:15:45,LSVA0000DEMO00002,dc_charging,0,0,0,0,0,35.2,404.47,-98.84,72.31,44.3,2467.9,0,
2026-08-16T14:15:46,LSVA0000DEMO00002,dc_charging,0,0,0,0,0,35.2,404.42,-98.79,72.33,44.3,2466.7,0,
2026-08-16T14:15:47,LSVA0000DEMO00002,dc_charging,0,0,0,0,0,35.2,404.43,-98.85,72.34,44.4,2465.9,0,
2026-08-16T14:15:48,LSVA0000DEMO00002,dc_charging,0,0,0,0,0,35.2,404.5,-98.98,72.35,44.4,2465.5,0,
2026-08-16T14:15:49,LSVA0000DEMO00002,dc_charging,0,0,0,0,0,35.2,404.6,-99.14,72.36,44.5,2465.5,0,
2026-08-16T14:15:50,LSVA0000DEMO00002,dc_charging,0,0,0,0,0,35.2,404.68,-99.29,72.38,44.6,2465.9,0,
2026-08-16T14:15:51,LSVA0000DEMO00002,dc_charging,0,0,0,0,0,35.2,404.71,-99.39,72.39,44.7,2466.6,0,
2026-08-16T14:15:52,LSVA0000DEMO00002,dc_charging,0,0,0,0,0,35.2,404.66,-99.4,72.4,44.7,2467.6,0,
2026-08-16T14:15:53,LSVA0000DEMO00002,dc_charging,0,0,0,0,0,35.2,404.57,-99.31,72.41,44.7,2468.8,0,
2026-08-16T14:15:54,LSVA0000DEMO00002,dc_charging,0,0,0,0,0,35.2,404.47,-99.14,72.42,44.8,2470.1,0,
2026-08-16T14:15:55,LSVA0000DEMO00002,dc_charging,0,0,0,0,0,35.2,404.41,-98.92,72.44,44.8,2471.3,0,
2026-08-16T14:15:56,LSVA0000DEMO00002,dc_charging,0,0,0,0,0,35.2,404.42,-98.69,72.45,44.9,2472.5,0,
2026-08-16T14:15:57,LSVA0000DEMO00002,dc_charging,0,0,0,0,0,35.1,404.5,-98.51,72.46,45.0,2473.5,0,
2026-08-16T14:15:58,LSVA0000DEMO00002,dc_charging,0,0,0,0,0,35.1,404.6,-98.41,72.47,45.1,2474.2,0,
2026-08-16T14:15:59,LSVA0000DEMO00002,dc_charging,0,0,0,0,0,35.1,404.68,-98.41,72.49,45.1,2474.6,0,
2026-08-16T14:16:00,LSVA0000DEMO00002,dc_charging,0,0,0,0,0,35.1,404.7,-98.5,72.5,45.2,2474.5,0,
2026-08-16T14:16:01,LSVA0000DEMO00002,dc_charging,0,0,0,0,0,35.1,404.66,-98.65,72.51,45.2,2474.1,0,
2026-08-16T14:16:02,LSVA0000DEMO00002,dc_charging,0,0,0,0,0,35.1,404.56,-98.82,72.53,45.3,2473.2,0,
2026-08-16T14:16:03,LSVA0000DEMO00002,dc_charging,0,0,0,0,0,35.1,404.46,-98.95,72.54,45.4,2472.0,0,
2026-08-16T14:16:04,LSVA0000DEMO00002,dc_charging,0,0,0,0,0,35.1,404.41,-99.01,72.55,45.4,2470.4,0,
2026-08-16T14:16:05,LSVA0000DEMO00002,dc_charging,0,0,0,0,0,35.1,404.42,-98.98,72.56,45.5,2468.4,0,
2026-08-16T14:16:06,LSVA0000DEMO00002,dc_charging,0,0,0,0,0,35.1,404.5,-98.85,72.58,45.6,2466.2,0,
2026-08-16T14:16:07,LSVA0000DEMO00002,dc_charging,0,0,0,0,0,35.1,404.6,-98.65,72.59,45.6,2463.9,0,
2026-08-16T14:16:08,LSVA0000DEMO00002,dc_charging,0,0,0,0,0,35.1,404.68,-98.42,72.6,45.7,2461.5,0,
2026-08-16T14:16:09,LSVA0000DEMO00002,dc_charging,0,0,0,0,0,35.1,404.7,-98.21,72.61,45.7,2459.2,0,
2026-08-16T14:16:10,LSVA0000DEMO00002,dc_charging,0,0,0,0,0,35.1,404.65,-98.07,72.62,45.8,2457.0,0,
2026-08-16T14:16:11,LSVA0000DEMO00002,dc_charging,0,0,0,0,0,35.1,404.55,-98.01,72.64,45.9,2454.9,0,
2026-08-16T14:16:12,LSVA0000DEMO00002,dc_charging,0,0,0,0,0,35.1,404.46,-98.05,72.65,46.0,2453.2,0,
2026-08-16T14:16:13,LSVA0000DEMO00002,dc_charging,0,0,0,0,0,35.1,404.4,-98.17,72.66,46.0,2451.9,0,
2026-08-16T14:16:14,LSVA0000DEMO00002,dc_charging,0,0,0,0,0,35.1,404.42,-98.33,72.67,46.1,2450.9,0,
2026-08-16T14:16:15,LSVA0000DEMO00002,dc_charging,0,0,0,0,0,35.1,404.49,-98.49,72.69,46.1,2450.4,0,
2026-08-16T14:16:16,LSVA0000DEMO00002,dc_charging,0,0,0,0,0,35.1,404.6,-98.6,72.7,46.2,2450.3,0,
2026-08-16T14:16:17,LSVA0000DEMO00002,dc_charging,0,0,0,0,0,35.1,404.68,-98.62,72.71,46.2,2450.6,0,
2026-08-16T14:16:18,LSVA0000DEMO00002,dc_charging,0,0,0,0,0,35.1,404.7,-98.54,72.72,46.3,2451.2,0,
2026-08-16T14:16:19,LSVA0000DEMO00002,dc_charging,0,0,0,0,0,35.1,404.64,-98.38,72.74,46.4,2452.1,0,
2026-08-16T14:16:20,LSVA0000DEMO00002,dc_charging,0,0,0,0,0,35.1,404.55,-98.16,72.75,46.5,2453.2,0,
2026-08-16T14:16:21,LSVA0000DEMO00002,dc_charging,0,0,0,0,0,35.1,404.45,-97.93,72.76,46.5,2454.5,0,
2026-08-16T14:16:22,LSVA0000DEMO00002,dc_charging,0,0,0,0,0,35.1,404.4,-97.75,72.78,46.5,2455.8,0,
2026-08-16T14:16:23,LSVA0000DEMO00002,dc_charging,0,0,0,0,0,35.1,404.41,-97.64,72.79,46.6,2457.0,0,
2026-08-16T14:16:24,LSVA0000DEMO00002,dc_charging,0,0,0,0,0,35.1,404.49,-97.62,72.8,46.7,2458.0,0,
2026-08-16T14:16:25,LSVA0000DEMO00002,dc_charging,0,0,0,0,0,35.1,404.6,-97.7,72.81,46.8,2458.8,0,
2026-08-16T14:16:26,LSVA0000DEMO00002,dc_charging,0,0,0,0,0,35.1,404.67,-97.85,72.83,46.9,2459.3,0,
2026-08-16T14:16:27,LSVA0000DEMO00002,dc_charging,0,0,0,0,0,35.1,404.69,-98.01,72.84,46.9,2459.4,0,
2026-08-16T14:16:28,LSVA0000DEMO00002,dc_charging,0,0,0,0,0,35.1,404.64,-98.15,72.85,47.0,2459.1,0,
2026-08-16T14:16:29,LSVA0000DEMO00002,dc_charging,0,0,0,0,0,35.1,404.54,-98.23,72.86,47.0,2458.4,0,
2026-08-16T14:16:30,LSVA0000DEMO00002,dc_charging,0,0,0,0,0,35.1,404.44,-98.2,72.88,47.1,2457.3,0,
2026-08-16T14:16:31,LSVA0000DEMO00002,dc_charging,0,0,0,0,0,35.1,404.39,-98.09,72.89,47.2,2455.7,0,
2026-08-16T14:16:32,LSVA0000DEMO00002,dc_charging,0,0,0,0,0,35.1,404.41,-97.9,72.9,47.3,2453.9,0,
2026-08-16T14:16:33,LSVA0000DEMO00002,dc_charging,0,0,0,0,0,35.1,404.49,-97.67,72.91,47.3,2451.8,0,
2026-08-16T14:16:34,LSVA0000DEMO00002,dc_charging,0,0,0,0,0,35.1,404.59,-97.45,72.92,47.4,2449.5,0,
2026-08-16T14:16:35,LSVA0000DEMO00002,dc_charging,0,0,0,0,0,35.0,404.67,-97.29,72.94,47.4,2447.1,0,
2026-08-16T14:16:36,LSVA0000DEMO00002,dc_charging,0,0,0,0,0,35.0,404.69,-97.23,72.95,47.5,2444.7,0,
2026-08-16T14:16:37,LSVA0000DEMO00002,dc_charging,0,0,0,0,0,35.0,404.63,-97.25,72.96,47.6,2442.5,0,
2026-08-16T14:16:38,LSVA0000DEMO00002,dc_charging,0,0,0,0,0,35.0,404.53,-97.37,72.97,47.7,2440.4,0,
2026-08-16T14:16:39,LSVA0000DEMO00002,dc_charging,0,0,0,0,0,35.0,404.44,-97.53,72.99,47.8,2438.6,0,
2026-08-16T14:16:40,LSVA0000DEMO00002,dc_charging,0,0,0,0,0,35.0,404.39,-97.69,73.0,47.9,2437.1,0,
2026-08-16T14:16:41,LSVA0000DEMO00002,dc_charging,0,0,0,0,0,35.0,404.41,-97.8,73.01,47.9,2436.0,0,
2026-08-16T14:16:42,LSVA0000DEMO00002,dc_charging,0,0,0,0,0,35.0,404.49,-97.84,73.03,48.0,2435.3,0,
2026-08-16T14:16:43,LSVA0000DEMO00002,dc_charging,0,0,0,0,0,35.0,404.59,-97.77,73.04,48.0,2435.1,0,
2026-08-16T14:16:44,LSVA0000DEMO00002,dc_charging,0,0,0,0,0,35.0,404.67,-97.62,73.05,48.1,2435.3,0,
2026-08-16T14:16:45,LSVA0000DEMO00002,dc_charging,0,0,0,0,0,35.0,404.68,-97.41,73.06,48.2,2435.8,0,
2026-08-16T14:16:46,LSVA0000DEMO00002,dc_charging,0,0,0,0,0,35.0,404.63,-97.18,73.08,48.3,2436.6,0,
2026-08-16T14:16:47,LSVA0000DEMO00002,dc_charging,0,0,0,0,0,35.0,404.53,-96.98,73.09,48.4,2437.7,0,
2026-08-16T14:16:48,LSVA0000DEMO00002,dc_charging,0,0,0,0,0,35.0,404.43,-96.86,73.1,48.5,2438.9,0,
2026-08-16T14:16:49,LSVA0000DEMO00002,dc_charging,0,0,0,0,0,35.0,404.38,-96.83,73.11,48.5,2440.2,0,
2026-08-16T14:16:50,LSVA0000DEMO00002,dc_charging,0,0,0,0,0,35.0,404.41,-96.9,73.12,48.6,2441.4,0,
2026-08-16T14:16:51,LSVA0000DEMO00002,dc_charging,0,0,0,0,0,35.0,404.49,-97.04,73.14,48.7,2442.5,0,
2026-08-16T14:16:52,LSVA0000DEMO00002,dc_charging,0,0,0,0,0,35.0,404.59,-97.21,73.15,48.8,2443.4,0,
2026-08-16T14:16:53,LSVA0000DEMO00002,dc_charging,0,0,0,0,0,35.0,404.66,-97.35,73.16,48.9,2444.0,0,
2026-08-16T14:16:54,LSVA0000DEMO00002,dc_charging,0,0,0,0,0,35.0,404.68,-97.44,73.17,49.0,2444.2,0,
2026-08-16T14:16:55,LSVA0000DEMO00002,dc_charging,0,0,0,0,0,35.0,404.62,-97.43,73.19,49.0,2444.1,0,
2026-08-16T14:16:56,LSVA0000DEMO00002,dc_charging,0,0,0,0,0,35.0,404.52,-97.32,73.2,49.1,2443.5,0,
2026-08-16T14:16:57,LSVA0000DEMO00002,dc_charging,0,0,0,0,0,35.0,404.43,-97.14,73.21,49.1,2442.5,0,
2026-08-16T14:16:58,LSVA0000DEMO00002,dc_charging,0,0,0,0,0,35.0,404.38,-96.91,73.22,49.2,2441.1,0,
2026-08-16T14:16:59,LSVA0000DEMO00002,dc_charging,0,0,0,0,0,35.0,404.4,-96.69,73.24,49.3,2439.3,0,
2026-08-16T14:17:00,LSVA0000DEMO00002,dc_charging,0,0,0,0,0,35.0,404.49,-96.53,73.25,49.4,2437.3,0,
2026-08-16T14:17:01,LSVA0000DEMO00002,dc_charging,0,0,0,0,0,35.0,404.59,-96.44,73.26,49.5,2435.1,0,
2026-08-16T14:17:02,LSVA0000DEMO00002,dc_charging,0,0,0,0,0,35.0,404.66,-96.46,73.28,49.6,2432.7,0,
2026-08-16T14:17:03,LSVA0000DEMO00002,dc_charging,0,0,0,0,0,35.0,404.67,-96.56,73.29,49.6,2430.3,0,
2026-08-16T14:17:04,LSVA0000DEMO00002,dc_charging,0,0,0,0,0,35.0,404.61,-96.72,73.3,49.7,2428.0,0,
2026-08-16T14:17:05,LSVA0000DEMO00002,dc_charging,0,0,0,0,0,35.0,404.51,-96.88,73.31,49.8,2425.8,0,
2026-08-16T14:17:06,LSVA0000DEMO00002,dc_charging,0,0,0,0,0,35.0,404.42,-97.01,73.33,49.9,2423.9,0,
2026-08-16T14:17:07,LSVA0000DEMO00002,dc_charging,0,0,0,0,0,35.0,404.38,-97.05,73.34,50.0,2422.3,0,
2026-08-16T14:17:08,LSVA0000DEMO00002,dc_charging,0,0,0,0,0,35.0,404.4,-97.0,73.35,50.1,2421.1,0,
2026-08-16T14:17:09,LSVA0000DEMO00002,dc_charging,0,0,0,0,0,35.0,404.48,-96.86,73.36,50.2,2420.3,0,
2026-08-16T14:17:10,LSVA0000DEMO00002,dc_charging,0,0,0,0,0,35.0,404.59,-96.65,73.38,50.2,2420.0,0,
2026-08-16T14:17:11,LSVA0000DEMO00002,dc_charging,0,0,0,0,0,35.0,404.66,-96.42,73.39,50.3,2420.0,0,
2026-08-16T14:17:12,LSVA0000DEMO00002,dc_charging,0,0,0,0,0,35.0,404.67,-96.22,73.4,50.4,2420.4,0,
2026-08-16T14:17:13,LSVA0000DEMO00002,dc_charging,0,0,0,0,0,35.0,404.61,-96.09,73.41,50.5,2421.1,0,
2026-08-16T14:17:14,LSVA0000DEMO00002,dc_charging,0,0,0,0,0,35.0,404.51,-96.05,73.42,50.6,2422.1,0,
2026-08-16T14:17:15,LSVA0000DEMO00002,dc_charging,0,0,0,0,0,35.0,404.41,-96.1,73.44,50.7,2423.3,0,
2026-08-16T14:17:16,LSVA0000DEMO00002,dc_charging,0,0,0,0,0,35.0,404.37,-96.23,73.45,50.7,2424.6,0,
2026-08-16T14:17:17,LSVA0000DEMO00002,dc_charging,0,0,0,0,0,35.0,404.4,-96.4,73.46,50.8,2425.9,0,
2026-08-16T14:17:18,LSVA0000DEMO00002,dc_charging,0,0,0,0,0,35.0,404.48,-96.55,73.47,50.9,2427.0,0,
2026-08-16T14:17:19,LSVA0000DEMO00002,dc_charging,0,0,0,0,0,35.0,404.58,-96.64,73.49,51.0,2428.0,0,
2026-08-16T14:17:20,LSVA0000DEMO00002,dc_charging,0,0,0,0,0,35.0,404.66,-96.65,73.5,51.1,2428.7,0,
2026-08-16T14:17:21,LSVA0000DEMO00002,dc_charging,0,0,0,0,0,35.0,404.66,-96.56,73.51,51.2,2429.0,0,
2026-08-16T14:17:22,LSVA0000DEMO00002,dc_charging,0,0,0,0,0,35.0,404.6,-96.38,73.53,51.3,2429.0,0,
2026-08-16T14:17:23,LSVA0000DEMO00002,dc_charging,0,0,0,0,0,35.0,404.5,-96.16,73.54,51.4,2428.5,0,
2026-08-16T14:17:24,LSVA0000DEMO00002,dc_charging,0,0,0,0,0,35.0,404.41,-95.93,73.55,51.4,2427.7,0,
2026-08-16T14:17:25,LSVA0000DEMO00002,dc_charging,0,0,0,0,0,35.0,404.37,-95.76,73.56,51.5,2426.4,0,
2026-08-16T14:17:26,LSVA0000DEMO00002,dc_charging,0,0,0,0,0,35.0,404.4,-95.66,73.58,51.6,2424.8,0,
2026-08-16T14:17:27,LSVA0000DEMO00002,dc_charging,0,0,0,0,0,34.9,404.48,-95.67,73.59,51.7,2422.8,0,
2026-08-16T14:17:28,LSVA0000DEMO00002,dc_charging,0,0,0,0,0,34.9,404.58,-95.76,73.6,51.8,2420.6,0,
2026-08-16T14:17:29,LSVA0000DEMO00002,dc_charging,0,0,0,0,0,34.9,404.65,-95.91,73.61,51.9,2418.3,0,
2026-08-16T14:17:30,LSVA0000DEMO00002,dc_charging,0,0,0,0,0,34.9,404.66,-96.08,73.62,52.0,2415.9,0,
2026-08-16T14:17:31,LSVA0000DEMO00002,dc_charging,0,0,0,0,0,34.9,404.59,-96.21,73.64,52.1,2413.5,0,
2026-08-16T14:17:32,LSVA0000DEMO00002,dc_charging,0,0,0,0,0,34.9,404.49,-96.27,73.65,52.2,2411.3,0,
2026-08-16T14:17:33,LSVA0000DEMO00002,dc_charging,0,0,0,0,0,34.9,404.4,-96.23,73.66,52.3,2409.3,0,
2026-08-16T14:17:34,LSVA0000DEMO00002,dc_charging,0,0,0,0,0,34.9,404.36,-96.1,73.67,52.4,2407.6,0,
2026-08-16T14:17:35,LSVA0000DEMO00002,dc_charging,0,0,0,0,0,34.9,404.39,-95.89,73.69,52.5,2406.3,0,
2026-08-16T14:17:36,LSVA0000DEMO00002,dc_charging,0,0,0,0,0,34.9,404.48,-95.67,73.7,52.6,2405.4,0,
2026-08-16T14:17:37,LSVA0000DEMO00002,dc_charging,0,0,0,0,0,34.9,404.58,-95.46,73.71,52.7,2404.9,0,
2026-08-16T14:17:38,LSVA0000DEMO00002,dc_charging,0,0,0,0,0,34.9,404.65,-95.31,73.72,52.8,2404.8,0,
2026-08-16T14:17:39,LSVA0000DEMO00002,dc_charging,0,0,0,0,0,34.9,404.65,-95.26,73.74,52.8,2405.0,0,
2026-08-16T14:17:40,LSVA0000DEMO00002,dc_charging,0,0,0,0,0,34.9,404.59,-95.3,73.75,52.9,2405.7,0,
2026-08-16T14:17:41,LSVA0000DEMO00002,dc_charging,0,0,0,0,0,34.9,404.49,-95.43,73.76,53.1,2406.6,0,
2026-08-16T14:17:42,LSVA0000DEMO00002,dc_charging,0,0,0,0,0,34.9,404.4,-95.59,73.78,53.2,2407.8,0,
2026-08-16T14:17:43,LSVA0000DEMO00002,dc_charging,0,0,0,0,0,34.9,404.36,-95.75,73.79,53.3,2409.0,0,
2026-08-16T14:17:44,LSVA0000DEMO00002,dc_charging,0,0,0,0,0,34.9,404.39,-95.85,73.8,53.4,2410.3,0,
2026-08-16T14:17:45,LSVA0000DEMO00002,dc_charging,0,0,0,0,0,34.9,404.48,-95.87,73.81,53.5,2411.5,0,
2026-08-16T14:17:46,LSVA0000DEMO00002,dc_charging,0,0,0,0,0,34.9,404.58,-95.79,73.83,53.5,2412.5,0,
2026-08-16T14:17:47,LSVA0000DEMO00002,dc_charging,0,0,0,0,0,34.9,404.65,-95.62,73.84,53.7,2413.3,0,
2026-08-16T14:17:48,LSVA0000DEMO00002,dc_charging,0,0,0,0,0,34.9,404.65,-95.4,73.85,53.8,2413.8,0,
2026-08-16T14:17:49,LSVA0000DEMO00002,dc_charging,0,0,0,0,0,34.9,404.58,-95.18,73.86,53.9,2413.9,0,
2026-08-16T14:17:50,LSVA0000DEMO00002,dc_charging,0,0,0,0,0,34.9,404.48,-94.99,73.88,54.0,2413.6,0,
2026-08-16T14:17:51,LSVA0000DEMO00002,dc_charging,0,0,0,0,0,34.9,404.39,-94.89,73.89,54.1,2412.8,0,
2026-08-16T14:17:52,LSVA0000DEMO00002,dc_charging,0,0,0,0,0,34.9,404.35,-94.88,73.9,54.2,2411.7,0,
2026-08-16T14:17:53,LSVA0000DEMO00002,dc_charging,0,0,0,0,0,34.9,404.39,-94.96,73.91,54.3,2410.1,0,
2026-08-16T14:17:54,LSVA0000DEMO00002,dc_charging,0,0,0,0,0,34.9,404.48,-95.1,73.92,54.4,2408.3,0,
2026-08-16T14:17:55,LSVA0000DEMO00002,dc_charging,0,0,0,0,0,34.9,404.58,-95.27,73.94,54.5,2406.2,0,
2026-08-16T14:17:56,LSVA0000DEMO00002,dc_charging,0,0,0,0,0,34.9,404.64,-95.41,73.95,54.6,2403.9,0,
2026-08-16T14:17:57,LSVA0000DEMO00002,dc_charging,0,0,0,0,0,34.9,404.64,-95.48,73.96,54.7,2401.5,0,
2026-08-16T14:17:58,LSVA0000DEMO00002,dc_charging,0,0,0,0,0,34.9,404.58,-95.45,73.97,54.8,2399.1,0,
2026-08-16T14:17:59,LSVA0000DEMO00002,dc_charging,0,0,0,0,0,34.9,404.47,-95.33,73.99,54.9,2396.8,0,
2026-08-16T14:18:00,LSVA0000DEMO00002,dc_charging,0,0,0,0,0,34.9,404.38,-59.82,74.0,55.0,2394.8,1,
2026-08-16T14:18:01,LSVA0000DEMO00002,dc_charging,0,0,0,0,0,34.9,404.33,-59.73,74.01,55.0,2391.6,1,
2026-08-16T14:18:02,LSVA0000DEMO00002,dc_charging,0,0,0,0,0,34.9,404.34,-59.7,74.01,55.1,2388.7,1,
2026-08-16T14:18:03,LSVA0000DEMO00002,dc_charging,0,0,0,0,0,34.9,404.41,-59.75,74.02,55.1,2386.2,1,
2026-08-16T14:18:04,LSVA0000DEMO00002,dc_charging,0,0,0,0,0,34.9,404.49,-59.86,74.03,55.2,2384.1,1,
2026-08-16T14:18:05,LSVA0000DEMO00002,dc_charging,0,0,0,0,0,34.9,404.54,-60.0,74.03,55.2,2382.5,1,
2026-08-16T14:18:06,LSVA0000DEMO00002,dc_charging,0,0,0,0,0,34.9,404.51,-60.15,74.04,55.2,2381.3,1,
2026-08-16T14:18:07,LSVA0000DEMO00002,dc_charging,0,0,0,0,0,34.9,404.42,-60.25,74.05,55.3,2380.4,1,
2026-08-16T14:18:08,LSVA0000DEMO00002,dc_charging,0,0,0,0,0,34.9,404.3,-60.3,74.06,55.3,2379.8,1,
2026-08-16T14:18:09,LSVA0000DEMO00002,dc_charging,0,0,0,0,0,34.9,404.19,-60.27,74.06,55.4,2379.5,1,
2026-08-16T14:18:10,LSVA0000DEMO00002,dc_charging,0,0,0,0,0,34.9,404.14,-60.18,74.07,55.4,2379.3,1,
2026-08-16T14:18:11,LSVA0000DEMO00002,dc_charging,0,0,0,0,0,34.9,404.15,-60.04,74.08,55.5,2379.2,1,
2026-08-16T14:18:12,LSVA0000DEMO00002,dc_charging,0,0,0,0,0,34.9,404.22,-59.89,74.08,55.5,2379.0,1,
2026-08-16T14:18:13,LSVA0000DEMO00002,dc_charging,0,0,0,0,0,34.9,404.3,-59.77,74.09,55.5,2378.7,1,
2026-08-16T14:18:14,LSVA0000DEMO00002,dc_charging,0,0,0,0,0,34.9,404.34,-59.71,74.1,55.6,2378.2,1,
2026-08-16T14:18:15,LSVA0000DEMO00002,dc_charging,0,0,0,0,0,34.9,404.32,-59.71,74.1,55.6,2377.3,1,
2026-08-16T14:18:16,LSVA0000DEMO00002,dc_charging,0,0,0,0,0,34.9,404.23,-59.79,74.11,55.7,2376.1,1,
2026-08-16T14:18:17,LSVA0000DEMO00002,dc_charging,0,0,0,0,0,34.9,404.11,-59.92,74.12,55.7,2374.5,1,
2026-08-16T14:18:18,LSVA0000DEMO00002,dc_charging,0,0,0,0,0,34.9,404.0,-60.07,74.12,55.8,2372.5,1,
2026-08-16T14:18:19,LSVA0000DEMO00002,dc_charging,0,0,0,0,0,34.9,403.95,-60.2,74.13,55.8,2370.1,1,
2026-08-16T14:18:20,LSVA0000DEMO00002,dc_charging,0,0,0,0,0,34.9,403.96,-60.28,74.14,55.9,2367.3,1,
2026-08-16T14:18:21,LSVA0000DEMO00002,dc_charging,0,0,0,0,0,34.9,404.03,-60.3,74.15,55.9,2364.1,1,
2026-08-16T14:18:22,LSVA0000DEMO00002,dc_charging,0,0,0,0,0,34.9,404.11,-60.24,74.15,55.9,2360.6,1,
2026-08-16T14:18:23,LSVA0000DEMO00002,dc_charging,0,0,0,0,0,34.9,404.15,-60.12,74.16,56.0,2357.0,1,
2026-08-16T14:18:24,LSVA0000DEMO00002,dc_charging,0,0,0,0,0,34.9,404.13,-59.98,74.17,56.1,2353.2,1,
2026-08-16T14:18:25,LSVA0000DEMO00002,dc_charging,0,0,0,0,0,34.9,404.04,-59.84,74.17,56.1,2349.4,1,
2026-08-16T14:18:26,LSVA0000DEMO00002,dc_charging,0,0,0,0,0,34.9,403.91,-59.74,74.18,56.2,2345.7,1,
2026-08-16T14:18:27,LSVA0000DEMO00002,dc_charging,0,0,0,0,0,34.9,403.8,-59.7,74.19,56.2,2342.1,1,
2026-08-16T14:18:28,LSVA0000DEMO00002,dc_charging,0,0,0,0,0,34.9,403.75,-59.74,74.19,56.2,2338.8,1,
2026-08-16T14:18:29,LSVA0000DEMO00002,dc_charging,0,0,0,0,0,34.9,403.77,-59.84,74.2,56.3,2335.8,1,
2026-08-16T14:18:30,LSVA0000DEMO00002,dc_charging,0,0,0,0,0,34.9,403.84,-59.98,74.21,56.3,2333.2,1,
2026-08-16T14:18:31,LSVA0000DEMO00002,dc_charging,0,0,0,0,0,34.9,403.92,-60.13,74.22,56.4,2331.0,1,
2026-08-16T14:18:32,LSVA0000DEMO00002,dc_charging,0,0,0,0,0,34.9,403.96,-60.24,74.22,56.5,2329.2,1,
2026-08-16T14:18:33,LSVA0000DEMO00002,dc_charging,0,0,0,0,0,34.9,403.93,-60.3,74.23,56.5,2327.9,1,
2026-08-16T14:18:34,LSVA0000DEMO00002,dc_charging,0,0,0,0,0,34.9,403.84,-60.28,74.24,56.5,2326.9,1,
2026-08-16T14:18:35,LSVA0000DEMO00002,dc_charging,0,0,0,0,0,34.9,403.72,-60.19,74.24,56.5,2326.2,1,
2026-08-16T14:18:36,LSVA0000DEMO00002,dc_charging,0,0,0,0,0,34.9,403.61,-60.06,74.25,56.6,2325.8,1,
2026-08-16T14:18:37,LSVA0000DEMO00002,dc_charging,0,0,0,0,0,34.9,403.56,-59.91,74.26,56.6,2325.6,1,
2026-08-16T14:18:38,LSVA0000DEMO00002,dc_charging,0,0,0,0,0,34.9,403.58,-59.79,74.26,56.7,2325.5,1,
2026-08-16T14:18:39,LSVA0000DEMO00002,dc_charging,0,0,0,0,0,34.9,403.65,-59.71,74.27,56.8,2325.3,1,
2026-08-16T14:18:40,LSVA0000DEMO00002,dc_charging,0,0,0,0,0,34.9,403.73,-59.71,74.28,56.8,2325.1,1,
2026-08-16T14:18:41,LSVA0000DEMO00002,dc_charging,0,0,0,0,0,34.9,403.77,-59.78,74.28,56.8,2324.6,1,
2026-08-16T14:18:42,LSVA0000DEMO00002,dc_charging,0,0,0,0,0,34.9,403.74,-59.9,74.29,56.8,2323.9,1,
2026-08-16T14:18:43,LSVA0000DEMO00002,dc_charging,0,0,0,0,0,34.9,403.65,-60.05,74.3,56.9,2322.8,1,
2026-08-16T14:18:44,LSVA0000DEMO00002,dc_charging,0,0,0,0,0,34.9,403.52,-60.18,74.31,57.0,2321.3,1,
2026-08-16T14:18:45,LSVA0000DEMO00002,dc_charging,0,0,0,0,0,34.9,403.42,-60.27,74.31,57.0,2319.5,1,
2026-08-16T14:18:46,LSVA0000DEMO00002,dc_charging,0,0,0,0,0,34.9,403.37,-60.3,74.32,57.1,2317.2,1,
2026-08-16T14:18:47,LSVA0000DEMO00002,dc_charging,0,0,0,0,0,34.9,403.39,-60.25,74.33,57.1,2314.4,1,
2026-08-16T14:18:48,LSVA0000DEMO00002,dc_charging,0,0,0,0,0,34.9,403.46,-60.14,74.33,57.1,2311.4,1,
2026-08-16T14:18:49,LSVA0000DEMO00002,dc_charging,0,0,0,0,0,34.9,403.54,-60.0,74.34,57.1,2308.0,1,
2026-08-16T14:18:50,LSVA0000DEMO00002,dc_charging,0,0,0,0,0,34.9,403.58,-59.85,74.35,57.2,2304.4,1,
2026-08-16T14:18:51,LSVA0000DEMO00002,dc_charging,0,0,0,0,0,34.9,403.55,-59.75,74.35,57.3,2300.6,1,
2026-08-16T14:18:52,LSVA0000DEMO00002,dc_charging,0,0,0,0,0,34.9,403.45,-59.7,74.36,57.3,2296.8,1,
2026-08-16T14:18:53,LSVA0000DEMO00002,dc_charging,0,0,0,0,0,34.9,403.33,-59.73,74.37,57.4,2293.1,1,
2026-08-16T14:18:54,LSVA0000DEMO00002,dc_charging,0,0,0,0,0,34.9,403.22,-59.82,74.38,57.4,2289.5,1,
2026-08-16T14:18:55,LSVA0000DEMO00002,dc_charging,0,0,0,0,0,34.9,403.18,-59.96,74.38,57.4,2286.1,1,
2026-08-16T14:18:56,LSVA0000DEMO00002,dc_charging,0,0,0,0,0,34.9,403.2,-60.11,74.39,57.4,2283.0,1,
2026-08-16T14:18:57,LSVA0000DEMO00002,dc_charging,0,0,0,0,0,34.9,403.28,-60.23,74.4,57.5,2280.3,1,
2026-08-16T14:18:58,LSVA0000DEMO00002,dc_charging,0,0,0,0,0,34.9,403.35,-60.29,74.4,57.6,2277.9,1,
2026-08-16T14:18:59,LSVA0000DEMO00002,dc_charging,0,0,0,0,0,35.0,403.39,-60.29,74.41,57.6,2276.0,1,
2026-08-16T14:19:00,LSVA0000DEMO00002,dc_charging,0,0,0,0,0,35.0,403.36,-60.21,74.42,57.7,2274.5,1,
2026-08-16T14:19:01,LSVA0000DEMO00002,dc_charging,0,0,0,0,0,35.0,403.26,-60.08,74.42,57.7,2273.4,1,
2026-08-16T14:19:02,LSVA0000DEMO00002,dc_charging,0,0,0,0,0,35.0,403.14,-59.93,74.43,57.7,2272.7,1,
2026-08-16T14:19:03,LSVA0000DEMO00002,dc_charging,0,0,0,0,0,35.0,403.03,-59.8,74.44,57.8,2272.2,1,
2026-08-16T14:19:04,LSVA0000DEMO00002,dc_charging,0,0,0,0,0,35.0,402.99,-59.72,74.44,57.8,2271.9,1,
2026-08-16T14:19:05,LSVA0000DEMO00002,dc_charging,0,0,0,0,0,35.0,403.01,-59.7,74.45,57.9,2271.8,1,
2026-08-16T14:19:06,LSVA0000DEMO00002,dc_charging,0,0,0,0,0,35.0,403.09,-59.76,74.46,58.0,2271.6,1,
2026-08-16T14:19:07,LSVA0000DEMO00002,dc_charging,0,0,0,0,0,35.0,403.16,-59.88,74.47,58.0,2271.4,1,
2026-08-16T14:19:08,LSVA0000DEMO00002,dc_charging,0,0,0,0,0,35.0,403.2,-60.03,74.47,58.0,2271.0,1,
2026-08-16T14:19:09,LSVA0000DEMO00002,dc_charging,0,0,0,0,0,35.0,403.16,-60.17,74.48,58.1,2270.4,1,
2026-08-16T14:19:10,LSVA0000DEMO00002,dc_charging,0,0,0,0,0,35.0,403.07,-60.27,74.49,58.1,2269.4,1,
2026-08-16T14:19:11,LSVA0000DEMO00002,dc_charging,0,0,0,0,0,35.0,402.94,-60.3,74.49,58.1,2268.1,1,
2026-08-16T14:19:12,LSVA0000DEMO00002,dc_charging,0,0,0,0,0,35.0,402.84,-60.26,74.5,58.2,2266.4,1,
2026-08-16T14:19:13,LSVA0000DEMO00002,dc_charging,0,0,0,0,0,35.0,402.8,-60.16,74.51,58.3,2264.2,1,
2026-08-16T14:19:14,LSVA0000DEMO00002,dc_charging,0,0,0,0,0,35.0,402.82,-60.02,74.51,58.3,2261.6,1,
2026-08-16T14:19:15,LSVA0000DEMO00002,dc_charging,0,0,0,0,0,35.0,402.9,-59.87,74.52,58.4,2258.7,1,
2026-08-16T14:19:16,LSVA0000DEMO00002,dc_charging,0,0,0,0,0,35.0,402.97,-59.76,74.53,58.4,2255.4,1,
2026-08-16T14:19:17,LSVA0000DEMO00002,dc_charging,0,0,0,0,0,35.0,403.01,-59.7,74.53,58.4,2251.8,1,
2026-08-16T14:19:18,LSVA0000DEMO00002,dc_charging,0,0,0,0,0,35.0,402.97,-59.72,74.54,58.5,2248.1,1,
2026-08-16T14:19:19,LSVA0000DEMO00002,dc_charging,0,0,0,0,0,35.0,402.87,-59.81,74.55,58.6,2244.3,1,
2026-08-16T14:19:20,LSVA0000DEMO00002,dc_charging,0,0,0,0,0,35.0,402.75,-59.94,74.56,58.6,2240.5,1,
2026-08-16T14:19:21,LSVA0000DEMO00002,dc_charging,0,0,0,0,0,35.0,402.65,-60.09,74.56,58.7,2236.9,1,
2026-08-16T14:19:22,LSVA0000DEMO00002,dc_charging,0,0,0,0,0,35.0,402.6,-60.22,74.57,58.7,2233.4,1,
2026-08-16T14:19:23,LSVA0000DEMO00002,dc_charging,0,0,0,0,0,35.0,402.63,-60.29,74.58,58.7,2230.2,1,
2026-08-16T14:19:24,LSVA0000DEMO00002,dc_charging,0,0,0,0,0,35.0,402.71,-60.29,74.58,58.8,2227.3,1,
2026-08-16T14:19:25,LSVA0000DEMO00002,dc_charging,0,0,0,0,0,35.0,402.78,-60.22,74.59,58.8,2224.9,1,
2026-08-16T14:19:26,LSVA0000DEMO00002,dc_charging,0,0,0,0,0,35.0,402.81,-60.1,74.6,58.9,2222.8,1,
2026-08-16T14:19:27,LSVA0000DEMO00002,dc_charging,0,0,0,0,0,35.0,402.78,-59.95,74.6,59.0,2221.2,1,
2026-08-16T14:19:28,LSVA0000DEMO00002,dc_charging,0,0,0,0,0,35.0,402.68,-59.82,74.61,59.0,2220.0,1,
2026-08-16T14:19:29,LSVA0000DEMO00002,dc_charging,0,0,0,0,0,35.0,402.55,-59.72,74.62,59.0,2219.1,1,
2026-08-16T14:19:30,LSVA0000DEMO00002,dc_charging,0,0,0,0,0,35.0,402.45,-59.7,74.62,59.1,2218.6,1,
2026-08-16T14:19:31,LSVA0000DEMO00002,dc_charging,0,0,0,0,0,35.0,402.41,-59.75,74.63,59.1,2218.3,1,
2026-08-16T14:19:32,LSVA0000DEMO00002,dc_charging,0,0,0,0,0,35.0,402.44,-59.86,74.64,59.1,2218.1,1,
2026-08-16T14:19:33,LSVA0000DEMO00002,dc_charging,0,0,0,0,0,35.0,402.52,-60.01,74.65,59.2,2218.0,1,
2026-08-16T14:19:34,LSVA0000DEMO00002,dc_charging,0,0,0,0,0,35.0,402.59,-60.15,74.65,59.3,2217.8,1,
2026-08-16T14:19:35,LSVA0000DEMO00002,dc_charging,0,0,0,0,0,35.0,402.62,-60.26,74.66,59.3,2217.5,1,
2026-08-16T14:19:36,LSVA0000DEMO00002,dc_charging,0,0,0,0,0,35.0,402.58,-60.3,74.67,59.3,2216.9,1,
2026-08-16T14:19:37,LSVA0000DEMO00002,dc_charging,0,0,0,0,0,35.0,402.48,-60.27,74.67,59.4,2216.1,1,
2026-08-16T14:19:38,LSVA0000DEMO00002,dc_charging,0,0,0,0,0,35.0,402.36,-60.17,74.68,59.4,2214.8,1,
2026-08-16T14:19:39,LSVA0000DEMO00002,dc_charging,0,0,0,0,0,35.0,402.26,-60.04,74.69,59.5,2213.2,1,
2026-08-16T14:19:40,LSVA0000DEMO00002,dc_charging,0,0,0,0,0,35.0,402.22,-59.89,74.69,59.5,2211.2,1,
2026-08-16T14:19:41,LSVA0000DEMO00002,dc_charging,0,0,0,0,0,35.0,402.25,-59.77,74.7,59.6,2208.7,1,
2026-08-16T14:19:42,LSVA0000DEMO00002,dc_charging,0,0,0,0,0,35.0,402.33,-59.71,74.71,59.6,2205.9,1,
2026-08-16T14:19:43,LSVA0000DEMO00002,dc_charging,0,0,0,0,0,35.0,402.4,-59.71,74.72,59.7,2202.7,1,
2026-08-16T14:19:44,LSVA0000DEMO00002,dc_charging,0,0,0,0,0,35.0,402.43,-59.79,74.72,59.7,2199.2,1,
2026-08-16T14:19:45,LSVA0000DEMO00002,dc_charging,0,0,0,0,0,35.0,402.39,-59.92,74.73,59.7,2195.6,1,
2026-08-16T14:19:46,LSVA0000DEMO00002,dc_charging,0,0,0,0,0,35.0,402.29,-60.07,74.74,59.8,2191.8,1,
2026-08-16T14:19:47,LSVA0000DEMO00002,dc_charging,0,0,0,0,0,35.0,402.16,-60.2,74.74,59.8,2188.0,1,
2026-08-16T14:19:48,LSVA0000DEMO00002,dc_charging,0,0,0,0,0,35.0,402.07,-60.28,74.75,59.9,2184.3,1,
2026-08-16T14:19:49,LSVA0000DEMO00002,dc_charging,0,0,0,0,0,35.1,402.03,-60.3,74.76,60.0,2180.7,1,
2026-08-16T14:19:50,LSVA0000DEMO00002,dc_charging,0,0,0,0,0,35.1,402.06,-60.24,74.76,60.0,2177.4,1,
2026-08-16T14:19:51,LSVA0000DEMO00002,dc_charging,0,0,0,0,0,35.1,402.14,-60.12,74.77,60.0,2174.5,1,
2026-08-16T14:19:52,LSVA0000DEMO00002,dc_charging,0,0,0,0,0,35.1,402.21,-59.97,74.78,60.0,2171.9,1,
2026-08-16T14:19:53,LSVA0000DEMO00002,dc_charging,0,0,0,0,0,35.1,402.24,-59.83,74.78,60.1,2169.7,1,
2026-08-16T14:19:54,LSVA0000DEMO00002,dc_charging,0,0,0,0,0,35.1,402.2,-59.73,74.79,60.2,2167.9,1,
2026-08-16T14:19:55,LSVA0000DEMO00002,dc_charging,0,0,0,0,0,35.1,402.09,-59.7,74.8,60.2,2166.6,1,
2026-08-16T14:19:56,LSVA0000DEMO00002,dc_charging,0,0,0,0,0,35.1,401.97,-59.74,74.81,60.3,2165.6,1,
2026-08-16T14:19:57,LSVA0000DEMO00002,dc_charging,0,0,0,0,0,35.1,401.87,-59.84,74.81,60.3,2165.0,1,
2026-08-16T14:19:58,LSVA0000DEMO00002,dc_charging,0,0,0,0,0,35.1,401.84,-59.99,74.82,60.4,2164.6,1,
2026-08-16T14:19:59,LSVA0000DEMO00002,dc_charging,0,0,0,0,0,35.1,401.87,-60.13,74.83,60.4,2164.4,1,
2026-08-16T14:20:00,LSVA0000DEMO00002,dc_charging,0,0,0,0,0,35.1,401.95,-60.25,74.83,60.5,2164.3,1,
2026-08-16T14:20:01,LSVA0000DEMO00002,dc_charging,0,0,0,0,0,35.1,402.02,-60.3,74.84,60.5,2164.1,1,
2026-08-16T14:20:02,LSVA0000DEMO00002,dc_charging,0,0,0,0,0,35.1,402.05,-60.28,74.85,60.6,2163.8,1,
2026-08-16T14:20:03,LSVA0000DEMO00002,dc_charging,0,0,0,0,0,35.1,402.0,-60.19,74.85,60.7,2163.4,1,
2026-08-16T14:20:04,LSVA0000DEMO00002,dc_charging,0,0,0,0,0,35.1,401.9,-60.06,74.86,60.7,2162.6,1,
2026-08-16T14:20:05,LSVA0000DEMO00002,dc_charging,0,0,0,0,0,35.1,401.78,-59.91,74.87,60.7,2161.5,1,
2026-08-16T14:20:06,LSVA0000DEMO00002,dc_charging,0,0,0,0,0,35.1,401.68,-59.78,74.88,60.7,2160.0,1,
2026-08-16T14:20:07,LSVA0000DEMO00002,dc_charging,0,0,0,0,0,35.1,401.65,-59.71,74.88,60.8,2158.1,1,
2026-08-16T14:20:08,LSVA0000DEMO00002,dc_charging,0,0,0,0,0,35.1,401.68,-59.71,74.89,60.9,2155.8,1,
2026-08-16T14:20:09,LSVA0000DEMO00002,dc_charging,0,0,0,0,0,35.1,401.76,-59.78,74.9,61.0,2153.1,1,
2026-08-16T14:20:10,LSVA0000DEMO00002,dc_charging,0,0,0,0,0,35.1,401.83,-59.9,74.9,61.0,2150.0,1,
2026-08-16T14:20:11,LSVA0000DEMO00002,dc_charging,0,0,0,0,0,35.1,401.86,-60.05,74.91,61.0,2146.6,1,
2026-08-16T14:20:12,LSVA0000DEMO00002,dc_charging,0,0,0,0,0,35.1,401.81,-60.19,74.92,61.1,2143.0,1,
2026-08-16T14:20:13,LSVA0000DEMO00002,dc_charging,0,0,0,0,0,35.1,401.71,-60.28,74.92,61.1,2139.3,1,
2026-08-16T14:20:14,LSVA0000DEMO00002,dc_charging,0,0,0,0,0,35.1,401.58,-60.3,74.93,61.2,2135.4,1,
2026-08-16T14:20:15,LSVA0000DEMO00002,dc_charging,0,0,0,0,0,35.1,401.49,-60.25,74.94,61.2,2131.7,1,
2026-08-16T14:20:16,LSVA0000DEMO00002,dc_charging,0,0,0,0,0,35.1,401.46,-60.14,74.94,61.3,2128.1,1,
2026-08-16T14:20:17,LSVA0000DEMO00002,dc_charging,0,0,0,0,0,35.1,401.49,-59.99,74.95,61.3,2124.7,1,
2026-08-16T14:20:18,LSVA0000DEMO00002,dc_charging,0,0,0,0,0,35.1,401.57,-59.85,74.96,61.4,2121.6,1,
2026-08-16T14:20:19,LSVA0000DEMO00002,dc_charging,0,0,0,0,0,35.1,401.64,-59.74,74.97,61.4,2118.9,1,
2026-08-16T14:20:20,LSVA0000DEMO00002,dc_charging,0,0,0,0,0,35.1,401.67,-59.7,74.97,61.4,2116.6,1,
2026-08-16T14:20:21,LSVA0000DEMO00002,dc_charging,0,0,0,0,0,35.1,401.62,-59.73,74.98,61.5,2114.7,1,
2026-08-16T14:20:22,LSVA0000DEMO00002,dc_charging,0,0,0,0,0,35.1,401.51,-59.83,74.99,61.6,2113.2,1,
2026-08-16T14:20:23,LSVA0000DEMO00002,dc_charging,0,0,0,0,0,35.1,401.39,-59.97,74.99,61.6,2112.2,1,
2026-08-16T14:20:24,LSVA0000DEMO00002,dc_charging,0,0,0,0,0,35.1,401.29,-60.11,75.0,61.7,2111.4,1,
2026-08-16T14:20:25,LSVA0000DEMO00002,dc_charging,0,0,0,0,0,35.2,401.27,-60.23,75.01,61.7,2111.0,1,
2026-08-16T14:20:26,LSVA0000DEMO00002,dc_charging,0,0,0,0,0,35.2,401.3,-60.3,75.01,61.7,2110.7,1,
2026-08-16T14:20:27,LSVA0000DEMO00002,dc_charging,0,0,0,0,0,35.2,401.38,-60.28,75.02,61.7,2110.6,1,
2026-08-16T14:20:28,LSVA0000DEMO00002,dc_charging,0,0,0,0,0,35.2,401.45,-60.2,75.03,61.8,2110.4,1,
2026-08-16T14:20:29,LSVA0000DEMO00002,dc_charging,0,0,0,0,0,35.2,401.47,-60.07,75.03,61.9,2110.2,1,
2026-08-16T14:20:30,LSVA0000DEMO00002,dc_charging,0,0,0,0,0,35.2,401.42,-59.93,75.04,61.9,2109.8,1,
2026-08-16T14:20:31,LSVA0000DEMO00002,dc_charging,0,0,0,0,0,35.2,401.32,-59.8,75.05,62.0,2109.2,1,
2026-08-16T14:20:32,LSVA0000DEMO00002,dc_charging,0,0,0,0,0,35.2,401.19,-59.72,75.06,62.0,2108.2,1,
2026-08-16T14:20:33,LSVA0000DEMO00002,dc_charging,0,0,0,0,0,35.2,401.1,-59.7,75.06,62.0,2106.8,1,
2026-08-16T14:20:34,LSVA0000DEMO00002,dc_charging,0,0,0,0,0,35.2,401.07,-59.77,75.07,62.1,2105.0,1,
2026-08-16T14:20:35,LSVA0000DEMO00002,dc_charging,0,0,0,0,0,35.2,401.11,-59.88,75.08,62.1,2102.9,1,
2026-08-16T14:20:36,LSVA0000DEMO00002,dc_charging,0,0,0,0,0,35.2,401.19,-60.03,75.08,62.2,2100.3,1,
2026-08-16T14:20:37,LSVA0000DEMO00002,dc_charging,0,0,0,0,0,35.2,401.26,-60.17,75.09,62.3,2097.3,1,
2026-08-16T14:20:38,LSVA0000DEMO00002,dc_charging,0,0,0,0,0,35.2,401.28,-60.27,75.1,62.3,2094.0,1,
2026-08-16T14:20:39,LSVA0000DEMO00002,dc_charging,0,0,0,0,0,35.2,401.23,-60.3,75.1,62.4,2090.4,1,
2026-08-16T14:20:40,LSVA0000DEMO00002,dc_charging,0,0,0,0,0,35.2,401.12,-60.26,75.11,62.4,2086.7,1,
2026-08-16T14:20:41,LSVA0000DEMO00002,dc_charging,0,0,0,0,0,35.2,401.0,-60.15,75.12,62.4,2082.9,1,
2026-08-16T14:20:42,LSVA0000DEMO00002,dc_charging,0,0,0,0,0,35.2,400.91,-60.01,75.12,62.5,2079.1,1,
2026-08-16T14:20:43,LSVA0000DEMO00002,dc_charging,0,0,0,0,0,35.2,400.88,-59.87,75.13,62.6,2075.5,1,
2026-08-16T14:20:44,LSVA0000DEMO00002,dc_charging,0,0,0,0,0,35.2,400.92,-59.75,75.14,62.6,2072.0,1,
2026-08-16T14:20:45,LSVA0000DEMO00002,dc_charging,0,0,0,0,0,35.2,401.0,-59.7,75.15,62.7,2068.8,1,
2026-08-16T14:20:46,LSVA0000DEMO00002,dc_charging,0,0,0,0,0,35.2,401.07,-59.72,75.15,62.7,2066.0,1,
2026-08-16T14:20:47,LSVA0000DEMO00002,dc_charging,0,0,0,0,0,35.2,401.09,-59.81,75.16,62.7,2063.6,1,
2026-08-16T14:20:48,LSVA0000DEMO00002,dc_charging,0,0,0,0,0,35.2,401.04,-59.95,75.17,62.8,2061.5,1,
2026-08-16T14:20:49,LSVA0000DEMO00002,dc_charging,0,0,0,0,0,35.2,400.93,-60.1,75.17,62.9,2059.9,1,
2026-08-16T14:20:50,LSVA0000DEMO00002,dc_charging,0,0,0,0,0,35.2,400.81,-60.22,75.18,62.9,2058.7,1,
2026-08-16T14:20:51,LSVA0000DEMO00002,dc_charging,0,0,0,0,0,35.2,400.72,-60.29,75.19,63.0,2057.9,1,
2026-08-16T14:20:52,LSVA0000DEMO00002,dc_charging,0,0,0,0,0,35.2,400.69,-60.29,75.19,63.1,2057.3,1,
2026-08-16T14:20:53,LSVA0000DEMO00002,dc_charging,0,0,0,0,0,35.2,400.74,-60.22,75.2,63.1,2057.0,1,
2026-08-16T14:20:54,LSVA0000DEMO00002,dc_charging,0,0,0,0,0,35.2,400.81,-60.09,75.21,63.1,2056.9,1,
2026-08-16T14:20:55,LSVA0000DEMO00002,dc_charging,0,0,0,0,0,35.2,400.88,-59.95,75.22,63.2,2056.7,1,
2026-08-16T14:20:56,LSVA0000DEMO00002,dc_charging,0,0,0,0,0,35.2,400.9,-59.81,75.22,63.2,2056.5,1,
2026-08-16T14:20:57,LSVA0000DEMO00002,dc_charging,0,0,0,0,0,35.3,400.84,-59.72,75.23,63.3,2056.2,1,
2026-08-16T14:20:58,LSVA0000DEMO00002,dc_charging,0,0,0,0,0,35.3,400.73,-59.7,75.24,63.4,2055.6,1,
2026-08-16T14:20:59,LSVA0000DEMO00002,dc_charging,0,0,0,0,0,35.3,400.61,-59.75,75.24,63.4,2054.8,1,
2026-08-16T14:21:00,LSVA0000DEMO00002,dc_charging,0,0,0,0,0,35.3,400.52,-59.87,75.25,63.4,2053.6,1,
2026-08-16T14:21:01,LSVA0000DEMO00002,dc_charging,0,0,0,0,0,35.3,400.5,-60.01,75.26,63.5,2051.9,1,
2026-08-16T14:21:02,LSVA0000DEMO00002,dc_charging,0,0,0,0,0,35.3,400.55,-60.15,75.26,63.5,2049.9,1,
2026-08-16T14:21:03,LSVA0000DEMO00002,dc_charging,0,0,0,0,0,35.3,400.63,-60.26,75.27,63.6,2047.4,1,
2026-08-16T14:21:04,LSVA0000DEMO00002,dc_charging,0,0,0,0,0,35.3,400.69,-60.3,75.28,63.7,2044.5,1,
2026-08-16T14:21:05,LSVA0000DEMO00002,dc_charging,0,0,0,0,0,35.3,400.71,-60.27,75.28,63.7,2041.3,1,
2026-08-16T14:21:06,LSVA0000DEMO00002,dc_charging,0,0,0,0,0,35.3,400.65,-60.17,75.29,63.8,2037.9,1,
2026-08-16T14:21:07,LSVA0000DEMO00002,dc_charging,0,0,0,0,0,35.3,400.54,-60.03,75.3,63.8,2034.2,1,
2026-08-16T14:21:08,LSVA0000DEMO00002,dc_charging,0,0,0,0,0,35.3,400.42,-59.88,75.31,63.8,2030.4,1,
2026-08-16T14:21:09,LSVA0000DEMO00002,dc_charging,0,0,0,0,0,35.3,400.33,-59.77,75.31,63.9,2026.6,1,
2026-08-16T14:21:10,LSVA0000DEMO00002,dc_charging,0,0,0,0,0,35.3,400.31,-59.7,75.32,63.9,2022.9,1,
2026-08-16T14:21:11,LSVA0000DEMO00002,dc_charging,0,0,0,0,0,35.3,400.36,-59.72,75.33,64.0,2019.3,1,
2026-08-16T14:21:12,LSVA0000DEMO00002,dc_charging,0,0,0,0,0,35.3,400.44,-59.8,75.33,64.1,2016.1,1,
2026-08-16T14:21:13,LSVA0000DEMO00002,dc_charging,0,0,0,0,0,35.3,400.5,-59.93,75.34,64.1,2013.1,1,
2026-08-16T14:21:14,LSVA0000DEMO00002,dc_charging,0,0,0,0,0,35.3,400.52,-60.08,75.35,64.1,2010.6,1,
2026-08-16T14:21:15,LSVA0000DEMO00002,dc_charging,0,0,0,0,0,35.3,400.46,-60.21,75.35,64.2,2008.4,1,
2026-08-16T14:21:16,LSVA0000DEMO00002,dc_charging,0,0,0,0,0,35.3,400.35,-60.29,75.36,64.2,2006.7,1,
2026-08-16T14:21:17,LSVA0000DEMO00002,dc_charging,0,0,0,0,0,35.3,400.22,-60.29,75.37,64.3,2005.3,1,
2026-08-16T14:21:18,LSVA0000DEMO00002,dc_charging,0,0,0,0,0,35.3,400.14,-60.23,75.38,64.3,2004.4,1,
2026-08-16T14:21:19,LSVA0000DEMO00002,dc_charging,0,0,0,0,0,35.3,400.12,-60.11,75.38,64.4,2003.7,1,
2026-08-16T14:21:20,LSVA0000DEMO00002,dc_charging,0,0,0,0,0,35.3,400.17,-59.97,75.39,64.4,2003.4,1,
2026-08-16T14:21:21,LSVA0000DEMO00002,dc_charging,0,0,0,0,0,35.3,400.25,-59.83,75.4,64.5,2003.2,1,
2026-08-16T14:21:22,LSVA0000DEMO00002,dc_charging,0,0,0,0,0,35.3,400.31,-59.73,75.4,64.5,2003.0,1,
2026-08-16T14:21:23,LSVA0000DEMO00002,dc_charging,0,0,0,0,0,35.3,400.32,-59.7,75.41,64.5,2002.9,1,
2026-08-16T14:21:24,LSVA0000DEMO00002,dc_charging,0,0,0,0,0,35.3,400.26,-59.74,75.42,64.6,2002.6,1,
2026-08-16T14:21:25,LSVA0000DEMO00002,dc_charging,0,0,0,0,0,35.3,400.15,-59.85,75.42,64.7,2002.1,1,
2026-08-16T14:21:26,LSVA0000DEMO00002,dc_charging,0,0,0,0,0,35.3,400.03,-59.99,75.43,64.7,2001.4,1,
2026-08-16T14:21:27,LSVA0000DEMO00002,dc_charging,0,0,0,0,0,35.3,399.95,-60.14,75.44,64.8,2000.2,1,
2026-08-16T14:21:28,LSVA0000DEMO00002,dc_charging,0,0,0,0,0,35.4,399.93,-60.25,75.44,64.8,1998.7,1,
2026-08-16T14:21:29,LSVA0000DEMO00002,dc_charging,0,0,0,0,0,35.4,399.98,-60.3,75.45,64.9,1996.8,1,
2026-08-16T14:21:30,LSVA0000DEMO00002,dc_charging,0,0,0,0,0,35.4,400.06,-60.28,75.46,64.9,1994.5,1,
2026-08-16T14:21:31,LSVA0000DEMO00002,dc_charging,0,0,0,0,0,35.4,400.12,-60.19,75.47,65.0,1991.7,1,
2026-08-16T14:21:32,LSVA0000DEMO00002,dc_charging,0,0,0,0,0,35.4,400.13,-60.05,75.47,65.0,1988.6,1,
2026-08-16T14:21:33,LSVA0000DEMO00002,dc_charging,0,0,0,0,0,35.4,400.07,-59.9,75.48,65.1,1985.2,1,
2026-08-16T14:21:34,LSVA0000DEMO00002,dc_charging,0,0,0,0,0,35.4,399.96,-59.78,75.49,65.2,1981.6,1,
2026-08-16T14:21:35,LSVA0000DEMO00002,dc_charging,0,0,0,0,0,35.4,399.84,-59.71,75.49,65.2,1977.9,1,
2026-08-16T14:21:36,LSVA0000DEMO00002,dc_charging,0,0,0,0,0,35.4,399.75,-59.71,75.5,65.2,1974.1,1,
2026-08-16T14:21:37,LSVA0000DEMO00002,dc_charging,0,0,0,0,0,35.4,399.74,-59.78,75.51,65.3,1970.3,1,
2026-08-16T14:21:38,LSVA0000DEMO00002,dc_charging,0,0,0,0,0,35.4,399.79,-59.91,75.51,65.3,1966.7,1,
2026-08-16T14:21:39,LSVA0000DEMO00002,dc_charging,0,0,0,0,0,35.4,399.87,-60.06,75.52,65.4,1963.3,1,
2026-08-16T14:21:40,LSVA0000DEMO00002,dc_charging,0,0,0,0,0,35.4,399.93,-60.19,75.53,65.5,1960.3,1,
2026-08-16T14:21:41,LSVA0000DEMO00002,dc_charging,0,0,0,0,0,35.4,399.94,-60.28,75.53,65.5,1957.6,1,
2026-08-16T14:21:42,LSVA0000DEMO00002,dc_charging,0,0,0,0,0,35.4,399.88,-60.3,75.54,65.6,1955.3,1,
2026-08-16T14:21:43,LSVA0000DEMO00002,dc_charging,0,0,0,0,0,35.4,399.76,-60.24,75.55,65.6,1953.4,1,
2026-08-16T14:21:44,LSVA0000DEMO00002,dc_charging,0,0,0,0,0,35.4,399.64,-60.13,75.56,65.7,1952.0,1,
2026-08-16T14:21:45,LSVA0000DEMO00002,dc_charging,0,0,0,0,0,35.4,399.56,-59.99,75.56,65.7,1950.9,1,
2026-08-16T14:21:46,LSVA0000DEMO00002,dc_charging,0,0,0,0,0,35.4,399.55,-59.84,75.57,65.8,1950.2,1,
2026-08-16T14:21:47,LSVA0000DEMO00002,dc_charging,0,0,0,0,0,35.4,399.6,-59.74,75.58,65.9,1949.7,1,
2026-08-16T14:21:48,LSVA0000DEMO00002,dc_charging,0,0,0,0,0,35.4,399.68,-59.7,75.58,65.9,1949.5,1,
2026-08-16T14:21:49,LSVA0000DEMO00002,dc_charging,0,0,0,0,0,35.4,399.74,-59.73,75.59,65.9,1949.3,1,
2026-08-16T14:21:50,LSVA0000DEMO00002,dc_charging,0,0,0,0,0,35.4,399.75,-59.83,75.6,66.0,1949.2,1,
2026-08-16T14:21:51,LSVA0000DEMO00002,dc_charging,0,0,0,0,0,35.4,399.68,-59.97,75.6,66.0,1949.0,1,
2026-08-16T14:21:52,LSVA0000DEMO00002,dc_charging,0,0,0,0,0,35.4,399.57,-60.12,75.61,66.1,1948.6,1,
2026-08-16T14:21:53,LSVA0000DEMO00002,dc_charging,0,0,0,0,0,35.4,399.45,-60.24,75.62,66.2,1947.9,1,
2026-08-16T14:21:54,LSVA0000DEMO00002,dc_charging,0,0,0,0,0,35.4,399.37,-60.3,75.62,66.2,1946.9,1,
2026-08-16T14:21:55,LSVA0000DEMO00002,dc_charging,0,0,0,0,0,35.4,399.36,-60.28,75.63,66.3,1945.5,1,
2026-08-16T14:21:56,LSVA0000DEMO00002,dc_charging,0,0,0,0,0,35.4,399.41,-60.2,75.64,66.3,1943.7,1,
2026-08-16T14:21:57,LSVA0000DEMO00002,dc_charging,0,0,0,0,0,35.4,399.49,-60.07,75.65,66.3,1941.5,1,
2026-08-16T14:21:58,LSVA0000DEMO00002,dc_charging,0,0,0,0,0,35.4,399.55,-59.92,75.65,66.4,1938.9,1,
2026-08-16T14:21:59,LSVA0000DEMO00002,dc_charging,0,0,0,0,0,35.4,399.56,-59.79,75.66,66.4,1935.9,1,
2026-08-16T14:22:00,LSVA0000DEMO00002,dc_charging,0,0,0,0,0,35.4,399.49,-59.71,75.67,66.5,1932.6,1,
2026-08-16T14:22:01,LSVA0000DEMO00002,dc_charging,0,0,0,0,0,35.4,399.37,-59.71,75.67,66.6,1929.1,1,
2026-08-16T14:22:02,LSVA0000DEMO00002,dc_charging,0,0,0,0,0,35.4,399.25,-59.77,75.68,66.6,1925.3,1,
2026-08-16T14:22:03,LSVA0000DEMO00002,dc_charging,0,0,0,0,0,35.4,399.18,-59.89,75.69,66.7,1921.5,1,
2026-08-16T14:22:04,LSVA0000DEMO00002,dc_charging,0,0,0,0,0,35.5,399.17,-60.04,75.69,66.7,1917.7,1,
2026-08-16T14:22:05,LSVA0000DEMO00002,dc_charging,0,0,0,0,0,35.5,399.22,-60.18,75.7,66.7,1914.1,1,
2026-08-16T14:22:06,LSVA0000DEMO00002,dc_charging,0,0,0,0,0,35.5,399.3,-60.27,75.71,66.8,1910.6,1,
2026-08-16T14:22:07,LSVA0000DEMO00002,dc_charging,0,0,0,0,0,35.5,399.36,-60.3,75.72,66.9,1907.5,1,
2026-08-16T14:22:08,LSVA0000DEMO00002,dc_charging,0,0,0,0,0,35.5,399.36,-60.26,75.72,66.9,1904.7,1,
2026-08-16T14:22:09,LSVA0000DEMO00002,dc_charging,0,0,0,0,0,35.5,399.3,-60.15,75.73,67.0,1902.2,1,
2026-08-16T14:22:10,LSVA0000DEMO00002,dc_charging,0,0,0,0,0,35.5,399.18,-60.01,75.74,67.0,1900.2,1,
2026-08-16T14:22:11,LSVA0000DEMO00002,dc_charging,0,0,0,0,0,35.5,399.06,-59.86,75.74,67.0,1898.6,1,
2026-08-16T14:22:12,LSVA0000DEMO00002,dc_charging,0,0,0,0,0,35.5,398.98,-59.75,75.75,67.1,1897.5,1,
2026-08-16T14:22:13,LSVA0000DEMO00002,dc_charging,0,0,0,0,0,35.5,398.97,-59.7,75.76,67.2,1896.6,1,
2026-08-16T14:22:14,LSVA0000DEMO00002,dc_charging,0,0,0,0,0,35.5,399.03,-59.73,75.76,67.2,1896.1,1,
2026-08-16T14:22:15,LSVA0000DEMO00002,dc_charging,0,0,0,0,0,35.5,399.11,-59.82,75.77,67.3,1895.8,1,
2026-08-16T14:22:16,LSVA0000DEMO00002,dc_charging,0,0,0,0,0,35.5,399.17,-59.95,75.78,67.4,1895.6,1,
2026-08-16T14:22:17,LSVA0000DEMO00002,dc_charging,0,0,0,0,0,35.5,399.17,-60.1,75.78,67.4,1895.5,1,
2026-08-16T14:22:18,LSVA0000DEMO00002,dc_charging,0,0,0,0,0,35.5,399.1,-60.22,75.79,67.4,1895.3,1,
2026-08-16T14:22:19,LSVA0000DEMO00002,dc_charging,0,0,0,0,0,35.5,398.99,-60.29,75.8,67.5,1895.0,1,
2026-08-16T14:22:20,LSVA0000DEMO00002,dc_charging,0,0,0,0,0,35.5,398.87,-60.29,75.81,67.5,1894.4,1,
2026-08-16T14:22:21,LSVA0000DEMO00002,dc_charging,0,0,0,0,0,35.5,398.79,-60.22,75.81,67.6,1893.5,1,
2026-08-16T14:22:22,LSVA0000DEMO00002,dc_charging,0,0,0,0,0,35.5,398.78,-60.09,75.82,67.7,1892.3,1,
2026-08-16T14:22:23,LSVA0000DEMO00002,dc_charging,0,0,0,0,0,35.5,398.84,-59.94,75.83,67.7,1890.6,1,
2026-08-16T14:22:24,LSVA0000DEMO00002,dc_charging,0,0,0,0,0,35.5,398.92,-59.81,75.83,67.8,1888.5,1,
2026-08-16T14:22:25,LSVA0000DEMO00002,dc_charging,0,0,0,0,0,35.5,398.98,-59.72,75.84,67.8,1886.0,1,
2026-08-16T14:22:26,LSVA0000DEMO00002,dc_charging,0,0,0,0,0,35.5,398.98,-59.7,75.85,67.9,1883.2,1,
2026-08-16T14:22:27,LSVA0000DEMO00002,dc_charging,0,0,0,0,0,35.5,398.91,-59.76,75.85,67.9,1880.0,1,
2026-08-16T14:22:28,LSVA0000DEMO00002,dc_charging,0,0,0,0,0,35.5,398.79,-59.87,75.86,68.0,1876.5,1,
2026-08-16T14:22:29,LSVA0000DEMO00002,dc_charging,0,0,0,0,0,35.5,398.67,-60.02,75.87,68.1,1872.8,1,
2026-08-16T14:22:30,LSVA0000DEMO00002,dc_charging,0,0,0,0,0,35.5,398.6,-60.16,75.88,68.1,1869.0,1,
2026-08-16T14:22:31,LSVA0000DEMO00002,dc_charging,0,0,0,0,0,35.5,398.59,-60.26,75.88,68.2,1865.2,1,
2026-08-16T14:22:32,LSVA0000DEMO00002,dc_charging,0,0,0,0,0,35.5,398.65,-60.3,75.89,68.2,1861.5,1,
2026-08-16T14:22:33,LSVA0000DEMO00002,dc_charging,0,0,0,0,0,35.5,398.73,-60.27,75.9,68.2,1858.0,1,
2026-08-16T14:22:34,LSVA0000DEMO00002,dc_charging,0,0,0,0,0,35.5,398.79,-60.17,75.9,68.3,1854.7,1,
2026-08-16T14:22:35,LSVA0000DEMO00002,dc_charging,0,0,0,0,0,35.5,398.79,-60.03,75.91,68.4,1851.8,1,
2026-08-16T14:22:36,LSVA0000DEMO00002,dc_charging,0,0,0,0,0,35.5,398.71,-59.88,75.92,68.5,1849.2,1,
2026-08-16T14:22:37,LSVA0000DEMO00002,dc_charging,0,0,0,0,0,35.5,398.6,-59.76,75.92,68.5,1847.1,1,
2026-08-16T14:22:38,LSVA0000DEMO00002,dc_charging,0,0,0,0,0,35.5,398.48,-59.7,75.93,68.5,1845.4,1,
2026-08-16T14:22:39,LSVA0000DEMO00002,dc_charging,0,0,0,0,0,35.5,398.41,-59.72,75.94,68.6,1844.1,1,
2026-08-16T14:22:40,LSVA0000DEMO00002,dc_charging,0,0,0,0,0,35.5,398.4,-59.8,75.94,68.6,1843.1,1,
2026-08-16T14:22:41,LSVA0000DEMO00002,dc_charging,0,0,0,0,0,35.5,398.46,-59.93,75.95,68.7,1842.5,1,
2026-08-16T14:22:42,LSVA0000DEMO00002,dc_charging,0,0,0,0,0,35.5,398.54,-60.08,75.96,68.8,1842.1,1,
2026-08-16T14:22:43,LSVA0000DEMO00002,dc_charging,0,0,0,0,0,35.5,398.6,-60.21,75.97,68.8,1841.9,1,
2026-08-16T14:22:44,LSVA0000DEMO00002,dc_charging,0,0,0,0,0,35.5,398.59,-60.29,75.97,68.9,1841.8,1,
2026-08-16T14:22:45,LSVA0000DEMO00002,dc_charging,0,0,0,0,0,35.5,398.52,-60.29,75.98,68.9,1841.6,1,
2026-08-16T14:22:46,LSVA0000DEMO00002,dc_charging,0,0,0,0,0,35.5,398.4,-60.23,75.99,68.9,1841.4,1,
2026-08-16T14:22:47,LSVA0000DEMO00002,dc_charging,0,0,0,0,0,35.5,398.29,-60.11,75.99,69.0,1840.9,1,
2026-08-16T14:22:48,LSVA0000DEMO00002,dc_charging,0,0,0,0,0,35.5,398.21,-59.96,76.0,69.1,1840.1,1,
2026-08-16T14:22:49,LSVA0000DEMO00002,dc_charging,0,0,0,0,0,35.5,398.21,-59.82,76.01,69.1,1839.0,1,
2026-08-16T14:22:50,LSVA0000DEMO00002,dc_charging,0,0,0,0,0,35.5,398.27,-59.73,76.01,69.2,1837.4,1,
2026-08-16T14:22:51,LSVA0000DEMO00002,dc_charging,0,0,0,0,0,35.5,398.35,-59.7,76.02,69.3,1835.5,1,
2026-08-16T14:22:52,LSVA0000DEMO00002,dc_charging,0,0,0,0,0,35.5,398.41,-59.75,76.03,69.3,1833.1,1,
2026-08-16T14:22:53,LSVA0000DEMO00002,dc_charging,0,0,0,0,0,35.6,398.4,-59.85,76.03,69.3,1830.4,1,
2026-08-16T14:22:54,LSVA0000DEMO00002,dc_charging,0,0,0,0,0,35.6,398.33,-60.0,76.04,69.4,1827.3,1,
2026-08-16T14:22:55,LSVA0000DEMO00002,dc_charging,0,0,0,0,0,35.6,398.21,-60.14,76.05,69.4,1823.9,1,
2026-08-16T14:22:56,LSVA0000DEMO00002,dc_charging,0,0,0,0,0,35.6,398.09,-60.25,76.06,69.5,1820.2,1,
2026-08-16T14:22:57,LSVA0000DEMO00002,dc_charging,0,0,0,0,0,35.6,398.02,-60.3,76.06,69.6,1816.5,1,
2026-08-16T14:22:58,LSVA0000DEMO00002,dc_charging,0,0,0,0,0,35.6,398.02,-60.27,76.07,69.6,1812.7,1,
2026-08-16T14:22:59,LSVA0000DEMO00002,dc_charging,0,0,0,0,0,35.6,398.08,-60.18,76.08,69.6,1808.9,1,
2026-08-16T14:23:00,LSVA0000DEMO00002,dc_charging,0,0,0,0,0,35.6,398.16,-60.04,76.08,69.7,1805.3,1,
2026-08-16T14:23:01,LSVA0000DEMO00002,dc_charging,0,0,0,0,0,35.6,398.22,-59.9,76.09,69.7,1802.0,1,
2026-08-16T14:23:02,LSVA0000DEMO00002,dc_charging,0,0,0,0,0,35.6,398.21,-59.77,76.1,69.8,1798.9,1,
2026-08-16T14:23:03,LSVA0000DEMO00002,dc_charging,0,0,0,0,0,35.6,398.13,-59.71,76.1,69.9,1796.2,1,
2026-08-16T14:23:04,LSVA0000DEMO00002,dc_charging,0,0,0,0,0,35.6,398.01,-59.71,76.11,69.9,1794.0,1,
2026-08-16T14:23:05,LSVA0000DEMO00002,dc_charging,0,0,0,0,0,35.6,398.0,-59.79,76.12,70.0,1800.0,2,
2026-08-16T14:23:06,LSVA0000DEMO00002,dc_charging,0,0,0,0,0,35.6,397.84,-59.91,76.12,70.0,1791.2,2,
2026-08-16T14:23:07,LSVA0000DEMO00002,dc_charging,0,0,0,0,0,35.6,397.85,-60.06,76.13,70.1,1790.7,2,
2026-08-16T14:23:08,LSVA0000DEMO00002,dc_charging,0,0,0,0,0,35.6,397.93,-60.2,76.14,70.1,1790.5,2,
2026-08-16T14:23:09,LSVA0000DEMO00002,dc_charging,0,0,0,0,0,35.6,398.02,-60.28,76.15,70.2,1790.6,2,
2026-08-16T14:23:10,LSVA0000DEMO00002,dc_charging,0,0,0,0,0,35.6,398.09,-60.3,76.15,70.3,1790.8,2,
2026-08-16T14:23:11,LSVA0000DEMO00002,dc_charging,0,0,0,0,0,35.6,398.09,-60.24,76.16,70.4,1791.2,2,
2026-08-16T14:23:12,LSVA0000DEMO00002,dc_charging,0,0,0,0,0,35.6,398.02,-60.13,76.17,70.4,1791.6,2,
2026-08-16T14:23:13,LSVA0000DEMO00002,dc_charging,0,0,0,0,0,35.6,397.91,-59.98,76.17,70.4,1791.9,2,
2026-08-16T14:23:14,LSVA0000DEMO00002,dc_charging,0,0,0,0,0,35.6,397.81,-59.84,76.18,70.5,1792.0,2,
2026-08-16T14:23:15,LSVA0000DEMO00002,dc_charging,0,0,0,0,0,35.6,397.75,-59.74,76.19,70.5,1791.8,2,
2026-08-16T14:23:16,LSVA0000DEMO00002,dc_charging,0,0,0,0,0,35.6,397.77,-59.7,76.19,70.6,1791.3,2,
2026-08-16T14:23:17,LSVA0000DEMO00002,dc_charging,0,0,0,0,0,35.6,397.84,-59.74,76.2,70.7,1790.4,2,
2026-08-16T14:23:18,LSVA0000DEMO00002,dc_charging,0,0,0,0,0,35.6,397.94,-59.84,76.21,70.8,1789.2,2,
2026-08-16T14:23:19,LSVA0000DEMO00002,dc_charging,0,0,0,0,0,35.6,398.0,-59.98,76.22,70.8,1787.4,2,
2026-08-16T14:23:20,LSVA0000DEMO00002,dc_charging,0,0,0,0,0,35.6,398.0,-60.12,76.22,70.9,1785.3,2,
2026-08-16T14:23:21,LSVA0000DEMO00002,dc_charging,0,0,0,0,0,35.6,397.93,-60.24,76.23,70.9,1782.8,2,
2026-08-16T14:23:22,LSVA0000DEMO00002,dc_charging,0,0,0,0,0,35.6,397.82,-60.3,76.24,71.0,1780.0,2,
2026-08-16T14:23:23,LSVA0000DEMO00002,dc_charging,0,0,0,0,0,35.6,397.72,-60.28,76.24,71.1,1777.0,2,
2026-08-16T14:23:24,LSVA0000DEMO00002,dc_charging,0,0,0,0,0,35.6,397.67,-60.2,76.25,71.1,1773.8,2,
2026-08-16T14:23:25,LSVA0000DEMO00002,dc_charging,0,0,0,0,0,35.6,397.68,-60.06,76.26,71.2,1770.5,2,
2026-08-16T14:23:26,LSVA0000DEMO00002,dc_charging,0,0,0,0,0,35.6,397.76,-59.92,76.26,71.3,1767.2,2,
2026-08-16T14:23:27,LSVA0000DEMO00002,dc_charging,0,0,0,0,0,35.6,397.85,-59.79,76.27,71.3,1764.1,2,
2026-08-16T14:23:28,LSVA0000DEMO00002,dc_charging,0,0,0,0,0,35.6,397.91,-59.71,76.28,71.4,1761.2,2,
2026-08-16T14:23:29,LSVA0000DEMO00002,dc_charging,0,0,0,0,0,35.6,397.91,-59.71,76.28,71.4,1758.5,2,
2026-08-16T14:23:30,LSVA0000DEMO00002,dc_charging,0,0,0,0,0,35.6,397.84,-59.77,76.29,71.5,1756.3,2,
2026-08-16T14:23:31,LSVA0000DEMO00002,dc_charging,0,0,0,0,0,35.6,397.73,-59.89,76.3,71.6,1754.4,2,
2026-08-16T14:23:32,LSVA0000DEMO00002,dc_charging,0,0,0,0,0,35.6,397.63,-60.04,76.31,71.7,1752.9,2,
2026-08-16T14:23:33,LSVA0000DEMO00002,dc_charging,0,0,0,0,0,35.6,397.58,-60.18,76.31,71.7,1751.9,2,
2026-08-16T14:23:34,LSVA0000DEMO00002,dc_charging,0,0,0,0,0,35.6,397.6,-60.27,76.32,71.7,1751.2,2,
2026-08-16T14:23:35,LSVA0000DEMO00002,dc_charging,0,0,0,0,0,35.6,397.67,-60.3,76.33,71.8,1750.9,2,
2026-08-16T14:23:36,LSVA0000DEMO00002,dc_charging,0,0,0,0,0,35.6,397.77,-60.25,76.33,71.9,1750.9,2,
2026-08-16T14:23:37,LSVA0000DEMO00002,dc_charging,0,0,0,0,0,35.6,397.83,-60.14,76.34,71.9,1751.1,2,
2026-08-16T14:23:38,LSVA0000DEMO00002,dc_charging,0,0,0,0,0,35.6,397.83,-60.0,76.35,72.0,1751.5,2,
2026-08-16T14:23:39,LSVA0000DEMO00002,dc_charging,0,0,0,0,0,35.6,397.75,-59.86,76.35,72.1,1751.9,2,
2026-08-16T14:23:40,LSVA0000DEMO00002,dc_charging,0,0,0,0,0,35.6,397.64,-59.75,76.36,72.2,1752.2,2,
2026-08-16T14:23:41,LSVA0000DEMO00002,dc_charging,0,0,0,0,0,35.6,397.54,-59.7,76.37,72.2,1752.4,2,
2026-08-16T14:23:42,LSVA0000DEMO00002,dc_charging,0,0,0,0,0,35.6,397.49,-59.73,76.38,72.2,1752.3,2,
2026-08-16T14:23:43,LSVA0000DEMO00002,dc_charging,0,0,0,0,0,35.6,397.51,-59.82,76.38,72.3,1751.9,2,
2026-08-16T14:23:44,LSVA0000DEMO00002,dc_charging,0,0,0,0,0,35.6,397.59,-59.96,76.39,72.4,1751.2,2,
2026-08-16T14:23:45,LSVA0000DEMO00002,dc_charging,0,0,0,0,0,35.6,397.68,-60.11,76.4,72.5,1750.0,2,
2026-08-16T14:23:46,LSVA0000DEMO00002,dc_charging,0,0,0,0,0,35.6,397.74,-60.23,76.4,72.6,1748.4,2,
2026-08-16T14:23:47,LSVA0000DEMO00002,dc_charging,0,0,0,0,0,35.6,397.74,-60.29,76.41,72.6,1746.5,2,
2026-08-16T14:23:48,LSVA0000DEMO00002,dc_charging,0,0,0,0,0,35.6,397.67,-60.29,76.42,72.7,1744.1,2,
2026-08-16T14:23:49,LSVA0000DEMO00002,dc_charging,0,0,0,0,0,35.6,397.56,-60.21,76.42,72.7,1741.4,2,
2026-08-16T14:23:50,LSVA0000DEMO00002,dc_charging,0,0,0,0,0,35.6,397.45,-60.08,76.43,72.8,1738.4,2,
2026-08-16T14:23:51,LSVA0000DEMO00002,dc_charging,0,0,0,0,0,35.6,397.41,-59.94,76.44,72.9,1735.2,2,
2026-08-16T14:23:52,LSVA0000DEMO00002,dc_charging,0,0,0,0,0,35.6,397.43,-59.8,76.44,73.0,1731.9,2,
2026-08-16T14:23:53,LSVA0000DEMO00002,dc_charging,0,0,0,0,0,35.6,397.51,-59.72,76.45,73.1,1728.7,2,
2026-08-16T14:23:54,LSVA0000DEMO00002,dc_charging,0,0,0,0,0,35.6,397.6,-59.7,76.46,73.1,1725.5,2,
2026-08-16T14:23:55,LSVA0000DEMO00002,dc_charging,0,0,0,0,0,35.6,397.66,-59.76,76.47,73.2,1722.5,2,
2026-08-16T14:23:56,LSVA0000DEMO00002,dc_charging,0,0,0,0,0,35.6,397.65,-59.88,76.47,73.2,1719.8,2,
2026-08-16T14:23:57,LSVA0000DEMO00002,dc_charging,0,0,0,0,0,35.6,397.58,-60.02,76.48,73.3,1717.4,2,
2026-08-16T14:23:58,LSVA0000DEMO00002,dc_charging,0,0,0,0,0,35.6,397.47,-60.16,76.49,73.4,1715.3,2,
2026-08-16T14:23:59,LSVA0000DEMO00002,dc_charging,0,0,0,0,0,35.6,397.37,-60.26,76.49,73.5,1713.7,2,
2026-08-16T14:24:00,LSVA0000DEMO00002,dc_charging,0,0,0,0,0,35.6,397.32,-60.3,76.5,73.6,1712.6,2,
2026-08-16T14:24:01,LSVA0000DEMO00002,dc_charging,0,0,0,0,0,35.6,397.34,-60.26,76.51,73.6,1711.8,2,
2026-08-16T14:24:02,LSVA0000DEMO00002,dc_charging,0,0,0,0,0,35.6,397.42,-60.16,76.51,73.7,1711.4,2,
2026-08-16T14:24:03,LSVA0000DEMO00002,dc_charging,0,0,0,0,0,35.6,397.51,-60.02,76.52,73.8,1711.3,2,
2026-08-16T14:24:04,LSVA0000DEMO00002,dc_charging,0,0,0,0,0,35.6,397.57,-59.87,76.53,73.8,1711.5,2,
2026-08-16T14:24:05,LSVA0000DEMO00002,dc_charging,0,0,0,0,0,35.6,397.56,-59.76,76.53,73.9,1711.8,2,
2026-08-16T14:24:06,LSVA0000DEMO00002,dc_charging,0,0,0,0,0,35.6,397.49,-59.7,76.54,74.0,1712.2,2,
2026-08-16T14:24:07,LSVA0000DEMO00002,dc_charging,0,0,0,0,0,35.6,397.38,-59.72,76.55,74.1,1712.5,2,
2026-08-16T14:24:08,LSVA0000DEMO00002,dc_charging,0,0,0,0,0,35.6,397.28,-59.8,76.56,74.2,1712.7,2,
2026-08-16T14:24:09,LSVA0000DEMO00002,dc_charging,0,0,0,0,0,35.6,397.23,-59.94,76.56,74.2,1712.8,2,
2026-08-16T14:24:10,LSVA0000DEMO00002,dc_charging,0,0,0,0,0,35.6,397.26,-60.09,76.57,74.3,1712.5,2,
2026-08-16T14:24:11,LSVA0000DEMO00002,dc_charging,0,0,0,0,0,35.6,397.34,-60.21,76.58,74.4,1711.9,2,
2026-08-16T14:24:12,LSVA0000DEMO00002,dc_charging,0,0,0,0,0,35.6,397.43,-60.29,76.58,74.5,1710.8,2,
2026-08-16T14:24:13,LSVA0000DEMO00002,dc_charging,0,0,0,0,0,35.6,397.48,-60.29,76.59,74.6,1709.4,2,
2026-08-16T14:24:14,LSVA0000DEMO00002,dc_charging,0,0,0,0,0,35.6,397.47,-60.23,76.6,74.7,1707.5,2,
2026-08-16T14:24:15,LSVA0000DEMO00002,dc_charging,0,0,0,0,0,35.6,397.4,-60.1,76.6,74.7,1705.3,2,
2026-08-16T14:24:16,LSVA0000DEMO00002,dc_charging,0,0,0,0,0,35.6,397.29,-59.96,76.61,74.8,1702.7,2,
2026-08-16T14:24:17,LSVA0000DEMO00002,dc_charging,0,0,0,0,0,35.6,397.19,-59.82,76.62,74.9,1699.8,2,
2026-08-16T14:24:18,LSVA0000DEMO00002,dc_charging,0,0,0,0,0,35.6,397.14,-59.73,76.62,74.9,1696.6,2,
2026-08-16T14:24:19,LSVA0000DEMO00002,dc_charging,0,0,0,0,0,35.6,397.17,-59.7,76.63,75.0,1693.4,2,
2026-08-16T14:24:20,LSVA0000DEMO00002,dc_charging,0,0,0,0,0,35.6,397.25,-59.75,76.64,75.1,1690.1,2,
2026-08-16T14:24:21,LSVA0000DEMO00002,dc_charging,0,0,0,0,0,35.6,397.34,-59.86,76.65,75.2,1686.9,2,
2026-08-16T14:24:22,LSVA0000DEMO00002,dc_charging,0,0,0,0,0,35.6,397.4,-60.0,76.65,75.3,1683.8,2,
2026-08-16T14:24:23,LSVA0000DEMO00002,dc_charging,0,0,0,0,0,35.6,397.39,-60.15,76.66,75.4,1681.0,2,
2026-08-16T14:24:24,LSVA0000DEMO00002,dc_charging,0,0,0,0,0,35.6,397.31,-60.25,76.67,75.4,1678.5,2,
2026-08-16T14:24:25,LSVA0000DEMO00002,dc_charging,0,0,0,0,0,35.6,397.2,-60.3,76.67,75.5,1676.4,2,
2026-08-16T14:24:26,LSVA0000DEMO00002,dc_charging,0,0,0,0,0,35.6,397.1,-60.27,76.68,75.6,1674.6,2,
2026-08-16T14:24:27,LSVA0000DEMO00002,dc_charging,0,0,0,0,0,35.6,397.06,-60.18,76.69,75.7,1673.3,2,
2026-08-16T14:24:28,LSVA0000DEMO00002,dc_charging,0,0,0,0,0,35.6,397.09,-60.04,76.69,75.8,1672.4,2,
2026-08-16T14:24:29,LSVA0000DEMO00002,dc_charging,0,0,0,0,0,35.5,397.17,-59.89,76.7,75.9,1671.9,2,
2026-08-16T14:24:30,LSVA0000DEMO00002,dc_charging,0,0,0,0,0,35.5,397.26,-59.77,76.71,75.9,1671.7,2,
2026-08-16T14:24:31,LSVA0000DEMO00002,dc_charging,0,0,0,0,0,35.5,397.31,-59.71,76.72,76.0,1671.8,2,
2026-08-16T14:24:32,LSVA0000DEMO00002,dc_charging,0,0,0,0,0,35.5,397.3,-59.71,76.72,76.1,1672.1,2,
2026-08-16T14:24:33,LSVA0000DEMO00002,dc_charging,0,0,0,0,0,35.5,397.22,-59.79,76.73,76.2,1672.4,2,
2026-08-16T14:24:34,LSVA0000DEMO00002,dc_charging,0,0,0,0,0,35.5,397.11,-59.92,76.74,76.3,1672.8,2,
2026-08-16T14:24:35,LSVA0000DEMO00002,dc_charging,0,0,0,0,0,35.5,397.01,-60.07,76.74,76.4,1673.1,2,
2026-08-16T14:24:36,LSVA0000DEMO00002,dc_charging,0,0,0,0,0,35.5,396.97,-60.2,76.75,76.4,1673.2,2,
2026-08-16T14:24:37,LSVA0000DEMO00002,dc_charging,0,0,0,0,0,35.5,397.0,-60.28,76.76,76.5,1673.0,2,
2026-08-16T14:24:38,LSVA0000DEMO00002,dc_charging,0,0,0,0,0,35.5,397.08,-60.3,76.76,76.6,1672.5,2,
2026-08-16T14:24:39,LSVA0000DEMO00002,dc_charging,0,0,0,0,0,35.5,397.17,-60.24,76.77,76.7,1671.6,2,
2026-08-16T14:24:40,LSVA0000DEMO00002,dc_charging,0,0,0,0,0,35.5,397.23,-60.12,76.78,76.8,1670.3,2,
2026-08-16T14:24:41,LSVA0000DEMO00002,dc_charging,0,0,0,0,0,35.5,397.21,-59.97,76.78,76.9,1668.6,2,
2026-08-16T14:24:42,LSVA0000DEMO00002,dc_charging,0,0,0,0,0,35.5,397.13,-59.83,76.79,77.0,1666.5,2,
2026-08-16T14:24:43,LSVA0000DEMO00002,dc_charging,0,0,0,0,0,35.5,397.02,-59.73,76.8,77.1,1663.9,2,
2026-08-16T14:24:44,LSVA0000DEMO00002,dc_charging,0,0,0,0,0,35.5,396.92,-59.7,76.81,77.1,1661.1,2,
2026-08-16T14:24:45,LSVA0000DEMO00002,dc_charging,0,0,0,0,0,35.5,396.88,-59.74,76.81,77.2,1658.1,2,
2026-08-16T14:24:46,LSVA0000DEMO00002,dc_charging,0,0,0,0,0,35.5,396.92,-59.84,76.82,77.3,1654.8,2,
2026-08-16T14:24:47,LSVA0000DEMO00002,dc_charging,0,0,0,0,0,35.5,397.0,-59.98,76.83,77.4,1651.6,2,
2026-08-16T14:24:48,LSVA0000DEMO00002,dc_charging,0,0,0,0,0,35.5,397.09,-60.13,76.83,77.5,1648.3,2,
2026-08-16T14:24:49,LSVA0000DEMO00002,dc_charging,0,0,0,0,0,35.5,397.14,-60.24,76.84,77.6,1645.2,2,
2026-08-16T14:24:50,LSVA0000DEMO00002,dc_charging,0,0,0,0,0,35.5,397.12,-60.3,76.85,77.7,1642.3,2,
2026-08-16T14:24:51,LSVA0000DEMO00002,dc_charging,0,0,0,0,0,35.5,397.04,-60.28,76.85,77.8,1639.7,2,
2026-08-16T14:24:52,LSVA0000DEMO00002,dc_charging,0,0,0,0,0,35.5,396.93,-60.19,76.86,77.9,1637.4,2,
2026-08-16T14:24:53,LSVA0000DEMO00002,dc_charging,0,0,0,0,0,35.5,396.83,-60.06,76.87,78.0,1635.5,2,
2026-08-16T14:24:54,LSVA0000DEMO00002,dc_charging,0,0,0,0,0,35.5,396.8,-59.91,76.88,78.1,1634.1,2,
2026-08-16T14:24:55,LSVA0000DEMO00002,dc_charging,0,0,0,0,0,35.5,396.83,-59.78,76.88,78.2,1633.1,2,
2026-08-16T14:24:56,LSVA0000DEMO00002,dc_charging,0,0,0,0,0,35.5,396.91,-59.71,76.89,78.3,1632.4,2,
2026-08-16T14:24:57,LSVA0000DEMO00002,dc_charging,0,0,0,0,0,35.5,397.0,-59.71,76.9,78.4,1632.1,2,
2026-08-16T14:24:58,LSVA0000DEMO00002,dc_charging,0,0,0,0,0,35.5,397.05,-59.78,76.9,78.4,1632.2,2,
2026-08-16T14:24:59,LSVA0000DEMO00002,dc_charging,0,0,0,0,0,35.5,397.03,-59.9,76.91,78.5,1632.4,2,
2026-08-16T14:25:00,LSVA0000DEMO00002,dc_charging,0,0,0,0,0,35.5,396.95,-60.05,76.92,78.6,1632.7,2,
2026-08-16T14:25:01,LSVA0000DEMO00002,dc_charging,0,0,0,0,0,35.5,396.84,-60.18,76.92,78.7,1633.1,2,
2026-08-16T14:25:02,LSVA0000DEMO00002,dc_charging,0,0,0,0,0,35.5,396.75,-60.27,76.93,78.9,1633.4,2,
2026-08-16T14:25:03,LSVA0000DEMO00002,dc_charging,0,0,0,0,0,35.5,396.71,-60.3,76.94,79.0,1633.6,2,
2026-08-16T14:25:04,LSVA0000DEMO00002,dc_charging,0,0,0,0,0,35.5,396.75,-60.25,76.94,79.0,1633.5,2,
2026-08-16T14:25:05,LSVA0000DEMO00002,dc_charging,0,0,0,0,0,35.5,396.83,-60.14,76.95,79.1,1633.1,2,
2026-08-16T14:25:06,LSVA0000DEMO00002,dc_charging,0,0,0,0,0,35.5,396.92,-59.99,76.96,79.2,1632.4,2,
2026-08-16T14:25:07,LSVA0000DEMO00002,dc_charging,0,0,0,0,0,35.5,396.97,-59.85,76.97,79.3,1631.2,2,
2026-08-16T14:25:08,LSVA0000DEMO00002,dc_charging,0,0,0,0,0,35.5,396.95,-59.74,76.97,79.4,1629.6,2,
2026-08-16T14:25:09,LSVA0000DEMO00002,dc_charging,0,0,0,0,0,35.5,396.86,-59.7,76.98,79.5,1627.6,2,
2026-08-16T14:25:10,LSVA0000DEMO00002,dc_charging,0,0,0,0,0,35.5,396.75,-59.73,76.99,79.6,1625.2,2,
2026-08-16T14:25:11,LSVA0000DEMO00002,dc_charging,0,0,0,0,0,35.5,396.66,-59.82,76.99,79.7,1622.5,2,
2026-08-16T14:25:12,LSVA0000DEMO00002,stopped,0,0,0,0,0,35.5,396.62,0.0,77.0,82.6,1619.5,3,BMS-TH01
2026-08-16T14:25:13,LSVA0000DEMO00002,stopped,0,0,0,0,0,35.5,396.66,0.0,77.0,82.6,1616.3,3,BMS-TH01
2026-08-16T14:25:14,LSVA0000DEMO00002,stopped,0,0,0,0,0,35.5,396.74,0.0,77.0,82.7,1613.0,3,BMS-TH01
2026-08-16T14:25:15,LSVA0000DEMO00002,stopped,0,0,0,0,0,35.5,396.83,0.0,77.0,82.7,1609.7,3,BMS-TH01
2026-08-16T14:25:16,LSVA0000DEMO00002,stopped,0,0,0,0,0,35.5,396.88,0.0,77.0,82.8,1606.6,3,BMS-TH01
2026-08-16T14:25:17,LSVA0000DEMO00002,stopped,0,0,0,0,0,35.5,396.86,0.0,77.0,82.9,1603.6,3,BMS-TH01
2026-08-16T14:25:18,LSVA0000DEMO00002,stopped,0,0,0,0,0,35.5,396.77,0.0,77.0,82.9,1600.9,3,BMS-TH01
2026-08-16T14:25:19,LSVA0000DEMO00002,stopped,0,0,0,0,0,35.5,396.66,0.0,77.0,82.9,1598.5,3,BMS-TH01
2026-08-16T14:25:20,LSVA0000DEMO00002,stopped,0,0,0,0,0,35.4,396.57,0.0,77.0,82.9,1596.5,3,BMS-TH01
2026-08-16T14:25:21,LSVA0000DEMO00002,stopped,0,0,0,0,0,35.4,396.54,0.0,77.0,83.0,1594.9,3,BMS-TH01
2026-08-16T14:25:22,LSVA0000DEMO00002,stopped,0,0,0,0,0,35.4,396.58,0.0,77.0,83.0,1593.7,3,BMS-TH01
2026-08-16T14:25:23,LSVA0000DEMO00002,stopped,0,0,0,0,0,35.4,396.66,0.0,77.0,83.1,1593.0,3,BMS-TH01
2026-08-16T14:25:24,LSVA0000DEMO00002,stopped,0,0,0,0,0,35.4,396.75,0.0,77.0,83.2,1592.6,3,BMS-TH01
2026-08-16T14:25:25,LSVA0000DEMO00002,stopped,0,0,0,0,0,35.4,396.79,0.0,77.0,83.2,1592.5,3,BMS-TH01
2026-08-16T14:25:26,LSVA0000DEMO00002,stopped,0,0,0,0,0,35.4,396.77,0.0,77.0,83.2,1592.7,3,BMS-TH01
2026-08-16T14:25:27,LSVA0000DEMO00002,stopped,0,0,0,0,0,35.4,396.68,0.0,77.0,83.2,1593.0,3,BMS-TH01
2026-08-16T14:25:28,LSVA0000DEMO00002,stopped,0,0,0,0,0,35.4,396.57,0.0,77.0,83.3,1593.4,3,BMS-TH01
2026-08-16T14:25:29,LSVA0000DEMO00002,stopped,0,0,0,0,0,35.4,396.48,0.0,77.0,83.4,1593.8,3,BMS-TH01
2026-08-16T14:25:30,LSVA0000DEMO00002,stopped,0,0,0,0,0,35.4,396.45,0.0,77.0,83.4,1594.0,3,BMS-TH01
2026-08-16T14:25:31,LSVA0000DEMO00002,stopped,0,0,0,0,0,35.4,396.49,0.0,77.0,83.5,1594.0,3,BMS-TH01
2026-08-16T14:25:32,LSVA0000DEMO00002,stopped,0,0,0,0,0,35.4,396.58,0.0,77.0,83.5,1593.7,3,BMS-TH01
2026-08-16T14:25:33,LSVA0000DEMO00002,stopped,0,0,0,0,0,35.4,396.66,0.0,77.0,83.5,1593.1,3,BMS-TH01
2026-08-16T14:25:34,LSVA0000DEMO00002,stopped,0,0,0,0,0,35.4,396.71,0.0,77.0,83.5,1592.0,3,BMS-TH01
2026-08-16T14:25:35,LSVA0000DEMO00002,stopped,0,0,0,0,0,35.4,396.68,0.0,77.0,83.6,1590.6,3,BMS-TH01
2026-08-16T14:25:36,LSVA0000DEMO00002,stopped,0,0,0,0,0,35.4,396.59,0.0,77.0,83.7,1588.7,3,BMS-TH01
2026-08-16T14:25:37,LSVA0000DEMO00002,stopped,0,0,0,0,0,35.4,396.48,0.0,77.0,83.7,1586.4,3,BMS-TH01
2026-08-16T14:25:38,LSVA0000DEMO00002,stopped,0,0,0,0,0,35.4,396.39,0.0,77.0,83.8,1583.8,3,BMS-TH01
2026-08-16T14:25:39,LSVA0000DEMO00002,stopped,0,0,0,0,0,35.4,396.36,0.0,77.0,83.8,1580.9,3,BMS-TH01
2026-08-16T14:25:40,LSVA0000DEMO00002,stopped,0,0,0,0,0,35.4,396.4,0.0,77.0,83.8,1577.7,3,BMS-TH01
2026-08-16T14:25:41,LSVA0000DEMO00002,stopped,0,0,0,0,0,35.4,396.49,0.0,77.0,83.9,1574.5,3,BMS-TH01
2026-08-16T14:25:42,LSVA0000DEMO00002,stopped,0,0,0,0,0,35.4,396.58,0.0,77.0,83.9,1571.2,3,BMS-TH01
2026-08-16T14:25:43,LSVA0000DEMO00002,stopped,0,0,0,0,0,35.4,396.62,0.0,77.0,84.0,1568.0,3,BMS-TH01
2026-08-16T14:25:44,LSVA0000DEMO00002,stopped,0,0,0,0,0,35.4,396.59,0.0,77.0,84.0,1564.9,3,BMS-TH01
2026-08-16T14:25:45,LSVA0000DEMO00002,stopped,0,0,0,0,0,35.4,396.51,0.0,77.0,84.1,1562.1,3,BMS-TH01
2026-08-16T14:25:46,LSVA0000DEMO00002,stopped,0,0,0,0,0,35.4,396.39,0.0,77.0,84.1,1559.6,3,BMS-TH01
2026-08-16T14:25:47,LSVA0000DEMO00002,stopped,0,0,0,0,0,35.4,396.3,0.0,77.0,84.1,1557.5,3,BMS-TH01
2026-08-16T14:25:48,LSVA0000DEMO00002,stopped,0,0,0,0,0,35.4,396.28,0.0,77.0,84.2,1555.8,3,BMS-TH01
2026-08-16T14:25:49,LSVA0000DEMO00002,stopped,0,0,0,0,0,35.4,396.32,0.0,77.0,84.2,1554.5,3,BMS-TH01
2026-08-16T14:25:50,LSVA0000DEMO00002,stopped,0,0,0,0,0,35.4,396.41,0.0,77.0,84.3,1553.6,3,BMS-TH01
2026-08-16T14:25:51,LSVA0000DEMO00002,stopped,0,0,0,0,0,35.4,396.49,0.0,77.0,84.3,1553.1,3,BMS-TH01
2026-08-16T14:25:52,LSVA0000DEMO00002,stopped,0,0,0,0,0,35.4,396.53,0.0,77.0,84.4,1552.9,3,BMS-TH01
2026-08-16T14:25:53,LSVA0000DEMO00002,stopped,0,0,0,0,0,35.4,396.51,0.0,77.0,84.4,1553.0,3,BMS-TH01
2026-08-16T14:25:54,LSVA0000DEMO00002,stopped,0,0,0,0,0,35.4,396.42,0.0,77.0,84.4,1553.3,3,BMS-TH01
2026-08-16T14:25:55,LSVA0000DEMO00002,stopped,0,0,0,0,0,35.4,396.3,0.0,77.0,84.4,1553.7,3,BMS-TH01
2026-08-16T14:25:56,LSVA0000DEMO00002,stopped,0,0,0,0,0,35.4,396.22,0.0,77.0,84.5,1554.1,3,BMS-TH01
2026-08-16T14:25:57,LSVA0000DEMO00002,stopped,0,0,0,0,0,35.4,396.19,0.0,77.0,84.6,1554.3,3,BMS-TH01
2026-08-16T14:25:58,LSVA0000DEMO00002,stopped,0,0,0,0,0,35.3,396.23,0.0,77.0,84.6,1554.4,3,BMS-TH01
2026-08-16T14:25:59,LSVA0000DEMO00002,stopped,0,0,0,0,0,35.3,396.32,0.0,77.0,84.7,1554.2,3,BMS-TH01
2026-08-16T14:26:00,LSVA0000DEMO00002,stopped,0,0,0,0,0,35.3,396.41,0.0,77.0,84.7,1553.7,3,BMS-TH01
2026-08-16T14:26:01,LSVA0000DEMO00002,stopped,0,0,0,0,0,35.3,396.45,0.0,77.0,84.7,1552.8,3,BMS-TH01
2026-08-16T14:26:02,LSVA0000DEMO00002,stopped,0,0,0,0,0,35.3,396.42,0.0,77.0,84.7,1551.5,3,BMS-TH01
2026-08-16T14:26:03,LSVA0000DEMO00002,stopped,0,0,0,0,0,35.3,396.33,0.0,77.0,84.7,1549.7,3,BMS-TH01
2026-08-16T14:26:04,LSVA0000DEMO00002,stopped,0,0,0,0,0,35.3,396.21,0.0,77.0,84.8,1547.6,3,BMS-TH01
2026-08-16T14:26:05,LSVA0000DEMO00002,stopped,0,0,0,0,0,35.3,396.13,0.0,77.0,84.9,1545.1,3,BMS-TH01
2026-08-16T14:26:06,LSVA0000DEMO00002,stopped,0,0,0,0,0,35.3,396.1,0.0,77.0,84.9,1542.2,3,BMS-TH01
2026-08-16T14:26:07,LSVA0000DEMO00002,stopped,0,0,0,0,0,35.3,396.15,0.0,77.0,84.9,1539.1,3,BMS-TH01
2026-08-16T14:26:08,LSVA0000DEMO00002,stopped,0,0,0,0,0,35.3,396.24,0.0,77.0,84.9,1535.9,3,BMS-TH01
2026-08-16T14:26:09,LSVA0000DEMO00002,stopped,0,0,0,0,0,35.3,396.32,0.0,77.0,85.0,1532.6,3,BMS-TH01
2026-08-16T14:26:10,LSVA0000DEMO00002,stopped,0,0,0,0,0,35.3,396.36,0.0,77.0,85.0,1529.4,3,BMS-TH01
2026-08-16T14:26:11,LSVA0000DEMO00002,stopped,0,0,0,0,0,35.3,396.33,0.0,77.0,85.1,1526.3,3,BMS-TH01
2026-08-16T14:26:12,LSVA0000DEMO00002,stopped,0,0,0,0,0,35.3,396.24,0.0,77.0,85.1,1523.4,3,BMS-TH01
2026-08-16T14:26:13,LSVA0000DEMO00002,stopped,0,0,0,0,0,35.3,396.13,0.0,77.0,85.2,1520.8,3,BMS-TH01
2026-08-16T14:26:14,LSVA0000DEMO00002,stopped,0,0,0,0,0,35.3,396.04,0.0,77.0,85.2,1518.5,3,BMS-TH01
2026-08-16T14:26:15,LSVA0000DEMO00002,stopped,0,0,0,0,0,35.3,396.02,0.0,77.0,85.2,1516.7,3,BMS-TH01
2026-08-16T14:26:16,LSVA0000DEMO00002,stopped,0,0,0,0,0,35.3,396.06,0.0,77.0,85.2,1515.3,3,BMS-TH01
2026-08-16T14:26:17,LSVA0000DEMO00002,stopped,0,0,0,0,0,35.3,396.15,0.0,77.0,85.3,1514.2,3,BMS-TH01
2026-08-16T14:26:18,LSVA0000DEMO00002,stopped,0,0,0,0,0,35.3,396.24,0.0,77.0,85.3,1513.6,3,BMS-TH01
2026-08-16T14:26:19,LSVA0000DEMO00002,stopped,0,0,0,0,0,35.3,396.27,0.0,77.0,85.4,1513.4,3,BMS-TH01
2026-08-16T14:26:20,LSVA0000DEMO00002,stopped,0,0,0,0,0,35.3,396.24,0.0,77.0,85.4,1513.4,3,BMS-TH01
2026-08-16T14:26:21,LSVA0000DEMO00002,stopped,0,0,0,0,0,35.3,396.15,0.0,77.0,85.4,1513.6,3,BMS-TH01
2026-08-16T14:26:22,LSVA0000DEMO00002,stopped,0,0,0,0,0,35.3,396.04,0.0,77.0,85.4,1514.0,3,BMS-TH01
2026-08-16T14:26:23,LSVA0000DEMO00002,stopped,0,0,0,0,0,35.3,395.95,0.0,77.0,85.5,1514.4,3,BMS-TH01
2026-08-16T14:26:24,LSVA0000DEMO00002,stopped,0,0,0,0,0,35.3,395.93,0.0,77.0,85.5,1514.7,3,BMS-TH01
2026-08-16T14:26:25,LSVA0000DEMO00002,stopped,0,0,0,0,0,35.3,395.98,0.0,77.0,85.6,1514.8,3,BMS-TH01
2026-08-16T14:26:26,LSVA0000DEMO00002,stopped,0,0,0,0,0,35.3,396.07,0.0,77.0,85.6,1514.7,3,BMS-TH01
2026-08-16T14:26:27,LSVA0000DEMO00002,stopped,0,0,0,0,0,35.3,396.15,0.0,77.0,85.7,1514.3,3,BMS-TH01
2026-08-16T14:26:28,LSVA0000DEMO00002,stopped,0,0,0,0,0,35.3,396.19,0.0,77.0,85.7,1513.5,3,BMS-TH01
2026-08-16T14:26:29,LSVA0000DEMO00002,stopped,0,0,0,0,0,35.3,396.15,0.0,77.0,85.7,1512.3,3,BMS-TH01
2026-08-16T14:26:30,LSVA0000DEMO00002,stopped,0,0,0,0,0,35.3,396.06,0.0,77.0,85.7,1510.7,3,BMS-TH01
2026-08-16T14:26:31,LSVA0000DEMO00002,stopped,0,0,0,0,0,35.3,395.95,0.0,77.0,85.8,1508.7,3,BMS-TH01
2026-08-16T14:26:32,LSVA0000DEMO00002,stopped,0,0,0,0,0,35.3,395.86,0.0,77.0,85.8,1506.3,3,BMS-TH01
2026-08-16T14:26:33,LSVA0000DEMO00002,stopped,0,0,0,0,0,35.3,395.85,0.0,77.0,85.9,1503.6,3,BMS-TH01
2026-08-16T14:26:34,LSVA0000DEMO00002,stopped,0,0,0,0,0,35.2,395.9,0.0,77.0,85.9,1500.6,3,BMS-TH01
2026-08-16T14:26:35,LSVA0000DEMO00002,stopped,0,0,0,0,0,35.2,395.98,0.0,77.0,85.9,1497.4,3,BMS-TH01
2026-08-16T14:26:36,LSVA0000DEMO00002,stopped,0,0,0,0,0,35.2,396.07,0.0,77.0,85.9,1494.1,3,BMS-TH01
2026-08-16T14:26:37,LSVA0000DEMO00002,stopped,0,0,0,0,0,35.2,396.1,0.0,77.0,86.0,1490.8,3,BMS-TH01
2026-08-16T14:26:38,LSVA0000DEMO00002,stopped,0,0,0,0,0,35.2,396.06,0.0,77.0,86.0,1487.7,3,BMS-TH01
2026-08-16T14:26:39,LSVA0000DEMO00002,stopped,0,0,0,0,0,35.2,395.97,0.0,77.0,86.1,1484.7,3,BMS-TH01
2026-08-16T14:26:40,LSVA0000DEMO00002,stopped,0,0,0,0,0,35.2,395.86,0.0,77.0,86.1,1482.0,3,BMS-TH01
2026-08-16T14:26:41,LSVA0000DEMO00002,stopped,0,0,0,0,0,35.2,395.78,0.0,77.0,86.2,1479.6,3,BMS-TH01
2026-08-16T14:26:42,LSVA0000DEMO00002,stopped,0,0,0,0,0,35.2,395.76,0.0,77.0,86.2,1477.6,3,BMS-TH01
2026-08-16T14:26:43,LSVA0000DEMO00002,stopped,0,0,0,0,0,35.2,395.81,0.0,77.0,86.2,1476.1,3,BMS-TH01
2026-08-16T14:26:44,LSVA0000DEMO00002,stopped,0,0,0,0,0,35.2,395.9,0.0,77.0,86.2,1474.9,3,BMS-TH01
2026-08-16T14:26:45,LSVA0000DEMO00002,stopped,0,0,0,0,0,35.2,395.98,0.0,77.0,86.2,1474.2,3,BMS-TH01
2026-08-16T14:26:46,LSVA0000DEMO00002,stopped,0,0,0,0,0,35.2,396.01,0.0,77.0,86.3,1473.8,3,BMS-TH01
2026-08-16T14:26:47,LSVA0000DEMO00002,stopped,0,0,0,0,0,35.2,395.98,0.0,77.0,86.3,1473.8,3,BMS-TH01
2026-08-16T14:26:48,LSVA0000DEMO00002,stopped,0,0,0,0,0,35.2,395.88,0.0,77.0,86.4,1473.9,3,BMS-TH01
2026-08-16T14:26:49,LSVA0000DEMO00002,stopped,0,0,0,0,0,35.2,395.77,0.0,77.0,86.4,1474.3,3,BMS-TH01
2026-08-16T14:26:50,LSVA0000DEMO00002,stopped,0,0,0,0,0,35.2,395.69,0.0,77.0,86.4,1474.6,3,BMS-TH01
2026-08-16T14:26:51,LSVA0000DEMO00002,stopped,0,0,0,0,0,35.2,395.67,0.0,77.0,86.4,1475.0,3,BMS-TH01
2026-08-16T14:26:52,LSVA0000DEMO00002,stopped,0,0,0,0,0,35.2,395.73,0.0,77.0,86.4,1475.2,3,BMS-TH01
2026-08-16T14:26:53,LSVA0000DEMO00002,stopped,0,0,0,0,0,35.2,395.82,0.0,77.0,86.5,1475.2,3,BMS-TH01
2026-08-16T14:26:54,LSVA0000DEMO00002,stopped,0,0,0,0,0,35.2,395.9,0.0,77.0,86.5,1474.9,3,BMS-TH01
2026-08-16T14:26:55,LSVA0000DEMO00002,stopped,0,0,0,0,0,35.2,395.93,0.0,77.0,86.6,1474.2,3,BMS-TH01
2026-08-16T14:26:56,LSVA0000DEMO00002,stopped,0,0,0,0,0,35.2,395.89,0.0,77.0,86.6,1473.2,3,BMS-TH01
2026-08-16T14:26:57,LSVA0000DEMO00002,stopped,0,0,0,0,0,35.2,395.79,0.0,77.0,86.6,1471.7,3,BMS-TH01
2026-08-16T14:26:58,LSVA0000DEMO00002,stopped,0,0,0,0,0,35.2,395.68,0.0,77.0,86.6,1469.8,3,BMS-TH01
2026-08-16T14:26:59,LSVA0000DEMO00002,stopped,0,0,0,0,0,35.2,395.6,0.0,77.0,86.6,1467.5,3,BMS-TH01
2026-08-16T14:27:00,LSVA0000DEMO00002,stopped,0,0,0,0,0,35.2,395.59,0.0,77.0,86.7,1464.9,3,BMS-TH01
2026-08-16T14:27:01,LSVA0000DEMO00002,stopped,0,0,0,0,0,35.2,395.64,0.0,77.0,86.7,1461.9,3,BMS-TH01
2026-08-16T14:27:02,LSVA0000DEMO00002,stopped,0,0,0,0,0,35.2,395.73,0.0,77.0,86.8,1458.8,3,BMS-TH01
2026-08-16T14:27:03,LSVA0000DEMO00002,stopped,0,0,0,0,0,35.2,395.81,0.0,77.0,86.8,1455.5,3,BMS-TH01
2026-08-16T14:27:04,LSVA0000DEMO00002,stopped,0,0,0,0,0,35.2,395.84,0.0,77.0,86.8,1452.3,3,BMS-TH01
2026-08-16T14:27:05,LSVA0000DEMO00002,stopped,0,0,0,0,0,35.2,395.8,0.0,77.0,86.8,1449.1,3,BMS-TH01
2026-08-16T14:27:06,LSVA0000DEMO00002,stopped,0,0,0,0,0,35.2,395.7,0.0,77.0,86.8,1446.0,3,BMS-TH01
2026-08-16T14:27:07,LSVA0000DEMO00002,stopped,0,0,0,0,0,35.2,395.59,0.0,77.0,86.9,1443.2,3,BMS-TH01
2026-08-16T14:27:08,LSVA0000DEMO00002,stopped,0,0,0,0,0,35.2,395.51,0.0,77.0,86.9,1440.7,3,BMS-TH01
2026-08-16T14:27:09,LSVA0000DEMO00002,stopped,0,0,0,0,0,35.2,395.5,0.0,77.0,87.0,1438.6,3,BMS-TH01
2026-08-16T14:27:10,LSVA0000DEMO00002,stopped,0,0,0,0,0,35.2,395.56,0.0,77.0,87.0,1436.9,3,BMS-TH01
2026-08-16T14:27:11,LSVA0000DEMO00002,stopped,0,0,0,0,0,35.2,395.65,0.0,77.0,87.0,1435.7,3,BMS-TH01
2026-08-16T14:27:12,LSVA0000DEMO00002,stopped,0,0,0,0,0,35.2,395.73,0.0,77.0,87.0,1434.8,3,BMS-TH01
2026-08-16T14:27:13,LSVA0000DEMO00002,stopped,0,0,0,0,0,35.2,395.75,0.0,77.0,87.0,1434.3,3,BMS-TH01
2026-08-16T14:27:14,LSVA0000DEMO00002,stopped,0,0,0,0,0,35.1,395.71,0.0,77.0,87.1,1434.2,3,BMS-TH01
2026-08-16T14:27:15,LSVA0000DEMO00002,stopped,0,0,0,0,0,35.1,395.61,0.0,77.0,87.1,1434.3,3,BMS-TH01
2026-08-16T14:27:16,LSVA0000DEMO00002,stopped,0,0,0,0,0,35.1,395.5,0.0,77.0,87.2,1434.6,3,BMS-TH01
2026-08-16T14:27:17,LSVA0000DEMO00002,stopped,0,0,0,0,0,35.1,395.42,0.0,77.0,87.2,1434.9,3,BMS-TH01
2026-08-16T14:27:18,LSVA0000DEMO00002,stopped,0,0,0,0,0,35.1,395.41,0.0,77.0,87.2,1435.3,3,BMS-TH01
2026-08-16T14:27:19,LSVA0000DEMO00002,stopped,0,0,0,0,0,35.1,395.47,0.0,77.0,87.2,1435.6,3,BMS-TH01
2026-08-16T14:27:20,LSVA0000DEMO00002,stopped,0,0,0,0,0,35.1,395.56,0.0,77.0,87.2,1435.6,3,BMS-TH01
2026-08-16T14:27:21,LSVA0000DEMO00002,stopped,0,0,0,0,0,35.1,395.64,0.0,77.0,87.3,1435.4,3,BMS-TH01
2026-08-16T14:27:22,LSVA0000DEMO00002,stopped,0,0,0,0,0,35.1,395.67,0.0,77.0,87.3,1434.9,3,BMS-TH01
2026-08-16T14:27:23,LSVA0000DEMO00002,stopped,0,0,0,0,0,35.1,395.62,0.0,77.0,87.4,1434.0,3,BMS-TH01
2026-08-16T14:27:24,LSVA0000DEMO00002,stopped,0,0,0,0,0,35.1,395.52,0.0,77.0,87.4,1432.6,3,BMS-TH01
2026-08-16T14:27:25,LSVA0000DEMO00002,stopped,0,0,0,0,0,35.1,395.41,0.0,77.0,87.4,1430.9,3,BMS-TH01
2026-08-16T14:27:26,LSVA0000DEMO00002,stopped,0,0,0,0,0,35.1,395.34,0.0,77.0,87.4,1428.7,3,BMS-TH01
2026-08-16T14:27:27,LSVA0000DEMO00002,stopped,0,0,0,0,0,35.1,395.33,0.0,77.0,87.4,1426.2,3,BMS-TH01
2026-08-16T14:27:28,LSVA0000DEMO00002,stopped,0,0,0,0,0,35.1,395.39,0.0,77.0,87.5,1423.3,3,BMS-TH01
2026-08-16T14:27:29,LSVA0000DEMO00002,stopped,0,0,0,0,0,35.1,395.48,0.0,77.0,87.5,1420.2,3,BMS-TH01
2026-08-16T14:27:30,LSVA0000DEMO00002,stopped,0,0,0,0,0,35.1,395.56,0.0,77.0,87.5,1417.0,3,BMS-TH01
2026-08-16T14:27:31,LSVA0000DEMO00002,stopped,0,0,0,0,0,35.1,395.58,0.0,77.0,87.5,1413.7,3,BMS-TH01
2026-08-16T14:27:32,LSVA0000DEMO00002,stopped,0,0,0,0,0,35.1,395.53,0.0,77.0,87.5,1410.5,3,BMS-TH01
2026-08-16T14:27:33,LSVA0000DEMO00002,stopped,0,0,0,0,0,35.1,395.43,0.0,77.0,87.6,1407.4,3,BMS-TH01
2026-08-16T14:27:34,LSVA0000DEMO00002,stopped,0,0,0,0,0,35.1,395.32,0.0,77.0,87.6,1404.5,3,BMS-TH01
2026-08-16T14:27:35,LSVA0000DEMO00002,stopped,0,0,0,0,0,35.1,395.25,0.0,77.0,87.6,1401.9,3,BMS-TH01
2026-08-16T14:27:36,LSVA0000DEMO00002,stopped,0,0,0,0,0,35.1,395.24,0.0,77.0,87.7,1399.7,3,BMS-TH01
2026-08-16T14:27:37,LSVA0000DEMO00002,stopped,0,0,0,0,0,35.1,395.3,0.0,77.0,87.7,1397.8,3,BMS-TH01
2026-08-16T14:27:38,LSVA0000DEMO00002,stopped,0,0,0,0,0,35.1,395.39,0.0,77.0,87.7,1396.4,3,BMS-TH01
2026-08-16T14:27:39,LSVA0000DEMO00002,stopped,0,0,0,0,0,35.1,395.47,0.0,77.0,87.7,1395.4,3,BMS-TH01
2026-08-16T14:27:40,LSVA0000DEMO00002,stopped,0,0,0,0,0,35.1,395.49,0.0,77.0,87.7,1394.8,3,BMS-TH01
2026-08-16T14:27:41,LSVA0000DEMO00002,stopped,0,0,0,0,0,35.1,395.44,0.0,77.0,87.7,1394.6,3,BMS-TH01
2026-08-16T14:27:42,LSVA0000DEMO00002,stopped,0,0,0,0,0,35.1,395.34,0.0,77.0,87.8,1394.6,3,BMS-TH01
2026-08-16T14:27:43,LSVA0000DEMO00002,stopped,0,0,0,0,0,35.1,395.23,0.0,77.0,87.8,1394.9,3,BMS-TH01
2026-08-16T14:27:44,LSVA0000DEMO00002,stopped,0,0,0,0,0,35.1,395.16,0.0,77.0,87.8,1395.2,3,BMS-TH01
2026-08-16T14:27:45,LSVA0000DEMO00002,stopped,0,0,0,0,0,35.1,395.16,0.0,77.0,87.8,1395.6,3,BMS-TH01
2026-08-16T14:27:46,LSVA0000DEMO00002,stopped,0,0,0,0,0,35.1,395.22,0.0,77.0,87.8,1395.9,3,BMS-TH01
2026-08-16T14:27:47,LSVA0000DEMO00002,stopped,0,0,0,0,0,35.1,395.31,0.0,77.0,87.8,1396.1,3,BMS-TH01
2026-08-16T14:27:48,LSVA0000DEMO00002,stopped,0,0,0,0,0,35.1,395.39,0.0,77.0,87.9,1395.9,3,BMS-TH01
2026-08-16T14:27:49,LSVA0000DEMO00002,stopped,0,0,0,0,0,35.1,395.41,0.0,77.0,87.9,1395.5,3,BMS-TH01
2026-08-16T14:27:50,LSVA0000DEMO00002,stopped,0,0,0,0,0,35.1,395.36,0.0,77.0,88.0,1394.7,3,BMS-TH01
2026-08-16T14:27:51,LSVA0000DEMO00002,stopped,0,0,0,0,0,35.1,395.25,0.0,77.0,88.0,1393.5,3,BMS-TH01
2026-08-16T14:27:52,LSVA0000DEMO00002,stopped,0,0,0,0,0,35.1,395.14,0.0,77.0,88.0,1391.9,3,BMS-TH01
2026-08-16T14:27:53,LSVA0000DEMO00002,stopped,0,0,0,0,0,35.1,395.07,0.0,77.0,88.0,1389.8,3,BMS-TH01
2026-08-16T14:27:54,LSVA0000DEMO00002,stopped,0,0,0,0,0,35.1,395.07,0.0,77.0,88.0,1387.4,3,BMS-TH01
2026-08-16T14:27:55,LSVA0000DEMO00002,stopped,0,0,0,0,0,35.1,395.13,0.0,77.0,88.0,1384.7,3,BMS-TH01
2026-08-16T14:27:56,LSVA0000DEMO00002,stopped,0,0,0,0,0,35.1,395.22,0.0,77.0,88.1,1381.6,3,BMS-TH01
2026-08-16T14:27:57,LSVA0000DEMO00002,stopped,0,0,0,0,0,35.1,395.3,0.0,77.0,88.1,1378.4,3,BMS-TH01
2026-08-16T14:27:58,LSVA0000DEMO00002,stopped,0,0,0,0,0,35.1,395.32,0.0,77.0,88.1,1375.2,3,BMS-TH01
2026-08-16T14:27:59,LSVA0000DEMO00002,stopped,0,0,0,0,0,35.1,395.27,0.0,77.0,88.1,1371.9,3,BMS-TH01
2026-08-16T14:28:00,LSVA0000DEMO00002,stopped,0,0,0,0,0,35.1,395.16,0.0,77.0,88.1,1368.7,3,BMS-TH01
2026-08-16T14:28:01,LSVA0000DEMO00002,stopped,0,0,0,0,0,35.1,395.06,0.0,77.0,88.1,1365.8,3,BMS-TH01
2026-08-16T14:28:02,LSVA0000DEMO00002,stopped,0,0,0,0,0,35.1,394.99,0.0,77.0,88.2,1363.1,3,BMS-TH01
2026-08-16T14:28:03,LSVA0000DEMO00002,stopped,0,0,0,0,0,35.1,394.98,0.0,77.0,88.2,1360.7,3,BMS-TH01
2026-08-16T14:28:04,LSVA0000DEMO00002,stopped,0,0,0,0,0,35.1,395.05,0.0,77.0,88.3,1358.8,3,BMS-TH01
2026-08-16T14:28:05,LSVA0000DEMO00002,stopped,0,0,0,0,0,35.1,395.14,0.0,77.0,88.3,1357.2,3,BMS-TH01
2026-08-16T14:28:06,LSVA0000DEMO00002,stopped,0,0,0,0,0,35.1,395.21,0.0,77.0,88.3,1356.1,3,BMS-TH01
2026-08-16T14:28:07,LSVA0000DEMO00002,stopped,0,0,0,0,0,35.1,395.23,0.0,77.0,88.3,1355.4,3,BMS-TH01
2026-08-16T14:28:08,LSVA0000DEMO00002,stopped,0,0,0,0,0,35.1,395.18,0.0,77.0,88.3,1355.0,3,BMS-TH01
2026-08-16T14:28:09,LSVA0000DEMO00002,stopped,0,0,0,0,0,35.1,395.07,0.0,77.0,88.3,1355.0,3,BMS-TH01
2026-08-16T14:28:10,LSVA0000DEMO00002,stopped,0,0,0,0,0,35.1,394.97,0.0,77.0,88.4,1355.2,3,BMS-TH01
2026-08-16T14:28:11,LSVA0000DEMO00002,stopped,0,0,0,0,0,35.1,394.9,0.0,77.0,88.4,1355.5,3,BMS-TH01
2026-08-16T14:28:12,LSVA0000DEMO00002,stopped,0,0,0,0,0,35.1,394.9,0.0,77.0,88.4,1355.9,3,BMS-TH01
2026-08-16T14:28:13,LSVA0000DEMO00002,stopped,0,0,0,0,0,35.1,394.96,0.0,77.0,88.4,1356.2,3,BMS-TH01
2026-08-16T14:28:14,LSVA0000DEMO00002,stopped,0,0,0,0,0,35.1,395.06,0.0,77.0,88.4,1356.4,3,BMS-TH01
2026-08-16T14:28:15,LSVA0000DEMO00002,stopped,0,0,0,0,0,35.1,395.13,0.0,77.0,88.4,1356.4,3,BMS-TH01
2026-08-16T14:28:16,LSVA0000DEMO00002,stopped,0,0,0,0,0,35.1,395.14,0.0,77.0,88.4,1356.1,3,BMS-TH01
2026-08-16T14:28:17,LSVA0000DEMO00002,stopped,0,0,0,0,0,35.1,395.09,0.0,77.0,88.5,1355.4,3,BMS-TH01
2026-08-16T14:28:18,LSVA0000DEMO00002,stopped,0,0,0,0,0,35.1,394.99,0.0,77.0,88.5,1354.3,3,BMS-TH01
2026-08-16T14:28:19,LSVA0000DEMO00002,stopped,0,0,0,0,0,35.1,394.88,0.0,77.0,88.5,1352.8,3,BMS-TH01
2026-08-16T14:28:20,LSVA0000DEMO00002,stopped,0,0,0,0,0,35.1,394.81,0.0,77.0,88.5,1350.9,3,BMS-TH01
2026-08-16T14:28:21,LSVA0000DEMO00002,stopped,0,0,0,0,0,35.1,394.81,0.0,77.0,88.5,1348.6,3,BMS-TH01
2026-08-16T14:28:22,LSVA0000DEMO00002,stopped,0,0,0,0,0,35.1,394.88,0.0,77.0,88.5,1346.0,3,BMS-TH01
2026-08-16T14:28:23,LSVA0000DEMO00002,stopped,0,0,0,0,0,35.0,394.97,0.0,77.0,88.6,1343.0,3,BMS-TH01
2026-08-16T14:28:24,LSVA0000DEMO00002,stopped,0,0,0,0,0,35.0,395.04,0.0,77.0,88.6,1339.9,3,BMS-TH01
2026-08-16T14:28:25,LSVA0000DEMO00002,stopped,0,0,0,0,0,35.0,395.06,0.0,77.0,88.6,1336.6,3,BMS-TH01
2026-08-16T14:28:26,LSVA0000DEMO00002,stopped,0,0,0,0,0,35.0,395.0,0.0,77.0,88.6,1333.3,3,BMS-TH01
2026-08-16T14:28:27,LSVA0000DEMO00002,stopped,0,0,0,0,0,35.0,394.9,0.0,77.0,88.6,1330.1,3,BMS-TH01
2026-08-16T14:28:28,LSVA0000DEMO00002,stopped,0,0,0,0,0,35.0,394.79,0.0,77.0,88.6,1327.1,3,BMS-TH01
2026-08-16T14:28:29,LSVA0000DEMO00002,stopped,0,0,0,0,0,35.0,394.72,0.0,77.0,88.6,1324.3,3,BMS-TH01
2026-08-16T14:28:30,LSVA0000DEMO00002,stopped,0,0,0,0,0,35.0,394.73,0.0,77.0,88.6,1321.9,3,BMS-TH01
2026-08-16T14:28:31,LSVA0000DEMO00002,stopped,0,0,0,0,0,35.0,394.79,0.0,77.0,88.7,1319.8,3,BMS-TH01
2026-08-16T14:28:32,LSVA0000DEMO00002,stopped,0,0,0,0,0,35.0,394.89,0.0,77.0,88.7,1318.1,3,BMS-TH01
2026-08-16T14:28:33,LSVA0000DEMO00002,stopped,0,0,0,0,0,35.0,394.96,0.0,77.0,88.7,1316.8,3,BMS-TH01
2026-08-16T14:28:34,LSVA0000DEMO00002,stopped,0,0,0,0,0,35.0,394.97,0.0,77.0,88.7,1316.0,3,BMS-TH01
2026-08-16T14:28:35,LSVA0000DEMO00002,stopped,0,0,0,0,0,35.0,394.91,0.0,77.0,88.7,1315.5,3,BMS-TH01
2026-08-16T14:28:36,LSVA0000DEMO00002,stopped,0,0,0,0,0,35.0,394.81,0.0,77.0,88.7,1315.4,3,BMS-TH01
2026-08-16T14:28:37,LSVA0000DEMO00002,stopped,0,0,0,0,0,35.0,394.7,0.0,77.0,88.7,1315.5,3,BMS-TH01
2026-08-16T14:28:38,LSVA0000DEMO00002,stopped,0,0,0,0,0,35.0,394.64,0.0,77.0,88.8,1315.8,3,BMS-TH01
2026-08-16T14:28:39,LSVA0000DEMO00002,stopped,0,0,0,0,0,35.0,394.64,0.0,77.0,88.8,1316.2,3,BMS-TH01
2026-08-16T14:28:40,LSVA0000DEMO00002,stopped,0,0,0,0,0,35.0,394.71,0.0,77.0,88.8,1316.5,3,BMS-TH01
2026-08-16T14:28:41,LSVA0000DEMO00002,stopped,0,0,0,0,0,35.0,394.8,0.0,77.0,88.8,1316.8,3,BMS-TH01
2026-08-16T14:28:42,LSVA0000DEMO00002,stopped,0,0,0,0,0,35.0,394.87,0.0,77.0,88.8,1316.9,3,BMS-TH01
2026-08-16T14:28:43,LSVA0000DEMO00002,stopped,0,0,0,0,0,35.0,394.88,0.0,77.0,88.8,1316.6,3,BMS-TH01
2026-08-16T14:28:44,LSVA0000DEMO00002,stopped,0,0,0,0,0,35.0,394.82,0.0,77.0,88.8,1316.1,3,BMS-TH01
2026-08-16T14:28:45,LSVA0000DEMO00002,stopped,0,0,0,0,0,35.0,394.72,0.0,77.0,88.9,1315.1,3,BMS-TH01
2026-08-16T14:28:46,LSVA0000DEMO00002,stopped,0,0,0,0,0,35.0,394.61,0.0,77.0,88.9,1313.8,3,BMS-TH01
2026-08-16T14:28:47,LSVA0000DEMO00002,stopped,0,0,0,0,0,35.0,394.55,0.0,77.0,88.9,1312.0,3,BMS-TH01
2026-08-16T14:28:48,LSVA0000DEMO00002,stopped,0,0,0,0,0,35.0,394.56,0.0,77.0,88.9,1309.8,3,BMS-TH01
2026-08-16T14:28:49,LSVA0000DEMO00002,stopped,0,0,0,0,0,35.0,394.62,0.0,77.0,88.9,1307.3,3,BMS-TH01
2026-08-16T14:28:50,LSVA0000DEMO00002,stopped,0,0,0,0,0,35.0,394.72,0.0,77.0,88.9,1304.4,3,BMS-TH01
2026-08-16T14:28:51,LSVA0000DEMO00002,stopped,0,0,0,0,0,35.0,394.79,0.0,77.0,88.9,1301.3,3,BMS-TH01
2026-08-16T14:28:52,LSVA0000DEMO00002,stopped,0,0,0,0,0,35.0,394.8,0.0,77.0,89.0,1298.1,3,BMS-TH01
2026-08-16T14:28:53,LSVA0000DEMO00002,stopped,0,0,0,0,0,35.0,394.73,0.0,77.0,89.0,1294.8,3,BMS-TH01
2026-08-16T14:28:54,LSVA0000DEMO00002,stopped,0,0,0,0,0,35.0,394.63,0.0,77.0,89.0,1291.6,3,BMS-TH01
2026-08-16T14:28:55,LSVA0000DEMO00002,stopped,0,0,0,0,0,35.0,394.52,0.0,77.0,89.0,1288.5,3,BMS-TH01
2026-08-16T14:28:56,LSVA0000DEMO00002,stopped,0,0,0,0,0,35.0,394.46,0.0,77.0,89.0,1285.6,3,BMS-TH01
2026-08-16T14:28:57,LSVA0000DEMO00002,stopped,0,0,0,0,0,35.0,394.47,0.0,77.0,89.0,1283.0,3,BMS-TH01
2026-08-16T14:28:58,LSVA0000DEMO00002,stopped,0,0,0,0,0,35.0,394.54,0.0,77.0,89.0,1280.8,3,BMS-TH01
2026-08-16T14:28:59,LSVA0000DEMO00002,stopped,0,0,0,0,0,35.0,394.63,0.0,77.0,89.0,1279.0,3,BMS-TH01
2026-08-16T14:29:00,LSVA0000DEMO00002,stopped,0,0,0,0,0,35.1,394.7,0.0,77.0,89.1,1277.6,3,BMS-TH01
2026-08-16T14:29:01,LSVA0000DEMO00002,stopped,0,0,0,0,0,35.1,394.71,0.0,77.0,89.1,1276.6,3,BMS-TH01
2026-08-16T14:29:02,LSVA0000DEMO00002,stopped,0,0,0,0,0,35.1,394.64,0.0,77.0,89.1,1276.0,3,BMS-TH01
2026-08-16T14:29:03,LSVA0000DEMO00002,stopped,0,0,0,0,0,35.1,394.54,0.0,77.0,89.0,1275.8,3,BMS-TH01
2026-08-16T14:29:04,LSVA0000DEMO00002,stopped,0,0,0,0,0,35.1,394.43,0.0,77.0,89.0,1275.8,3,BMS-TH01
2026-08-16T14:29:05,LSVA0000DEMO00002,stopped,0,0,0,0,0,35.1,394.37,0.0,77.0,89.1,1276.1,3,BMS-TH01
2026-08-16T14:29:06,LSVA0000DEMO00002,stopped,0,0,0,0,0,35.1,394.38,0.0,77.0,89.1,1276.5,3,BMS-TH01
2026-08-16T14:29:07,LSVA0000DEMO00002,stopped,0,0,0,0,0,35.1,394.46,0.0,77.0,89.1,1276.8,3,BMS-TH01
2026-08-16T14:29:08,LSVA0000DEMO00002,stopped,0,0,0,0,0,35.1,394.55,0.0,77.0,89.1,1277.1,3,BMS-TH01
2026-08-16T14:29:09,LSVA0000DEMO00002,stopped,0,0,0,0,0,35.1,394.62,0.0,77.0,89.1,1277.3,3,BMS-TH01
2026-08-16T14:29:10,LSVA0000DEMO00002,stopped,0,0,0,0,0,35.1,394.62,0.0,77.0,89.1,1277.2,3,BMS-TH01
2026-08-16T14:29:11,LSVA0000DEMO00002,stopped,0,0,0,0,0,35.1,394.56,0.0,77.0,89.1,1276.7,3,BMS-TH01
2026-08-16T14:29:12,LSVA0000DEMO00002,stopped,0,0,0,0,0,35.1,394.45,0.0,77.0,89.1,1275.9,3,BMS-TH01
2026-08-16T14:29:13,LSVA0000DEMO00002,stopped,0,0,0,0,0,35.1,394.34,0.0,77.0,89.2,1274.7,3,BMS-TH01
2026-08-16T14:29:14,LSVA0000DEMO00002,stopped,0,0,0,0,0,35.1,394.29,0.0,77.0,89.2,1273.0,3,BMS-TH01
2026-08-16T14:29:15,LSVA0000DEMO00002,stopped,0,0,0,0,0,35.1,394.3,0.0,77.0,89.2,1271.0,3,BMS-TH01
2026-08-16T14:29:16,LSVA0000DEMO00002,stopped,0,0,0,0,0,35.1,394.37,0.0,77.0,89.1,1268.5,3,BMS-TH01
2026-08-16T14:29:17,LSVA0000DEMO00002,stopped,0,0,0,0,0,35.1,394.46,0.0,77.0,89.1,1265.7,3,BMS-TH01
2026-08-16T14:29:18,LSVA0000DEMO00002,stopped,0,0,0,0,0,35.1,394.53,0.0,77.0,89.1,1262.7,3,BMS-TH01
2026-08-16T14:29:19,LSVA0000DEMO00002,stopped,0,0,0,0,0,35.1,394.53,0.0,77.0,89.2,1259.5,3,BMS-TH01
2026-08-16T14:29:20,LSVA0000DEMO00002,stopped,0,0,0,0,0,35.1,394.47,0.0,77.0,89.2,1256.2,3,BMS-TH01
2026-08-16T14:29:21,LSVA0000DEMO00002,stopped,0,0,0,0,0,35.1,394.36,0.0,77.0,89.2,1253.0,3,BMS-TH01
2026-08-16T14:29:22,LSVA0000DEMO00002,stopped,0,0,0,0,0,35.1,394.25,0.0,77.0,89.2,1249.8,3,BMS-TH01
2026-08-16T14:29:23,LSVA0000DEMO00002,stopped,0,0,0,0,0,35.1,394.2,0.0,77.0,89.2,1246.9,3,BMS-TH01
2026-08-16T14:29:24,LSVA0000DEMO00002,stopped,0,0,0,0,0,35.1,394.21,0.0,77.0,89.2,1244.2,3,BMS-TH01
2026-08-16T14:29:25,LSVA0000DEMO00002,stopped,0,0,0,0,0,35.1,394.29,0.0,77.0,89.2,1241.9,3,BMS-TH01
2026-08-16T14:29:26,LSVA0000DEMO00002,stopped,0,0,0,0,0,35.1,394.38,0.0,77.0,89.2,1239.9,3,BMS-TH01
2026-08-16T14:29:27,LSVA0000DEMO00002,stopped,0,0,0,0,0,35.1,394.44,0.0,77.0,89.2,1238.4,3,BMS-TH01
2026-08-16T14:29:28,LSVA0000DEMO00002,stopped,0,0,0,0,0,35.1,394.45,0.0,77.0,89.2,1237.3,3,BMS-TH01
2026-08-16T14:29:29,LSVA0000DEMO00002,stopped,0,0,0,0,0,35.1,394.38,0.0,77.0,89.2,1236.6,3,BMS-TH01
2026-08-16T14:29:30,LSVA0000DEMO00002,stopped,0,0,0,0,0,35.1,394.27,0.0,77.0,89.2,1236.3,3,BMS-TH01
2026-08-16T14:29:31,LSVA0000DEMO00002,stopped,0,0,0,0,0,35.1,394.17,0.0,77.0,89.2,1236.2,3,BMS-TH01
2026-08-16T14:29:32,LSVA0000DEMO00002,stopped,0,0,0,0,0,35.1,394.11,0.0,77.0,89.2,1236.4,3,BMS-TH01
2026-08-16T14:29:33,LSVA0000DEMO00002,stopped,0,0,0,0,0,35.1,394.13,0.0,77.0,89.2,1236.7,3,BMS-TH01
2026-08-16T14:29:34,LSVA0000DEMO00002,stopped,0,0,0,0,0,35.1,394.2,0.0,77.0,89.3,1237.1,3,BMS-TH01
2026-08-16T14:29:35,LSVA0000DEMO00002,stopped,0,0,0,0,0,35.1,394.29,0.0,77.0,89.3,1237.5,3,BMS-TH01
2026-08-16T14:29:36,LSVA0000DEMO00002,stopped,0,0,0,0,0,35.1,394.36,0.0,77.0,89.3,1237.7,3,BMS-TH01
2026-08-16T14:29:37,LSVA0000DEMO00002,stopped,0,0,0,0,0,35.1,394.36,0.0,77.0,89.2,1237.6,3,BMS-TH01
2026-08-16T14:29:38,LSVA0000DEMO00002,stopped,0,0,0,0,0,35.1,394.29,0.0,77.0,89.2,1237.3,3,BMS-TH01
2026-08-16T14:29:39,LSVA0000DEMO00002,stopped,0,0,0,0,0,35.1,394.18,0.0,77.0,89.2,1236.6,3,BMS-TH01
2026-08-16T14:29:40,LSVA0000DEMO00002,stopped,0,0,0,0,0,35.1,394.08,0.0,77.0,89.3,1235.5,3,BMS-TH01
2026-08-16T14:29:41,LSVA0000DEMO00002,stopped,0,0,0,0,0,35.1,394.02,0.0,77.0,89.3,1234.0,3,BMS-TH01
2026-08-16T14:29:42,LSVA0000DEMO00002,stopped,0,0,0,0,0,35.1,394.04,0.0,77.0,89.3,1232.1,3,BMS-TH01
2026-08-16T14:29:43,LSVA0000DEMO00002,stopped,0,0,0,0,0,35.1,394.12,0.0,77.0,89.3,1229.7,3,BMS-TH01
2026-08-16T14:29:44,LSVA0000DEMO00002,stopped,0,0,0,0,0,35.1,394.21,0.0,77.0,89.3,1227.1,3,BMS-TH01
2026-08-16T14:29:45,LSVA0000DEMO00002,stopped,0,0,0,0,0,35.1,394.27,0.0,77.0,89.3,1224.1,3,BMS-TH01
2026-08-16T14:29:46,LSVA0000DEMO00002,stopped,0,0,0,0,0,35.1,394.27,0.0,77.0,89.3,1221.0,3,BMS-TH01
2026-08-16T14:29:47,LSVA0000DEMO00002,stopped,0,0,0,0,0,35.1,394.2,0.0,77.0,89.3,1217.7,3,BMS-TH01
2026-08-16T14:29:48,LSVA0000DEMO00002,stopped,0,0,0,0,0,35.1,394.09,0.0,77.0,89.3,1214.4,3,BMS-TH01
2026-08-16T14:29:49,LSVA0000DEMO00002,stopped,0,0,0,0,0,35.1,393.99,0.0,77.0,89.3,1211.2,3,BMS-TH01
2026-08-16T14:29:50,LSVA0000DEMO00002,stopped,0,0,0,0,0,35.1,393.94,0.0,77.0,89.3,1208.2,3,BMS-TH01
2026-08-16T14:29:51,LSVA0000DEMO00002,stopped,0,0,0,0,0,35.1,393.96,0.0,77.0,89.3,1205.4,3,BMS-TH01
2026-08-16T14:29:52,LSVA0000DEMO00002,stopped,0,0,0,0,0,35.1,394.03,0.0,77.0,89.3,1203.0,3,BMS-TH01
2026-08-16T14:29:53,LSVA0000DEMO00002,stopped,0,0,0,0,0,35.1,394.12,0.0,77.0,89.3,1200.9,3,BMS-TH01
2026-08-16T14:29:54,LSVA0000DEMO00002,stopped,0,0,0,0,0,35.1,394.19,0.0,77.0,89.3,1199.2,3,BMS-TH01
2026-08-16T14:29:55,LSVA0000DEMO00002,stopped,0,0,0,0,0,35.1,394.18,0.0,77.0,89.3,1198.0,3,BMS-TH01
2026-08-16T14:29:56,LSVA0000DEMO00002,stopped,0,0,0,0,0,35.1,394.11,0.0,77.0,89.3,1197.2,3,BMS-TH01
2026-08-16T14:29:57,LSVA0000DEMO00002,stopped,0,0,0,0,0,35.1,394.0,0.0,77.0,89.3,1196.7,3,BMS-TH01
2026-08-16T14:29:58,LSVA0000DEMO00002,stopped,0,0,0,0,0,35.1,393.9,0.0,77.0,89.3,1196.6,3,BMS-TH01
2026-08-16T14:29:59,LSVA0000DEMO00002,stopped,0,0,0,0,0,35.1,394.0,0.0,77.0,89.3,1200.0,3,BMS-TH01
